Status,Adult Mortality,infant deaths,Hepatitis B,Polio,Diphtheria,HIV/AIDS,thinness  1-19 years,thinness 5-9 years,Schooling,Life expectancy
-0.45446806118581407,-0.21438551409264978,-0.23967275719562342,0.6929254895914368,0.6634414270272342,0.6626741350743978,-0.3252071002831591,0.131912716956443,0.10024030525053204,1.1382489019058986,71.9
-0.45446806118581407,-0.13333597392846944,-0.14719700224406426,0.5785602216666998,-0.7077058597199888,-0.2281742618273428,-0.26511771772008974,-0.8123388977562612,-0.8029613287976952,0.29648520457199967,72.8
2.200374647650189,-0.5547935827822071,-0.2564865308231796,0.6929254895914368,0.6205930743163834,0.6202527828409815,-0.3252071002831591,-0.9472319855723618,-0.9791957939778371,1.0447196022021323,78.5
-0.45446806118581407,1.8118529900118587,0.5421677164857402,-0.5650924575806698,-3.3643037277927332,-3.3249329748667265,0.13547816603370547,-0.7898567164535778,-0.8029613287976952,-1.9170415550838091,46.8
-0.45446806118581407,0.03686806041630928,-0.1724176626853986,-0.9844317733047054,0.1921095472078763,-3.1976689181664777,-0.3252071002831591,-0.6999279912428441,-0.7148440962076241,-0.5141020595273106,72.5
-0.45446806118581407,-0.027971571715034994,-0.23967275719562342,-0.4507271896559329,-0.7077058597199888,-0.652387784161505,-0.3252071002831591,1.4358792325120824,1.4219987941015961,0.14060303839905536,67.2
2.200374647650189,-1.2680295362269942,-0.2564865308231796,0.6929254895914368,0.6634414270272342,0.6626741350743978,-0.3252071002831591,-0.9022676229669949,-0.891078561387766,1.2629546348442546,83.0
-0.45446806118581407,-1.227504766144904,-0.23126587038184532,0.6929254895914368,0.6205930743163834,0.6202527828409815,-0.3252071002831591,0.33425234868059395,0.2985040785781915,0.7953081363254213,74.9
-0.45446806118581407,0.49074548533571916,-0.012686813223614622,-0.22199665380645894,-0.40776739074403373,-0.39785967076100764,-0.28514751190777954,0.5141097991020613,0.47473854375833335,-0.5452784927618993,65.1
2.200374647650189,-0.5547935827822071,-0.2564865308231796,0.12559904543917821,0.6205930743163834,0.6202527828409815,-0.3252071002831591,-0.7224101725455274,-0.7148440962076241,1.5123661007209648,78.9
-0.45446806118581407,-0.28733010024041206,-0.2564865308231796,0.7310472455663491,0.6205930743163834,0.6626741350743978,-0.3252071002831591,2.2002733968033183,2.170995271117199,-0.07763199424306644,78.0
-0.45446806118581407,-1.1545601799971417,-0.021093700037392724,-0.37448367770610824,-0.49346409616573517,-0.5675450796946725,-0.28514751190777954,0.49162761779937786,0.47473854375833335,-0.5452784927618993,65.5
-0.45446806118581407,0.4015909911551208,0.19748535712083795,-0.4507271896559329,-0.2363739799006309,-0.652387784161505,-0.3252071002831591,-0.8797854416643115,1.0475005555937944,-0.10880842747765573,68.4
-0.45446806118581407,-0.16575578999414156,-0.2564865308231796,0.6929254895914368,0.6634414270272342,0.7050954873078139,-0.3252071002831591,-0.34021309039990916,-0.36237516584734053,0.7641317030908326,75.0
-0.45446806118581407,4.478382861413392,-0.021093700037392724,-0.5269707016057575,-0.5791608015874367,-0.6099664319280887,5.72379074439915,0.9187890625503632,0.8932953985611704,-0.857042825107788,44.6
-0.45446806118581407,-1.1383502719643057,-0.13879011543028616,0.38795144179213825,-3.1500619642384797,0.2808819649736518,-0.26511771772008974,-0.7898567164535778,-0.7809320206501774,-0.7011606589348436,69.7
-0.45446806118581407,0.8473634620581126,-0.23126587038184532,0.7310472455663491,0.6634414270272342,0.6626741350743978,-0.06481977584319217,0.6490028869181619,0.6069143926434399,-1.012924991280732,62.0
-0.45446806118581407,-1.1140354099150516,-0.2564865308231796,0.4641949537419629,0.5348963688946821,0.3657246694404842,-0.3252071002831591,-1.0821250733884624,-1.067313026567908,-0.04645556100847768,65.3
2.200374647650189,-0.7736273412254941,-0.23967275719562342,0.3498296858172259,0.4920480161838313,0.5354100783741491,-0.3252071002831591,-0.8573032603616281,-0.8470199450927306,1.543542533955554,89.0
-0.45446806118581407,1.3336607030431946,-0.1892314363129548,-2.814276060100497,-1.436127855804451,-3.28251162263331,-0.16496874678164097,0.4016988925886442,0.34256269487322705,-0.6699842257002548,58.1
-0.45446806118581407,0.7338941058282602,-0.23967275719562342,0.08297739399283964,-0.06498056905722802,-0.05848885289367794,-0.3252071002831591,0.5141097991020613,0.47473854375833335,-0.5764549259964886,61.0
-0.45446806118581407,2.2414155528820143,0.012533847217719689,0.6929254895914368,0.6205930743163834,0.6202527828409815,1.8981000545504043,0.4016988925886442,0.3645920030207447,-0.45174919305813305,54.1
2.200374647650189,-0.7817322952419121,-0.2564865308231796,0.5785602216666998,0.7062897797380849,0.7050954873078139,-0.3252071002831591,-0.9022676229669949,-0.891078561387766,0.5770731036832994,81.4
-0.45446806118581407,0.19896714074466995,-0.2564865308231796,0.6166819776416121,0.5348963688946821,0.5354100783741491,-0.3252071002831591,-0.6549636286374771,-0.6267268636175533,1.2629546348442546,73.0
-0.45446806118581407,2.1846808747670883,0.4160644142790687,-0.1457531418566343,-0.49346409616573517,-3.155247565933062,2.8995897639348924,-0.22780218388649198,-0.25222862510975186,-1.4805714897995654,58.0
-0.45446806118581407,0.5636900714834815,-0.24807964400940152,0.6548037336165246,0.5777447216055328,0.5778314306075653,-0.26511771772008974,2.7398457480677214,2.831874515542731,-0.48292562629272184,67.0
-0.45446806118581407,0.19086218672825192,-0.2564865308231796,-2.661789036200848,0.4920480161838313,-3.1128262136996456,-0.3252071002831591,-0.8348210790589446,-0.8249906369452128,-0.857042825107788,68.3
2.200374647650189,-0.7898372492583302,-0.2564865308231796,0.23546441789248895,0.4920480161838313,0.40814602167390046,-0.3252071002831591,-0.9472319855723618,-0.9351371776828016,0.8576610027945993,79.0
-0.45446806118581407,-0.28733010024041206,-0.004279926409836519,0.23546441789248895,-3.1500619642384797,-3.1128262136996456,-0.3252071002831591,0.019501810443025812,-0.009906235487056637,-0.04645556100847768,72.4
2.200374647650189,-0.7574174331926581,-0.24807964400940152,-2.928641328025234,0.5777447216055328,0.5778314306075653,-0.3252071002831591,-0.8797854416643115,-0.8690492532402484,1.3876603677826098,79.8
-0.45446806118581407,-0.04418147974787106,-0.23967275719562342,0.1592209059426643,0.020716136364473427,0.026353851573154497,-0.3252071002831591,1.4133970512093985,1.3999694859540786,0.14060303839905536,67.4
-0.45446806118581407,-0.21438551409264978,-0.24807964400940152,0.7691690015412614,0.7062897797380849,0.7050954873078139,-0.3252071002831591,0.5141097991020613,0.43067992746329803,-0.5141020595273106,72.6
-0.45446806118581407,-1.235609720161322,-0.23126587038184532,0.7691690015412614,0.7062897797380849,0.7050954873078139,-0.3252071002831591,0.3117701673779104,0.2985040785781915,0.7017788366216551,74.7
-0.45446806118581407,0.11791760058048961,-0.1640107758716205,0.3498296858172259,0.1921095472078763,0.23846061274023558,-0.30517730609546934,-0.6774458099401607,1.3338815615115251,-0.35821989335436627,68.3
-0.45446806118581407,1.8604827141103668,0.13023026261061313,-2.356814988401549,-3.407152080503584,-2.688612691365483,0.5961634323505701,1.0986465129718308,1.0475005555937944,-1.8858651218492204,49.6
-0.45446806118581407,-0.06849634179712516,-0.2564865308231796,0.7691690015412614,0.5777447216055328,0.5354100783741491,-0.3252071002831591,-0.2727665464918588,-0.29628724140478724,-3.756451115924552,73.6
-0.45446806118581407,-0.6115282608971334,-0.23967275719562342,0.5023167097168753,0.4063513107621299,0.40814602167390046,-0.3252071002831591,-0.9247498042696785,-0.891078561387766,0.9823667357329543,79.1
-0.45446806118581407,3.6192577356730804,0.10500960216927882,0.08297739399283964,0.14926119449702557,0.11119655603998693,3.3803048244394476,0.5590741617074283,0.5408264682008868,-0.7011606589348436,44.6
-0.45446806118581407,0.05307796844914534,-0.24807964400940152,0.5023167097168753,0.5348963688946821,0.45056737390731666,0.095418577658326,-0.6549636286374771,-0.6707854799125887,-0.20233772718142198,72.6
2.200374647650189,-0.8384669733568384,-0.23967275719562342,0.6548037336165246,0.5777447216055328,0.5778314306075653,-0.3252071002831591,-0.9921963481777287,-0.9791957939778371,1.3253075013134321,81.6
2.200374647650189,-0.7817322952419121,-0.23126587038184532,0.1618176052626944,0.6205930743163834,0.7050954873078139,-0.3252071002831591,-0.7224101725455274,-0.7809320206501774,0.8576610027945993,82.1
-0.45446806118581407,-0.20628056007623174,-0.24807964400940152,0.5023167097168753,0.4491996634729806,0.40814602167390046,-0.22505812934471028,-0.6999279912428441,-0.7148440962076241,0.23413233810282216,75.2
-0.45446806118581407,0.028763106399891245,-0.22285898356806721,0.27358617386740125,0.1921095472078763,0.19603926050681936,-0.3252071002831591,-0.5650349034267435,-0.5826682473225179,0.04707373869528856,71.5
-0.45446806118581407,-0.6925778010613137,-0.23967275719562342,-2.471180256326286,0.234957899918727,0.23846061274023558,-0.3252071002831591,-0.9921963481777287,-1.0012251021253546,1.169425335140488,79.5
-0.45446806118581407,-0.1495458819613055,-0.2564865308231796,0.6929254895914368,0.6634414270272342,0.6202527828409815,-0.3252071002831591,0.4466632551940111,0.4086506193157802,0.9823667357329543,74.6
-0.45446806118581407,-0.32785487032250227,-0.03790747366494893,0.6548037336165246,0.5777447216055328,0.5778314306075653,-0.3252071002831591,0.019501810443025812,-0.03193554363457449,0.07825017192987786,73.2
-0.45446806118581407,-1.2599245822105762,-0.1892314363129548,0.7310472455663491,0.6634414270272342,0.6626741350743978,-0.3252071002831591,0.5815563430101116,0.5408264682008868,0.7641317030908326,74.1
-0.45446806118581407,-0.07660129581354319,-0.2564865308231796,0.7310472455663491,-3.1500619642384797,-3.1128262136996456,-0.18499854096933072,1.0536821503664637,1.003441939298759,-0.23351416041601072,69.9
2.200374647650189,-1.2761344902434122,-0.23126587038184532,0.1618176052626944,0.27780625262957775,0.5778314306075653,-0.3252071002831591,-0.7224101725455274,-0.7809320206501774,0.82648456956001,81.8
-0.45446806118581407,0.5393752094342273,-0.24807964400940152,0.7691690015412614,0.7062897797380849,0.7050954873078139,-0.3252071002831591,-0.6099992660321103,-0.5826682473225179,0.82648456956001,67.8
-0.45446806118581407,0.19896714074466995,-0.2564865308231796,-2.2043279645019,0.6634414270272342,0.7050954873078139,-0.30517730609546934,-0.4975883595186931,-0.5165803228799646,0.015897305460699812,72.9
-0.45446806118581407,-0.976251191635945,0.5589814901132965,-0.5650924575806698,-1.7789146774912568,-1.8826069989305751,0.07538878347063621,-0.7224101725455274,-0.7148440962076241,-2.16645302096052,45.7
-0.45446806118581407,-1.24371467417774,-0.23967275719562342,0.6166819776416121,0.6205930743163834,0.6202527828409815,-0.3252071002831591,-0.8797854416643115,-0.8690492532402484,0.5770731036832994,77.8
-0.45446806118581407,1.5930192315685718,0.37402998021017814,-0.26011840978137124,-0.40776739074403373,-0.4827023752278401,0.15550796022139524,0.8963068812476798,0.8492367822661351,-0.8258663918731991,51.0
-0.45446806118581407,-0.7817322952419121,-0.24807964400940152,0.7691690015412614,0.5348963688946821,0.5354100783741491,-0.3252071002831591,-0.8573032603616281,-0.8470199450927306,1.1382489019058986,84.0
-0.45446806118581407,-1.3247642143419205,-0.24807964400940152,-0.03138787393189733,-0.3220706853223323,-0.18575290959392657,-0.3252071002831591,-0.047944733465024446,-0.07599415992960999,0.35883807104117715,74.1
-0.45446806118581407,0.27191172689243226,-0.2564865308231796,0.12109914996775197,-3.1929103169493303,-0.18575290959392657,-0.3252071002831591,-1.0821250733884624,-1.067313026567908,-0.04645556100847768,66.3
-0.45446806118581407,1.5687043695193177,0.34880931976884383,-0.1457531418566343,-0.3220706853223323,-0.31301696629417525,0.17553775440908503,0.8738246999449965,0.8051781659710994,-0.5452784927618993,56.0
-0.45446806118581407,1.3985003351745389,0.037754507659054,-0.8319447494050561,-1.136189386828496,-1.246286715429332,0.25565693115984406,1.1211286942745142,1.09155917188883,-2.0417472880221648,52.9
-0.45446806118581407,0.40969594517153884,-0.2564865308231796,0.6166819776416121,0.4063513107621299,0.5354100783741491,-0.28514751190777954,0.131912716956443,0.07821099710301418,-0.5452784927618993,66.2
-0.45446806118581407,-0.23059542212548584,-0.2564865308231796,-2.661789036200848,0.3635029580512792,0.49298872614073286,-0.3252071002831591,-0.54255272212406,-0.5386096310274824,-3.756451115924552,73.4
-0.45446806118581407,0.2800166809088503,-0.2564865308231796,0.5785602216666998,0.5348963688946821,0.49298872614073286,-0.3252071002831591,-0.6099992660321103,-0.5826682473225179,1.1070724686713098,71.9
-0.45446806118581407,-0.6763678930284777,-0.2564865308231796,0.7310472455663491,0.6634414270272342,0.6626741350743978,-0.3252071002831591,2.0878624902899015,2.06084873037961,-0.07763199424306644,75.9
-0.45446806118581407,-1.1950849500792318,-0.24807964400940152,0.7691690015412614,0.6634414270272342,0.6202527828409815,-0.3252071002831591,-0.6999279912428441,-0.6707854799125887,-0.35821989335436627,73.0
-0.45446806118581407,1.1958764847640881,0.16385780986572554,-1.403771089028741,-1.5218245612261525,-1.7129215899969104,-0.2050283351570205,0.3792167112859607,0.32053338672570936,-0.8851385831215677,55.0
-0.45446806118581407,-0.31974991630608424,-0.1892314363129548,0.3498296858172259,-0.19352562718978017,0.23846061274023558,-0.3252071002831591,-0.8573032603616281,-0.8470199450927306,0.4211909375103552,75.3
-0.45446806118581407,0.8959931861566208,-0.1724176626853986,-0.4507271896559329,-0.36491903803318304,-0.39785967076100764,-0.22505812934471028,-0.8123388977562612,-0.8029613287976952,-0.6388077924656661,62.9
2.200374647650189,-0.5872133988478794,-0.23126587038184532,0.27358617386740125,0.5777447216055328,0.45056737390731666,-0.3252071002831591,-0.8348210790589446,-0.8470199450927306,1.294131068078843,78.3
-0.45446806118581407,0.004448244350637142,2.8456547034609403,-0.26011840978137124,-0.4506157434548845,-0.4402810229944239,-0.3252071002831591,3.346864643240174,-0.6046975554700355,-1.3870421900957988,65.7
-0.45446806118581407,-0.6115282608971334,-0.2564865308231796,0.7691690015412614,0.7062897797380849,0.40814602167390046,-0.3252071002831591,0.3792167112859607,0.254445462283156,0.4211909375103552,76.0
-0.45446806118581407,-0.16575578999414156,-0.12197634180272997,0.5404384656917876,0.5348963688946821,0.5354100783741491,-0.26511771772008974,-0.7898567164535778,-0.7809320206501774,0.5770731036832994,72.6
-0.45446806118581407,-0.011761663682198926,-0.23967275719562342,-0.26011840978137124,-0.4506157434548845,-0.4402810229944239,-0.3252071002831591,1.480843595117449,1.4440281022491137,0.1094266051644666,66.9
-0.45446806118581407,0.7014742897625881,-0.03790747366494893,0.38795144179213825,-1.436127855804451,-1.2887080676627483,-0.22505812934471028,1.6157366829335496,1.57620395113422,-2.0729237212567533,57.9
-0.45446806118581407,-0.26301523819115796,-0.23126587038184532,0.6929254895914368,0.6205930743163834,0.6202527828409815,-0.3252071002831591,0.806378156036946,0.7390902415285464,0.14060303839905536,73.8
-0.45446806118581407,1.657858863699916,1.735945644042231,-0.06950962990680964,-1.1790377395393468,-2.009871055630824,0.5761336381628802,1.5258079577228156,1.4660574103966315,-2.2288058874296977,53.2
-0.45446806118581407,-1.211294858112068,-0.2564865308231796,0.7310472455663491,0.6205930743163834,0.5354100783741491,-0.3252071002831591,-0.6099992660321103,-0.6046975554700355,0.2653087713374109,75.1
-0.45446806118581407,0.7501040138610963,-0.206045209940511,-2.8523978160754093,0.7062897797380849,0.7050954873078139,-0.2050283351570205,-0.43014181561064285,-0.4064337821423759,0.39001450427576645,67.5
-0.45446806118581407,0.7582089678775142,-0.1808245494991767,-0.10763138588172197,-0.3220706853223323,-0.270595614060759,-0.12490915840626142,0.4241810738913276,0.38662131116826254,-0.7011606589348436,61.1
2.200374647650189,-1.24371467417774,-0.24807964400940152,-2.7761543041255847,0.5777447216055328,0.5354100783741491,-0.3252071002831591,-0.9247498042696785,-0.9131078695352839,1.8553068663014425,77.6
-0.45446806118581407,1.0824071285342356,-0.23126587038184532,0.5023167097168753,0.14926119449702557,0.19603926050681936,0.15550796022139524,1.0986465129718308,1.0695298637413124,-1.5741007895033319,56.6
-0.45446806118581407,1.406605289190957,-0.1892314363129548,-0.22199665380645894,-0.2363739799006309,-0.14333155736051037,0.516044255599811,0.7838959747342626,0.673002317085993,-0.6388077924656661,59.4
-0.45446806118581407,1.3660805191088667,-0.13879011543028616,-0.5650924575806698,-1.2218860922501973,-1.7129215899969104,0.27568672534753386,0.9187890625503632,0.8932953985611704,-0.48292562629272184,51.5
-0.45446806118581407,0.40969594517153884,-0.2564865308231796,0.7691690015412614,0.7062897797380849,0.7050954873078139,-0.16496874678164097,0.3567345299832773,0.32053338672570936,-0.5141020595273106,65.4
-0.45446806118581407,0.44211576123721097,14.035221052599596,-2.7761543041255847,-1.0504926814067945,-0.9917586020288347,-0.28514751190777954,5.055510422244114,5.1669811791796105,-1.1376307242190877,63.3
-0.45446806118581407,4.5270125855119,-0.029500586851170827,-0.41260543368102054,-0.664857507009138,-0.7372304886283374,6.384773952592912,1.0087177877610969,0.9814126311512414,-0.8882192583423772,44.3
-0.45446806118581407,-1.2680295362269942,-0.2564865308231796,0.7691690015412614,0.7062897797380849,0.7050954873078139,-0.3252071002831591,0.1768770795618099,0.05618168895549653,0.9200138692637768,77.6
-0.45446806118581407,0.4259058532043749,-0.1976383231267329,0.6929254895914368,0.6634414270272342,0.6626741350743978,-0.3252071002831591,-0.3626952717025926,-0.36237516584734053,-0.389396326588955,66.0
2.200374647650189,-0.6115282608971334,-0.2564865308231796,0.6166819776416121,0.06356448907532414,0.0687752038065707,-0.3252071002831591,-1.0371607107830956,-1.0232544102728724,1.3564839345480204,77.0
-0.45446806118581407,-0.07660129581354319,-0.23126587038184532,0.23546441789248895,-0.06498056905722802,0.11119655603998693,-0.3252071002831591,-0.6324814473347937,-0.648756171765071,0.015897305460699812,73.0
2.200374647650189,-0.8708867894225105,-0.2564865308231796,0.12559904543917821,0.5777447216055328,0.5354100783741491,-0.3252071002831591,-0.9921963481777287,-1.0012251021253546,1.0447196022021323,82.3
-0.45446806118581407,-0.8141521113075842,-0.2564865308231796,0.7691690015412614,0.7062897797380849,0.7050954873078139,-0.3252071002831591,1.975451583776484,1.9507021896420216,0.1094266051644666,77.9
2.200374647650189,-1.235609720161322,-0.2564865308231796,0.12559904543917821,0.6205930743163834,0.6202527828409815,-0.3252071002831591,-0.8123388977562612,-0.8690492532402484,1.3876603677826098,76.9
-0.45446806118581407,1.7632232659133504,-0.23967275719562342,0.7310472455663491,0.6634414270272342,0.6626741350743978,1.1169380812305039,-0.13787345867575826,-0.14208208437216316,-0.20233772718142198,58.4
-0.45446806118581407,0.4988504393521372,-0.24807964400940152,0.7691690015412614,0.6634414270272342,0.6626741350743978,-0.3252071002831591,-0.3626952717025926,-0.318316549552305,0.9801611372058415,67.6
-0.45446806118581407,-1.1059304558986336,-0.11356945498895187,-2.7761543041255847,-0.9219476232742424,-3.240090270399894,0.31574631372291334,-0.13787345867575826,-0.14208208437216316,-1.1688071574536765,61.1
-0.45446806118581407,2.606138483620826,0.17226469667950364,0.1592209059426643,-0.15067727447892945,-0.01606750066026172,4.9426287710792485,1.076164331669147,1.488086718544149,0.2653087713374109,54.5
-0.45446806118581407,0.02065815238347321,-0.13879011543028616,0.5404384656917876,0.7062897797380849,-0.7796518408617537,-0.3252071002831591,0.2218414421671768,0.2103868459881207,-0.10173128462173259,67.6
-0.45446806118581407,-0.027971571715034994,-0.24807964400940152,0.7691690015412614,0.7062897797380849,0.7050954873078139,0.03532919509525665,-0.6774458099401607,-0.7148440962076241,0.1094266051644666,73.5
-0.45446806118581407,-0.5872133988478794,1.6855043231595623,0.7691690015412614,0.7062897797380849,0.7050954873078139,-0.3252071002831591,-0.16035563997844163,-0.29628724140478724,0.14060303839905536,75.0
2.200374647650189,-0.5791084448314613,-0.2564865308231796,0.12559904543917821,0.1921095472078763,0.19603926050681936,-0.3252071002831591,-0.8348210790589446,-0.891078561387766,1.4500132342517873,78.4
-0.45446806118581407,-0.13333597392846944,-0.24807964400940152,0.5023167097168753,0.4920480161838313,0.40814602167390046,-0.16496874678164097,-0.6774458099401607,-0.7148440962076241,0.14060303839905536,74.2
-0.45446806118581407,-0.9681462376195269,-0.012686813223614622,-0.6032142135555821,-0.8362509178525409,-0.7796518408617537,0.095418577658326,0.8963068812476798,0.8712660904136528,-1.1999835906882659,45.3
-0.45446806118581407,1.3985003351745389,-0.23126587038184532,-2.928641328025234,-1.3075827976718988,-3.3249329748667265,0.7163421974767086,1.076164331669147,1.0254712474462768,-0.9505721248115547,54.8
-0.45446806118581407,-0.0522864337642891,-0.2564865308231796,0.5404384656917876,0.3635029580512792,0.3657246694404842,-0.3252071002831591,-1.0821250733884624,-1.067313026567908,0.5147202372141214,71.6
-0.45446806118581407,-1.3004493522926663,0.3319955461412876,-0.18387489783154662,-0.36491903803318304,-0.35543831852759145,1.9181298487380944,-0.2727665464918588,-0.29628724140478724,-0.8882192583423772,53.8
-0.45446806118581407,-0.23059542212548584,-0.021093700037392724,0.5404384656917876,0.4920480161838313,0.49298872614073286,-0.30517730609546934,2.290202122014053,2.4133176607398945,-0.23351416041601072,74.6
-0.45446806118581407,-0.9357264215538548,4.543845839844117,-1.1369187972043546,-3.3643037277927332,-2.434084577964986,0.7163421974767086,1.997933765079168,1.9507021896420216,-1.3558657568612098,47.7
-0.45446806118581407,1.4876548293551373,0.13863714942439123,-1.403771089028741,-3.3643037277927332,-3.3249329748667265,-0.16496874678164097,0.6490028869181619,0.584885084495922,-0.8851385831215677,58.0
2.200374647650189,-0.7817322952419121,-0.2564865308231796,0.6166819776416121,0.5348963688946821,0.5354100783741491,-0.3252071002831591,-0.6999279912428441,-0.648756171765071,1.1382489019058986,81.1
-0.45446806118581407,-1.227504766144904,-0.23126587038184532,-1.9374756726775135,0.6634414270272342,0.6202527828409815,-0.3252071002831591,-0.9472319855723618,-0.9571664858303194,1.1070724686713098,79.0
-0.45446806118581407,-0.7006827550777318,-0.2564865308231796,0.12559904543917821,0.6634414270272342,0.6626741350743978,-0.3252071002831591,-0.9022676229669949,-0.9131078695352839,1.543542533955554,89.0
2.200374647650189,-0.34406477835533833,-0.2564865308231796,0.6929254895914368,0.5348963688946821,0.49298872614073286,-0.3252071002831591,-0.6774458099401607,-0.6707854799125887,0.2653087713374109,74.7
-0.45446806118581407,1.8037480359954408,-0.05472124729250514,0.6548037336165246,-0.3220706853223323,-0.01606750066026172,0.6762826091013291,0.806378156036946,0.7831488578235817,-2.2911587538988756,51.9
-0.45446806118581407,-0.5953183528642974,-0.2564865308231796,0.12559904543917821,0.7062897797380849,0.7050954873078139,-0.3252071002831591,-0.9022676229669949,-0.9131078695352839,1.543542533955554,79.7
-0.45446806118581407,-0.2468053301583219,-0.2564865308231796,-2.661789036200848,0.3635029580512792,0.49298872614073286,-0.3252071002831591,-0.5650349034267435,-0.5606389391750001,-3.756451115924552,73.5
-0.45446806118581407,1.0256724504193093,-0.23967275719562342,-0.1457531418566343,-0.19352562718978017,-0.05848885289367794,1.6577425242981274,0.4466632551940111,0.4086506193157802,0.1094266051644666,61.6
-0.45446806118581407,-0.9195165135210187,-0.11356945498895187,-1.2131623091541794,-1.6503696193587045,-1.5008148288298293,2.218576761553441,-0.8797854416643115,-0.8470199450927306,-2.010570854787576,45.7
-0.45446806118581407,0.1827572327118339,2.8624684770884965,-0.26011840978137124,-0.49346409616573517,-0.6099664319280887,-0.3252071002831591,3.7965082692938426,3.801164074033511,-2.0417472880221648,63.2
-0.45446806118581407,-0.04418147974787106,0.2899611120723971,0.7691690015412614,0.7062897797380849,0.7050954873078139,-0.3252071002831591,-0.40765963430795943,-0.42846309028989366,0.45236737074494393,73.3
-0.45446806118581407,0.15033741664616176,-0.2564865308231796,0.7691690015412614,-3.235758669660181,-3.1976689181664777,-0.26511771772008974,-0.09290909607039136,-0.09802346807712765,0.23413233810282216,71.6
-0.45446806118581407,-1.1464552259807237,-0.14719700224406426,-2.69991079217576,-0.02213221634637729,0.23846061274023558,-0.30517730609546934,-0.7898567164535778,-0.8029613287976952,0.7329552698562438,64.5
-0.45446806118581407,-1.0573007318001253,-0.23126587038184532,-2.928641328025234,-1.0933410341176453,-1.670500237763494,1.1169380812305039,0.9637534251557298,0.9373540148562057,-0.919395691576966,55.7
-0.45446806118581407,2.824972242064113,-0.004279926409836519,0.27358617386740125,-1.2218860922501973,-1.246286715429332,-0.00473039328012287,1.1211286942745142,-0.8690492532402484,-1.5117479230341542,48.0
-0.45446806118581407,-0.23870037614190387,-0.2564865308231796,0.5785602216666998,0.4920480161838313,0.49298872614073286,-0.3252071002831591,-0.6774458099401607,-0.6707854799125887,1.3876603677826098,76.3
-0.45446806118581407,3.6354676437059164,0.10500960216927882,0.19734266191757663,0.10641284178617486,0.0687752038065707,4.501973298950074,0.604038524312795,0.5628557763484043,-0.5452784927618993,44.6
2.200374647650189,-0.7168926631105679,-0.2564865308231796,0.3117079298423136,0.27780625262957775,0.2808819649736518,-0.3252071002831591,-1.0371607107830956,-1.0232544102728724,2.1982476318819204,79.9
2.200374647650189,0.1584423706625798,-0.2564865308231796,0.5023167097168753,0.4920480161838313,0.49298872614073286,-0.3252071002831591,-0.587517084729427,-0.5826682473225179,1.3564839345480204,72.6
-0.45446806118581407,0.4988504393521372,-0.24807964400940152,0.4641949537419629,-3.1500619642384797,0.5354100783741491,-0.3252071002831591,-0.6099992660321103,-0.5826682473225179,0.8888374360291881,69.8
2.200374647650189,0.43401080722079294,-0.2564865308231796,0.6166819776416121,0.5777447216055328,0.5778314306075653,-0.3252071002831591,-0.47510617821600976,-0.4725217065849292,0.5147202372141214,71.0
2.200374647650189,-1.1869799960628138,-0.03790747366494893,0.5023167097168753,0.4491996634729806,0.5354100783741491,-0.3252071002831591,-0.9472319855723618,-0.9571664858303194,0.12062082783594635,78.5
-0.45446806118581407,0.5636900714834815,-0.10516256817517376,0.3498296858172259,-0.02213221634637729,-0.01606750066026172,-0.06481977584319217,1.480843595117449,1.4660574103966315,-0.6388077924656661,62.9
2.200374647650189,-1.2680295362269942,-0.2564865308231796,0.5785602216666998,0.5777447216055328,0.7050954873078139,-0.3252071002831591,-0.9022676229669949,-0.891078561387766,0.45236737074494393,80.0
-0.45446806118581407,-0.28733010024041206,-0.1724176626853986,0.23546441789248895,0.4063513107621299,0.3657246694404842,-0.3252071002831591,-0.8573032603616281,-0.891078561387766,1.3253075013134321,74.8
-0.45446806118581407,-0.16575578999414156,-0.2564865308231796,-0.8319447494050561,-1.0933410341176453,-0.864494545328586,-0.3252071002831591,-1.059642892085779,-1.0452837184203903,0.2653087713374109,72.6
2.200374647650189,-0.3035400082732481,-0.2564865308231796,0.6929254895914368,0.4920480161838313,0.45056737390731666,-0.3252071002831591,-0.6324814473347937,-0.6267268636175533,0.04707373869528856,74.7
-0.45446806118581407,0.9689377723043832,-0.046314360478727036,-0.18387489783154662,-0.2792223326114816,-0.35543831852759145,0.05535898928294643,0.806378156036946,0.7611195496760641,-1.0441014245153215,56.8
-0.45446806118581407,2.9870713223924734,-0.012686813223614622,0.27358617386740125,-1.564672913937003,-1.6280788855300778,-0.10487936421857169,-0.8123388977562612,-0.7809320206501774,-1.6676300892070983,39.0
-0.45446806118581407,0.22328200279392404,-0.1892314363129548,0.5785602216666998,0.5348963688946821,0.49298872614073286,-0.3252071002831591,-0.8348210790589446,-0.8470199450927306,0.5458966704487107,71.0
-0.45446806118581407,0.8230486000088586,-0.206045209940511,0.5785602216666998,0.4920480161838313,0.49298872614073286,-0.24508792353240003,0.8288603373396294,0.7611195496760641,-2.197629454195109,64.0
-0.45446806118581407,-0.13333597392846944,-0.23967275719562342,0.7310472455663491,0.7062897797380849,0.6626741350743978,-0.3252071002831591,-0.6999279912428441,-0.7148440962076241,-0.13998486071224447,74.5
-0.45446806118581407,2.2089957368163424,0.2479266780035066,-0.18387489783154662,-1.0504926814067945,-0.35543831852759145,0.47598466722443145,0.3792167112859607,0.3645920030207447,-0.8851385831215677,54.0
-0.45446806118581407,-0.7817322952419121,-0.23967275719562342,-2.7380325481506724,0.7062897797380849,0.5354100783741491,-0.3252071002831591,-0.9921963481777287,-0.9791957939778371,1.2006017683750767,81.6
-0.45446806118581407,0.8230486000088586,-0.23126587038184532,0.6548037336165246,0.6205930743163834,0.5778314306075653,-0.00473039328012287,0.5815563430101116,0.5187971600533688,-0.9817485580461435,68.0
-0.45446806118581407,-0.21438551409264978,-0.22285898356806721,0.7691690015412614,0.7062897797380849,0.7050954873078139,-0.3252071002831591,2.357648665922103,2.325200428149823,0.2653087713374109,74.2
-0.45446806118581407,2.144156104684998,0.18067158349328175,-0.26011840978137124,-0.49346409616573517,-0.4827023752278401,4.461913710574694,2.357648665922103,2.8979624399852844,0.29648520457199967,56.0
-0.45446806118581407,-0.21438551409264978,-0.2564865308231796,-0.5650924575806698,-0.7505542124308395,-0.7796518408617537,-0.3252071002831591,-0.7673745351508944,-0.7809320206501774,-0.389396326588955,71.4
2.200374647650189,-1.235609720161322,-0.2564865308231796,0.7691690015412614,0.7062897797380849,0.7050954873078139,-0.3252071002831591,-0.6774458099401607,-0.648756171765071,0.9801611372058415,77.1
-0.45446806118581407,0.23949191082676013,-0.23126587038184532,0.27358617386740125,0.1921095472078763,0.15361790827340313,-0.28514751190777954,-0.6549636286374771,-0.6707854799125887,-0.32704346011977753,71.2
-0.45446806118581407,0.5231653014013913,-0.1976383231267329,0.6548037336165246,0.7062897797380849,0.6626741350743978,-0.3252071002831591,-0.3177309090972257,-0.318316549552305,-0.5764549259964886,63.3
-0.45446806118581407,-0.027971571715034994,0.3319955461412876,0.7691690015412614,0.7062897797380849,0.7050954873078139,-0.3252071002831591,-0.40765963430795943,-0.4064337821423759,0.5458966704487107,73.0
-0.45446806118581407,0.5717950254998995,-0.206045209940511,0.6548037336165246,0.5777447216055328,0.5778314306075653,-0.3252071002831591,-0.38517745300527595,-0.36237516584734053,-0.48292562629272184,64.5
-0.45446806118581407,3.789461770017859,-0.004279926409836519,-0.1457531418566343,-0.3220706853223323,-0.31301696629417525,3.7608709140055527,0.6490028869181619,0.6289437007909575,-0.7323370921694329,48.2
-0.45446806118581407,0.5150603473849733,-0.1976383231267329,0.7310472455663491,0.6634414270272342,0.6626741350743978,-0.3252071002831591,-0.38517745300527595,-0.36237516584734053,-0.4205727598235443,65.4
-0.45446806118581407,0.5474801634506454,-0.24807964400940152,0.5404384656917876,0.4491996634729806,0.45056737390731666,-0.26511771772008974,2.672399204159671,2.7657865911001775,-0.35821989335436627,67.4
2.200374647650189,-0.1495458819613055,-0.2564865308231796,0.12559904543917821,0.7062897797380849,0.7050954873078139,-0.3252071002831591,-0.7224101725455274,-0.7148440962076241,1.0447196022021323,75.0
-0.45446806118581407,-0.6925778010613137,-0.2564865308231796,0.7691690015412614,0.6634414270272342,0.7050954873078139,-0.3252071002831591,0.019501810443025812,-0.07599415992960999,-0.07763199424306644,77.0
2.200374647650189,0.45832566927004703,-0.2564865308231796,0.4641949537419629,0.4920480161838313,0.49298872614073286,-0.3252071002831591,-0.5650349034267435,-0.5606389391750001,1.294131068078843,78.0
2.200374647650189,-0.7087877090941498,-0.2564865308231796,0.6166819776416121,0.4920480161838313,0.49298872614073286,-0.3252071002831591,-1.0371607107830956,-1.0452837184203903,1.8241304330668533,79.7
-0.45446806118581407,-0.6358431229463876,-0.2564865308231796,0.7691690015412614,0.7062897797380849,0.7050954873078139,-0.3252071002831591,-0.8123388977562612,-0.7809320206501774,0.6706024033870658,76.9
2.200374647650189,-0.3926945024538465,-0.2564865308231796,0.6929254895914368,0.5777447216055328,0.5778314306075653,-0.3252071002831591,-0.7224101725455274,-0.7148440962076241,0.7017788366216551,76.0
2.200374647650189,-0.8060471572911663,-0.2564865308231796,0.3498296858172259,0.6634414270272342,0.6626741350743978,-0.3252071002831591,-0.9022676229669949,-0.8690492532402484,0.45236737074494393,78.7
2.200374647650189,0.09360273853123552,-0.2564865308231796,0.5404384656917876,0.4491996634729806,0.45056737390731666,-0.3252071002831591,-0.4975883595186931,-0.49455101473244684,1.3876603677826098,73.0
-0.45446806118581407,-0.6601579849956416,-0.2564865308231796,0.6548037336165246,0.5348963688946821,0.5778314306075653,-0.3252071002831591,-0.0029803708596575404,-0.09802346807712765,0.5147202372141214,76.6
-0.45446806118581407,0.6042148415655716,0.34880931976884383,0.23546441789248895,-0.2363739799006309,-0.39785967076100764,-0.26511771772008974,1.8855228585657509,1.9286728814945036,-1.3870421900957988,62.5
-0.45446806118581407,-1.1545601799971417,-0.2564865308231796,-0.1457531418566343,-0.19352562718978017,-0.18575290959392657,-0.3252071002831591,-0.7898567164535778,-0.7809320206501774,-1.4805714897995654,66.5
-0.45446806118581407,0.16654732467899783,-0.2564865308231796,-2.661789036200848,0.3635029580512792,-3.1128262136996456,-0.28514751190777954,0.2668058047725435,0.32053338672570936,0.1094266051644666,69.9
-0.45446806118581407,0.16654732467899783,-0.11356945498895187,0.7691690015412614,0.7062897797380849,0.7050954873078139,-0.3252071002831591,-0.43014181561064285,-0.4064337821423759,-0.015279127773888937,69.1
2.200374647650189,-0.6682629390120597,-0.2564865308231796,0.12559904543917821,0.3635029580512792,0.3657246694404842,-0.3252071002831591,-0.9247498042696785,-0.9351371776828016,1.6994247001284983,78.8
-0.45446806118581407,-1.1626651340135596,0.004126960403941585,-0.37448367770610824,0.3635029580512792,0.2808819649736518,-0.30517730609546934,2.807292291975771,2.8759331318377663,-0.7635135254040216,66.0
-0.45446806118581407,1.0013575883700554,-0.11356945498895187,0.6929254895914368,0.4491996634729806,0.6202527828409815,0.2155973427844645,0.3792167112859607,0.32053338672570936,-0.5764549259964886,61.0
-0.45446806118581407,-0.6682629390120597,-0.2564865308231796,0.6548037336165246,0.4920480161838313,0.5354100783741491,-0.3252071002831591,-0.34021309039990916,-0.34034585769982273,0.29648520457199967,74.6
-0.45446806118581407,0.06928787648198141,-0.23126587038184532,0.5404384656917876,0.4491996634729806,0.45056737390731666,-0.30517730609546934,-0.6549636286374771,-0.6707854799125887,-0.32704346011977753,72.5
-0.45446806118581407,0.8230486000088586,1.735945644042231,-2.69991079217576,-0.15067727447892945,-3.155247565933062,-0.12490915840626142,1.076164331669147,1.003441939298759,-0.8851385831215677,59.3
-0.45446806118581407,0.1422324626297437,0.012533847217719689,-0.8700665053799684,-0.8362509178525409,-1.034179954262251,-0.3252071002831591,0.08694835435107608,0.03415238080797867,-0.6076313592310774,68.9
-0.45446806118581407,-0.7817322952419121,-0.24807964400940152,0.7691690015412614,0.7062897797380849,0.7050954873078139,-0.3252071002831591,-0.7673745351508944,-0.8690492532402484,-0.10173128462173259,81.7
-0.45446806118581407,0.15033741664616176,-0.2564865308231796,0.08297739399283964,-0.15067727447892945,-0.31301696629417525,-0.3252071002831591,-1.0371607107830956,-1.0452837184203903,-0.6076313592310774,67.2
2.200374647650189,-0.8870966974553466,-0.2564865308231796,0.12559904543917821,0.5777447216055328,0.5778314306075653,-0.3252071002831591,-0.9022676229669949,-0.891078561387766,1.9800125992397977,81.6
-0.45446806118581407,0.4826405313193011,-0.24807964400940152,0.7310472455663491,0.6634414270272342,0.6202527828409815,-0.3252071002831591,-0.6324814473347937,-0.5826682473225179,0.9511903024983656,70.0
-0.45446806118581407,-0.5466886287657892,-0.24807964400940152,-2.661789036200848,0.3635029580512792,0.3657246694404842,-0.3252071002831591,-0.6549636286374771,-0.648756171765071,0.1094266051644666,78.6
2.200374647650189,-0.8952016514717646,-0.2564865308231796,0.12559904543917821,0.5777447216055328,0.5778314306075653,-0.3252071002831591,-0.9921963481777287,-1.0232544102728724,1.1382489019058986,82.7
-0.45446806118581407,-0.5304787207329531,-0.24807964400940152,0.08297739399283964,-0.3220706853223323,-0.05848885289367794,-0.3252071002831591,-0.025462552162341095,-0.009906235487056637,0.39001450427576645,74.8
-0.45446806118581407,-0.6196332149135515,-0.2564865308231796,0.12109914996775197,-0.36491903803318304,-0.01606750066026172,-0.3252071002831591,-0.587517084729427,-0.5826682473225179,0.6706024033870658,77.4
-0.45446806118581407,-1.20318990409565,-0.2564865308231796,0.6548037336165246,0.5777447216055328,0.5778314306075653,-0.3252071002831591,-0.3177309090972257,-0.318316549552305,0.39001450427576645,72.7
-0.45446806118581407,-0.027971571715034994,2.7027376276267128,-0.26011840978137124,-0.4506157434548845,-0.4402810229944239,-0.3252071002831591,3.211971555424073,3.2284020621980503,-1.2311600239228546,66.4
2.200374647650189,-0.21438551409264978,-0.2564865308231796,0.7691690015412614,0.7062897797380849,0.7050954873078139,-0.3252071002831591,-0.7898567164535778,-0.7589027125026597,0.7017788366216551,74.3
2.200374647650189,-0.7574174331926581,-0.23967275719562342,0.3498296858172259,0.4920480161838313,0.5354100783741491,-0.3252071002831591,-0.8573032603616281,-0.8470199450927306,1.5123661007209648,86.0
-0.45446806118581407,2.387304725177539,-0.23967275719562342,0.38795144179213825,0.27780625262957775,0.2808819649736518,3.9811986500701404,0.10943053565375963,0.14429892154556734,-0.32704346011977753,53.6
-0.45446806118581407,-0.011761663682198926,0.37402998021017814,0.7310472455663491,0.7062897797380849,0.7050954873078139,-0.3252071002831591,-0.38517745300527595,-0.4064337821423759,0.5458966704487107,72.7
-0.45446806118581407,3.967770758379056,-0.2144520967542891,0.4641949537419629,0.234957899918727,0.2808819649736518,6.484922923531361,0.8738246999449965,0.8272074741186171,-0.4205727598235443,45.3
-0.45446806118581407,-0.21438551409264978,-0.24807964400940152,0.6548037336165246,0.5777447216055328,0.5778314306075653,-0.24508792353240003,-0.6999279912428441,-0.7148440962076241,0.23413233810282216,75.3
2.200374647650189,-0.7736273412254941,-0.2564865308231796,0.38795144179213825,0.6205930743163834,0.6202527828409815,-0.3252071002831591,-0.9022676229669949,-0.8690492532402484,0.1094266051644666,78.2
-0.45446806118581407,-1.235609720161322,-0.2564865308231796,-0.9844317733047054,0.6634414270272342,0.6202527828409815,-0.3252071002831591,-0.54255272212406,-0.5165803228799646,-0.04645556100847768,73.6
-0.45446806118581407,-1.3166592603255023,2.80362026939205,-2.7380325481506724,-0.19352562718978017,-0.2281742618273428,-0.3252071002831591,3.6616151814777416,3.6910175332959225,-1.8546886886146317,62.9
2.200374647650189,-0.8708867894225105,-0.2564865308231796,0.5785602216666998,0.7062897797380849,0.7050954873078139,-0.3252071002831591,-0.9247498042696785,-0.9351371776828016,0.6706024033870658,81.1
-0.45446806118581407,0.46643062328646506,14.875909733977407,-2.7761543041255847,-1.0504926814067945,-0.9917586020288347,-0.28514751190777954,5.077992603546798,5.1890104873271286,-1.1688071574536765,62.9
-0.45446806118581407,0.08549778451481747,0.20589224393461605,0.7310472455663491,0.6634414270272342,0.6626741350743978,-0.3252071002831591,-0.38517745300527595,-0.4064337821423759,-0.17116129394683324,69.5
-0.45446806118581407,0.23949191082676013,-0.1724176626853986,0.08297739399283964,-0.15067727447892945,0.0687752038065707,-0.28514751190777954,-0.2502843651891754,-0.23019931696223409,-0.45174919305813305,65.5
-0.45446806118581407,-1.0735106398329615,-0.23126587038184532,-2.928641328025234,-2.5073366735757188,-3.409775679333559,0.5360740497875008,0.806378156036946,0.7611195496760641,-0.8882192583423772,57.9
-0.45446806118581407,1.0499873124685635,-0.1892314363129548,0.5785602216666998,0.7062897797380849,0.6626741350743978,-0.3252071002831591,-0.5650349034267435,-0.5386096310274824,0.5770731036832994,64.6
-0.45446806118581407,-0.1009161578627973,1.1222429066364294,0.27358617386740125,0.5348963688946821,0.49298872614073286,-0.3252071002831591,3.32438246193749,-0.5826682473225179,-1.1376307242190877,68.2
-0.45446806118581407,-0.7168926631105679,-0.2564865308231796,0.6929254895914368,0.6205930743163834,0.6202527828409815,-0.3252071002831591,0.24432362346986014,0.2103868459881207,0.7329552698562438,75.8
2.200374647650189,-0.7006827550777318,-0.2564865308231796,0.12559904543917821,0.5348963688946821,0.45056737390731666,-0.3252071002831591,-0.9472319855723618,-0.9791957939778371,0.9511903024983656,79.7
-0.45446806118581407,1.0337774044357275,-0.1808245494991767,0.7691690015412614,0.5777447216055328,0.6202527828409815,-0.3252071002831591,-0.4975883595186931,-0.49455101473244684,0.015897305460699812,63.9
2.200374647650189,-0.8222570653240023,-0.24807964400940152,-2.928641328025234,0.6205930743163834,0.6202527828409815,-0.3252071002831591,-0.8797854416643115,-0.891078561387766,1.6058954004247314,81.1
-0.45446806118581407,-0.9438313755702729,-0.004279926409836519,0.27358617386740125,-0.664857507009138,-0.7372304886283374,0.095418577658326,0.9862356064584136,0.9593833230037238,-1.324689323626621,43.3
-0.45446806118581407,0.4178008991879569,14.035221052599596,-2.7761543041255847,-1.0933410341176453,-0.9069158975620022,-0.28514751190777954,5.033028240941431,5.144951871032093,-1.0752778577499102,63.7
-0.45446806118581407,-0.06039138778070713,-0.1892314363129548,0.5404384656917876,0.7062897797380849,0.45056737390731666,-0.3252071002831591,0.06446617304839272,0.05618168895549653,-0.10173128462173259,69.0
2.200374647650189,-1.2680295362269942,-0.2564865308231796,0.23546441789248895,0.10641284178617486,0.11119655603998693,-0.3252071002831591,-0.7224101725455274,-0.6707854799125887,0.9823667357329543,81.0
-0.45446806118581407,-0.06039138778070713,0.22270601756217226,0.7691690015412614,0.7062897797380849,0.7050954873078139,-0.3252071002831591,-0.43014181561064285,-0.4504923984374114,0.5458966704487107,73.6
-0.45446806118581407,-0.01986661769861696,-0.24807964400940152,0.5023167097168753,0.4063513107621299,-3.1128262136996456,-0.3252071002831591,-0.4975883595186931,-0.4725217065849292,0.9801611372058415,71.8
-0.45446806118581407,0.4745355773028831,0.15545092305194744,-0.41260543368102054,-0.664857507009138,-0.6099664319280887,-0.24508792353240003,1.0986465129718308,1.0254712474462768,-2.1041001544913427,61.4
-0.45446806118581407,0.9040981401730389,0.09660271535550072,-2.7380325481506724,-3.2786070223710317,-3.240090270399894,-0.2050283351570205,0.8288603373396294,0.7831488578235817,-1.1999835906882659,58.7
-0.45446806118581407,0.669054473696916,0.09660271535550072,-1.3656493330538286,-0.4506157434548845,-0.4402810229944239,-0.3252071002831591,2.020415946381852,1.9727314977895396,-1.1376307242190877,62.2
-0.45446806118581407,-0.5872133988478794,-0.2564865308231796,0.3498296858172259,0.27780625262957775,0.23846061274023558,-0.3252071002831591,-0.5200705408213766,-0.5386096310274824,0.4211909375103552,76.9
2.200374647650189,-0.8952016514717646,-0.2564865308231796,0.6548037336165246,0.7062897797380849,0.7050954873078139,-0.3252071002831591,-0.9022676229669949,-0.8690492532402484,0.5458966704487107,81.0
-0.45446806118581407,0.8959931861566208,0.09660271535550072,0.4641949537419629,-3.1500619642384797,0.3657246694404842,-0.16496874678164097,0.8738246999449965,0.7611195496760641,-1.6676300892070983,58.1
2.200374647650189,-1.2680295362269942,-0.22285898356806721,0.12559904543917821,0.4063513107621299,0.40814602167390046,-0.3252071002831591,-0.9247498042696785,-0.9791957939778371,0.9801611372058415,79.6
-0.45446806118581407,3.0357010464909817,0.7103054527613023,-0.03138787393189733,-1.136189386828496,-1.1614440109624995,1.8179808777996456,0.4466632551940111,0.43067992746329803,-0.389396326588955,47.7
-0.45446806118581407,1.2364012548461782,0.2647404516310628,0.3498296858172259,0.27780625262957775,0.23846061274023558,0.6562528149136394,0.7389316121288956,0.6950316252335107,-0.4205727598235443,59.1
-0.45446806118581407,-0.6763678930284777,-0.2564865308231796,0.7310472455663491,0.6634414270272342,0.6626741350743978,-0.3252071002831591,0.2668058047725435,0.2103868459881207,0.6082495369178882,75.3
-0.45446806118581407,-1.235609720161322,-0.2564865308231796,0.5785602216666998,0.4491996634729806,0.45056737390731666,-0.30517730609546934,0.4466632551940111,0.43067992746329803,0.48354380397953267,72.8
-0.45446806118581407,-0.8789917434389285,-0.11356945498895187,-1.2131623091541794,-1.5218245612261525,-1.3311294198961643,1.6577425242981274,1.0536821503664637,1.0254712474462768,-1.8858651218492204,46.3
-0.45446806118581407,0.17465227869541586,-0.2564865308231796,0.7691690015412614,0.7062897797380849,0.6626741350743978,-0.2050283351570205,-0.20532000258380853,-0.23019931696223409,0.20295590486823284,79.0
-0.45446806118581407,-0.08470624982996124,-0.2564865308231796,0.6929254895914368,0.4920480161838313,0.6202527828409815,-0.3252071002831591,-0.2502843651891754,-0.25222862510975186,1.169425335140488,72.6
2.200374647650189,-0.20628056007623174,-0.2564865308231796,0.12559904543917821,0.7062897797380849,0.7050954873078139,-0.3252071002831591,-0.7224101725455274,-0.7148440962076241,1.0447196022021323,75.5
-0.45446806118581407,-0.26301523819115796,0.5673883769270746,0.6929254895914368,0.6205930743163834,0.6202527828409815,-0.3252071002831591,2.9646675610945556,3.008108980722873,-0.6388077924656661,71.4
-0.45446806118581407,0.5717950254998995,-0.24807964400940152,0.6929254895914368,0.5777447216055328,0.5354100783741491,-0.3252071002831591,-0.6099992660321103,-0.5826682473225179,0.5458966704487107,66.9
-0.45446806118581407,0.1584423706625798,-0.2564865308231796,0.7691690015412614,0.7062897797380849,0.7050954873078139,-0.3252071002831591,-0.8348210790589446,-0.8249906369452128,-0.8258663918731991,68.7
2.200374647650189,-0.09281120384637927,-0.23126587038184532,0.7691690015412614,0.6634414270272342,0.6626741350743978,-0.3252071002831591,-0.54255272212406,-0.4725217065849292,0.7953081363254213,73.7
-0.45446806118581407,-1.1950849500792318,-0.23126587038184532,0.3498296858172259,0.234957899918727,0.23846061274023558,-0.28514751190777954,-0.6549636286374771,-0.6707854799125887,-0.32704346011977753,73.0
-0.45446806118581407,0.4015909911551208,-0.206045209940511,0.6166819776416121,0.6634414270272342,0.7050954873078139,-0.3252071002831591,-0.5650349034267435,-0.5386096310274824,0.82648456956001,69.1
-0.45446806118581407,0.9689377723043832,-0.03790747366494893,-0.9463100173297931,-1.736066324780406,-1.2038653631959157,-0.24508792353240003,0.5365919804047448,0.5187971600533688,-1.012924991280732,59.0
-0.45446806118581407,0.6528445656640799,-0.13879011543028616,-1.1750405531792671,-1.1790377395393468,-1.458393476596413,-0.24508792353240003,-0.22780218388649198,-0.23019931696223409,-0.919395691576966,63.1
-0.45446806118581407,0.5393752094342273,-0.1976383231267329,0.6929254895914368,-0.7077058597199888,0.026353851573154497,-0.3252071002831591,-0.3177309090972257,-0.34034585769982273,-0.5452784927618993,63.4
-0.45446806118581407,2.2576254609148507,-0.12197634180272997,-1.2131623091541794,-1.5218245612261525,-1.5008148288298293,0.8164911684151575,0.8738246999449965,0.8492367822661351,-1.6364536559725096,49.8
-0.45446806118581407,-1.1221403639314695,-0.23967275719562342,0.7310472455663491,0.7062897797380849,0.5354100783741491,-0.3252071002831591,-0.6099992660321103,-0.5606389391750001,0.29648520457199967,65.9
-0.45446806118581407,0.5961098875491536,-0.24807964400940152,0.5404384656917876,0.4491996634729806,0.45056737390731666,0.015299400907566912,0.1768770795618099,0.12226961339804969,-0.20233772718142198,65.0
-0.45446806118581407,0.928413002222293,-0.22285898356806721,0.3117079298423136,0.1921095472078763,0.19603926050681936,0.5561038439751905,0.5815563430101116,0.5187971600533688,-0.919395691576966,58.1
-0.45446806118581407,-0.7736273412254941,0.08819582854172262,0.08297739399283964,0.10641284178617486,0.0687752038065707,3.3402452360640678,0.5590741617074283,0.5187971600533688,-0.6388077924656661,45.5
2.200374647650189,-0.8546768813896745,-0.2564865308231796,0.12559904543917821,0.5348963688946821,0.5354100783741491,-0.3252071002831591,-0.9247498042696785,-0.9351371776828016,1.7617775665976758,81.8
-0.45446806118581407,0.06928787648198141,0.19748535712083795,0.6929254895914368,0.6205930743163834,0.6202527828409815,-0.3252071002831591,-0.43014181561064285,-0.4504923984374114,0.04707373869528856,70.0
2.200374647650189,-0.5872133988478794,-0.2564865308231796,0.6929254895914368,0.6205930743163834,0.6202527828409815,-0.3252071002831591,-0.9472319855723618,-0.9791957939778371,1.169425335140488,79.0
2.200374647650189,-0.6682629390120597,-0.24807964400940152,-2.928641328025234,0.6205930743163834,0.6202527828409815,-0.3252071002831591,-0.8573032603616281,-0.8470199450927306,1.4500132342517873,78.3
2.200374647650189,0.1584423706625798,-0.24807964400940152,0.12559904543917821,0.7062897797380849,0.7050954873078139,-0.3252071002831591,-0.6324814473347937,-0.6267268636175533,0.8888374360291881,72.5
2.200374647650189,-0.741207525159822,-0.24807964400940152,0.6166819776416121,0.4063513107621299,0.40814602167390046,-0.3252071002831591,-0.9472319855723618,-0.9351371776828016,2.510011964227809,79.9
-0.45446806118581407,-0.011761663682198926,2.812027156205828,-0.26011840978137124,-0.4506157434548845,-0.4402810229944239,-0.3252071002831591,3.3019002806348072,-0.648756171765071,-1.3558657568612098,66.0
-0.45446806118581407,0.6528445656640799,-0.24807964400940152,0.6166819776416121,0.5777447216055328,0.5354100783741491,-0.28514751190777954,2.8297744732784547,2.9420210562803195,-0.7635135254040216,65.8
-0.45446806118581407,-1.235609720161322,-0.2564865308231796,0.6929254895914368,0.5777447216055328,0.5354100783741491,-0.3252071002831591,-0.6099992660321103,-0.6046975554700355,0.2653087713374109,75.5
-0.45446806118581407,-0.10902111187921533,-0.2564865308231796,0.7691690015412614,0.7062897797380849,0.7050954873078139,-0.3252071002831591,-0.13787345867575826,-0.12005277622464532,0.23413233810282216,73.9
-0.45446806118581407,-1.1302453179478875,-0.029500586851170827,0.38795144179213825,-1.436127855804451,-1.2887080676627483,-0.24508792353240003,1.6607010455389166,1.620262567429256,-2.135276587725931,57.5
-0.45446806118581407,-0.7006827550777318,-0.24807964400940152,0.7310472455663491,0.6634414270272342,0.6626741350743978,-0.3252071002831591,0.06446617304839272,0.01212307266046102,0.39001450427576645,76.7
-0.45446806118581407,-0.271120192207576,-0.24807964400940152,0.5404384656917876,0.6205930743163834,0.5354100783741491,-0.3252071002831591,-0.587517084729427,-0.5826682473225179,0.48354380397953267,74.1
-0.45446806118581407,0.08549778451481747,-0.2564865308231796,0.38795144179213825,0.020716136364473427,0.11119655603998693,-0.3252071002831591,-1.059642892085779,-1.0452837184203903,-0.015279127773888937,75.0
-0.45446806118581407,4.227129286904433,-0.046314360478727036,-0.10763138588172197,-0.2792223326114816,-0.31301696629417525,8.087306458546543,-0.744892353848211,-0.7148440962076241,-0.7011606589348436,45.3
-0.45446806118581407,-0.5628985367986252,-0.23126587038184532,0.4641949537419629,0.4920480161838313,0.6202527828409815,-0.3252071002831591,-0.744892353848211,-0.8690492532402484,-0.10173128462173259,77.6
2.200374647650189,-0.21438551409264978,-0.24807964400940152,0.6166819776416121,0.234957899918727,0.23846061274023558,-0.3252071002831591,-0.6774458099401607,-0.6707854799125887,0.8576610027945993,74.3
-0.45446806118581407,0.11791760058048961,-0.2564865308231796,0.3498296858172259,0.234957899918727,0.23846061274023558,-0.3252071002831591,0.6714850682208454,0.6509730089384754,0.14060303839905536,71.5
-0.45446806118581407,-0.16575578999414156,-0.13879011543028616,0.5404384656917876,0.4491996634729806,0.45056737390731666,-0.3252071002831591,-0.587517084729427,-0.6267268636175533,-0.04645556100847768,73.5
-0.45446806118581407,-1.20318990409565,-0.13038322861650806,0.6929254895914368,0.6205930743163834,0.6202527828409815,-0.3252071002831591,-0.0029803708596575404,-0.03193554363457449,0.7641317030908326,75.8
2.200374647650189,-0.6682629390120597,-0.22285898356806721,0.12559904543917821,0.4063513107621299,0.40814602167390046,-0.3252071002831591,-0.9472319855723618,-0.9791957939778371,0.9801611372058415,79.3
-0.45446806118581407,0.7582089678775142,0.23111290437595036,0.5404384656917876,0.4920480161838313,0.19603926050681936,0.25565693115984406,0.6714850682208454,0.6069143926434399,-0.2958670268851888,62.6
-0.45446806118581407,-1.0248809157344532,0.3151817725137314,-0.03138787393189733,-0.02213221634637729,-0.18575290959392657,0.2957165195352236,0.1768770795618099,0.14429892154556734,-0.6388077924656661,61.5
-0.45446806118581407,-1.219399812128486,-0.2564865308231796,0.4641949537419629,0.3635029580512792,0.3657246694404842,-0.3252071002831591,-0.2502843651891754,-0.25222862510975186,1.075896035436721,74.9
2.200374647650189,-0.9033066054881826,-0.2564865308231796,0.12559904543917821,0.5777447216055328,0.5778314306075653,-0.3252071002831591,-0.9022676229669949,-0.891078561387766,1.9800125992397977,81.8
2.200374647650189,-0.14144092794488747,-0.2564865308231796,0.7310472455663491,0.6634414270272342,0.7050954873078139,-0.3252071002831591,-0.744892353848211,-0.7148440962076241,0.29648520457199967,73.0
2.200374647650189,-0.7006827550777318,-0.24807964400940152,0.6166819776416121,-3.1500619642384797,-3.1128262136996456,-0.3252071002831591,-0.9472319855723618,-0.9351371776828016,2.6035412639315747,79.5
-0.45446806118581407,0.7987337379596045,-0.24807964400940152,0.38795144179213825,-3.1500619642384797,0.2808819649736518,-0.28514751190777954,2.942185379791872,3.0521675970179083,-1.012924991280732,64.2
-0.45446806118581407,0.8716783241073668,-0.24807964400940152,0.1592209059426643,-3.235758669660181,-3.1976689181664777,-0.3252071002831591,0.6714850682208454,0.6509730089384754,-1.1999835906882659,59.5
-0.45446806118581407,-1.20318990409565,-0.2564865308231796,0.6929254895914368,0.5777447216055328,0.5778314306075653,-0.3252071002831591,2.155309034197952,2.1269366548221638,0.04707373869528856,73.4
-0.45446806118581407,1.4552350132894651,3.804039800231644,-1.1369187972043546,-1.436127855804451,-1.4159721243629968,0.3958654904736724,1.0986465129718308,1.0475005555937944,-0.6388077924656661,54.5
-0.45446806118581407,1.7145935418148424,0.5169470560444059,0.27358617386740125,0.27780625262957775,0.15361790827340313,1.1369678754181938,0.5365919804047448,0.5187971600533688,-0.8851385831215677,56.2
-0.45446806118581407,0.10981264656407158,-0.2564865308231796,0.23546441789248895,0.10641284178617486,0.11119655603998693,-0.26511771772008974,-0.3177309090972257,-0.318316549552305,0.20295590486823284,71.4
-0.45446806118581407,0.4745355773028831,-0.2564865308231796,0.6929254895914368,0.6205930743163834,0.6202527828409815,-0.22505812934471028,2.515023935040887,2.5895521259200356,0.07825017192987786,68.7
-0.45446806118581407,-1.0329858697508711,-0.1976383231267329,-0.2982401657562836,-3.3214553750818827,-1.7553429422303266,-0.3252071002831591,0.3117701673779104,0.254445462283156,0.29648520457199967,63.6
-0.45446806118581407,0.2557018188595962,-0.2564865308231796,-0.10763138588172197,0.3635029580512792,0.3657246694404842,-0.28514751190777954,-0.2502843651891754,-0.2742579332572695,-0.10880842747765573,68.3
-0.45446806118581407,-0.6115282608971334,-0.2564865308231796,0.7691690015412614,0.4063513107621299,0.40814602167390046,-0.3252071002831591,0.3567345299832773,0.23241615413563838,0.5147202372141214,76.4
-0.45446806118581407,-0.5710034908150433,-0.2564865308231796,0.7691690015412614,0.7062897797380849,0.7050954873078139,-0.3252071002831591,-0.38517745300527595,-0.42846309028989366,0.5770731036832994,73.3
-0.45446806118581407,-0.5304787207329531,-0.24807964400940152,0.5785602216666998,0.4920480161838313,0.49298872614073286,-0.3252071002831591,-0.6099992660321103,-0.6046975554700355,-0.04645556100847768,78.3
-0.45446806118581407,1.2364012548461782,0.004126960403941585,-0.8319447494050561,-1.264734444961048,-1.0766013064956672,0.17553775440908503,0.9412712438530465,0.915324706708688,-1.5429243562687431,55.6
-0.45446806118581407,0.028763106399891245,-0.23967275719562342,0.006733882043014999,-0.15067727447892945,-0.14333155736051037,-0.3252071002831591,1.5258079577228156,1.488086718544149,-0.10880842747765573,66.2
-0.45446806118581407,-1.235609720161322,-0.24807964400940152,0.6166819776416121,0.7062897797380849,0.5354100783741491,-0.3252071002831591,-0.34021309039990916,-0.38440447399485816,1.5747189671901434,77.9
-0.45446806118581407,0.8311535540252766,0.0629751681003883,-0.2982401657562836,-0.36491903803318304,-0.18575290959392657,-0.22505812934471028,0.7389316121288956,0.6950316252335107,-1.0441014245153215,64.0
-0.45446806118581407,-1.20318990409565,-0.24807964400940152,0.7691690015412614,0.7062897797380849,0.7050954873078139,-0.3252071002831591,0.4466632551940111,0.4086506193157802,0.45236737074494393,75.6
-0.45446806118581407,-1.3085543063090843,-0.2144520967542891,0.3117079298423136,-1.3075827976718988,-1.4159721243629968,0.27568672534753386,-0.8348210790589446,-0.8249906369452128,-1.761159388910865,52.1
-0.45446806118581407,-1.0978255018822154,-0.24807964400940152,0.38795144179213825,0.234957899918727,0.23846061274023558,-0.3252071002831591,3.1445250115160226,3.2284020621980503,-1.3870421900957988,61.7
-0.45446806118581407,1.6011241855849898,3.862888007928091,-1.1369187972043546,-1.436127855804451,-1.4159721243629968,0.43592507884905185,-0.8573032603616281,1.09155917188883,-0.6388077924656661,53.6
-0.45446806118581407,0.3772761291058667,-0.2564865308231796,0.6548037336165246,0.4491996634729806,0.49298872614073286,-0.3252071002831591,-1.059642892085779,-1.067313026567908,-0.07763199424306644,65.0
-0.45446806118581407,-0.13333597392846944,-0.2564865308231796,0.6929254895914368,0.6634414270272342,0.6202527828409815,-0.3252071002831591,0.4691454364966945,0.43067992746329803,0.82648456956001,74.2
2.200374647650189,-0.20628056007623174,-0.23967275719562342,0.6548037336165246,0.27780625262957775,0.2808819649736518,-0.3252071002831591,-0.45262399691332633,-0.4064337821423759,1.1382489019058986,74.3
-0.45446806118581407,2.4521443573088835,0.2899611120723971,-2.966763084000146,-3.235758669660181,-0.6948091363949211,1.0568486986674346,0.6714850682208454,0.6509730089384754,-0.8851385831215677,47.8
-0.45446806118581407,-0.1495458819613055,-0.2564865308231796,0.3117079298423136,0.234957899918727,0.19603926050681936,-0.3252071002831591,-1.0821250733884624,-1.067313026567908,0.7641317030908326,72.5
-0.45446806118581407,0.7663139218939323,0.029347620845275896,-0.06950962990680964,-0.2363739799006309,-0.2281742618273428,-0.24508792353240003,0.6490028869181619,0.6069143926434399,-0.8258663918731991,62.3
-0.45446806118581407,1.212086392796924,-0.1640107758716205,-2.7761543041255847,-1.0076443286959438,-0.864494545328586,-0.04478998165550239,-0.7673745351508944,-0.7809320206501774,-1.3870421900957988,59.9
-0.45446806118581407,0.06118292246556338,-0.2564865308231796,0.5404384656917876,0.4491996634729806,0.45056737390731666,-0.3252071002831591,-0.5200705408213766,-0.5386096310274824,0.1094266051644666,74.1
-0.45446806118581407,-0.23059542212548584,-0.2564865308231796,0.7691690015412614,0.7062897797380849,0.7050954873078139,-0.3252071002831591,-0.3626952717025926,-0.36237516584734053,0.639425970152477,75.7
2.200374647650189,-1.2599245822105762,-0.2564865308231796,0.6548037336165246,0.5777447216055328,0.5778314306075653,-0.3252071002831591,-0.9472319855723618,-0.9791957939778371,1.2317782016096654,79.3
2.200374647650189,-0.7168926631105679,-0.2564865308231796,0.3498296858172259,0.234957899918727,0.23846061274023558,-0.3252071002831591,-1.0371607107830956,-1.0232544102728724,2.2294240651165085,81.0
-0.45446806118581407,-0.2224904681090678,-0.1976383231267329,0.4641949537419629,0.3635029580512792,0.49298872614073286,-0.3252071002831591,-0.8123388977562612,-0.8249906369452128,0.3276616378065884,75.1
2.200374647650189,-0.7979422032747482,-0.2564865308231796,0.27358617386740125,0.020716136364473427,0.11119655603998693,-0.3252071002831591,-0.9472319855723618,-0.9351371776828016,0.8576610027945993,79.3
-0.45446806118581407,-1.227504766144904,-0.23126587038184532,0.7310472455663491,0.6634414270272342,0.6626741350743978,-0.3252071002831591,0.33425234868059395,0.2985040785781915,0.7641317030908326,74.8
2.200374647650189,-0.6763678930284777,-0.2564865308231796,0.6929254895914368,0.6634414270272342,0.6626741350743978,-0.3252071002831591,-0.9022676229669949,-0.891078561387766,1.2006017683750767,80.0
-0.45446806118581407,-0.31974991630608424,-0.24807964400940152,0.7310472455663491,0.7062897797380849,0.7050954873078139,-0.30517730609546934,-0.587517084729427,-0.6046975554700355,0.1717794716336441,75.7
2.200374647650189,-0.6358431229463876,-0.23126587038184532,0.3498296858172259,0.5777447216055328,0.5778314306075653,-0.3252071002831591,-0.8573032603616281,-0.8470199450927306,1.3564839345480204,79.1
-0.45446806118581407,-0.5710034908150433,-0.24807964400940152,0.08297739399283964,-0.3220706853223323,-0.05848885289367794,-0.3252071002831591,-0.047944733465024446,-0.05396485178209214,0.39001450427576645,74.9
2.200374647650189,-0.9357264215538548,-0.2564865308231796,0.12559904543917821,0.4063513107621299,0.40814602167390046,-0.3252071002831591,-0.8797854416643115,-0.891078561387766,2.167071198647331,82.7
-0.45446806118581407,-0.07660129581354319,-0.03790747366494893,0.19734266191757663,0.4491996634729806,0.5778314306075653,-0.3252071002831591,0.4016988925886442,0.34256269487322705,-1.106454290984499,69.0
2.200374647650189,-0.8303620193404203,-0.2564865308231796,-0.1457531418566343,-0.2792223326114816,-0.270595614060759,-0.3252071002831591,-0.9247498042696785,-0.9351371776828016,0.7953081363254213,83.0
-0.45446806118581407,-0.6439480769628055,-0.07994190773383945,0.7310472455663491,0.7062897797380849,0.7050954873078139,-0.3252071002831591,0.6939672495235288,0.7170609333810284,0.48354380397953267,75.1
-0.45446806118581407,0.49074548533571916,-0.23967275719562342,0.6548037336165246,0.5348963688946821,0.5778314306075653,-0.3252071002831591,-0.6099992660321103,-0.5826682473225179,0.4211909375103552,67.4
-0.45446806118581407,1.5362845534536456,1.567807907766669,-0.06950962990680964,-1.2218860922501973,-3.3249329748667265,0.47598466722443145,1.480843595117449,1.3999694859540786,-2.0729237212567533,55.0
2.200374647650189,-1.2599245822105762,-0.2564865308231796,0.12559904543917821,0.5777447216055328,0.5778314306075653,-0.3252071002831591,-0.7224101725455274,-0.7148440962076241,1.5123661007209648,79.1
2.200374647650189,-0.06039138778070713,-0.24807964400940152,0.5785602216666998,0.4920480161838313,0.5354100783741491,-0.3252071002831591,-0.587517084729427,-0.5826682473225179,0.39001450427576645,72.2
-0.45446806118581407,-0.2224904681090678,-0.07153502092006135,0.6548037336165246,0.6634414270272342,0.6626741350743978,-0.3252071002831591,0.3567345299832773,0.2985040785781915,-0.7011606589348436,77.0
-0.45446806118581407,1.8118529900118587,4.300046122244552,-1.403771089028741,-1.2218860922501973,-1.7129215899969104,0.6963124032890189,1.6607010455389166,1.620262567429256,-0.919395691576966,55.0
-0.45446806118581407,-1.1302453179478875,-0.2564865308231796,0.1592209059426643,0.06356448907532414,0.026353851573154497,-0.22505812934471028,-0.3177309090972257,-0.34034585769982273,-0.23351416041601072,68.9
-0.45446806118581407,0.46643062328646506,-0.15560388905784237,0.23546441789248895,0.06356448907532414,0.11119655603998693,-0.30517730609546934,-0.8123388977562612,-0.8249906369452128,0.7329552698562438,65.7
-0.45446806118581407,-0.5304787207329531,-0.24807964400940152,0.38795144179213825,0.27780625262957775,-3.1128262136996456,-0.3252071002831591,-0.6774458099401607,-0.6928147880601065,0.2653087713374109,78.9
2.200374647650189,-1.2842394442598302,-0.24807964400940152,-1.06067528525453,0.6205930743163834,0.6202527828409815,-0.3252071002831591,-0.8797854416643115,-0.891078561387766,1.8864832995360319,81.4
-0.45446806118581407,-0.04418147974787106,0.17226469667950364,0.5404384656917876,0.4491996634729806,0.45056737390731666,-0.3252071002831591,-0.47510617821600976,-0.4725217065849292,0.3276616378065884,79.0
-0.45446806118581407,-1.219399812128486,-0.24807964400940152,0.38795144179213825,0.3635029580512792,0.2808819649736518,-0.3252071002831591,-0.6549636286374771,-0.6267268636175533,0.07825017192987786,73.2
-0.45446806118581407,1.4552350132894651,-0.13879011543028616,-2.089962696577163,-3.1929103169493303,-0.05848885289367794,0.6161932265382598,0.6265207056154786,0.584885084495922,-0.6076313592310774,56.2
-0.45446806118581407,-1.0978255018822154,-0.2564865308231796,0.08297739399283964,0.27780625262957775,-3.1128262136996456,-0.3252071002831591,-0.8123388977562612,-0.8029613287976952,-1.2311600239228546,67.1
-0.45446806118581407,0.09360273853123552,-0.1976383231267329,-0.41260543368102054,-0.49346409616573517,-0.18575290959392657,0.15550796022139524,-0.2502843651891754,-0.2742579332572695,0.04707373869528856,72.0
-0.45446806118581407,-0.04418147974787106,-0.22285898356806721,0.5023167097168753,0.4491996634729806,0.45056737390731666,-0.22505812934471028,-0.587517084729427,-0.5826682473225179,-0.2958670268851888,73.2
-0.45446806118581407,-1.1545601799971417,-0.1976383231267329,0.7310472455663491,0.6634414270272342,0.6202527828409815,-0.3252071002831591,-0.38517745300527595,-0.36237516584734053,-0.4205727598235443,65.6
-0.45446806118581407,-1.3247642143419205,-0.23967275719562342,0.6166819776416121,0.5777447216055328,0.5778314306075653,-0.3252071002831591,-0.8797854416643115,-0.8690492532402484,0.6082495369178882,77.9
2.200374647650189,-1.1383502719643057,-0.2564865308231796,0.5785602216666998,-3.1500619642384797,0.49298872614073286,-0.3252071002831591,-0.40765963430795943,-0.4064337821423759,1.3253075013134321,71.6
-0.45446806118581407,-0.28733010024041206,-0.23126587038184532,0.6929254895914368,0.6205930743163834,0.6202527828409815,-0.3252071002831591,0.6714850682208454,0.6069143926434399,0.2653087713374109,74.5
-0.45446806118581407,-0.35216973237175636,-0.24807964400940152,0.4641949537419629,0.3635029580512792,0.3657246694404842,-0.3252071002831591,-0.7224101725455274,-0.7368734043551419,0.9200138692637768,75.4
-0.45446806118581407,-0.40079945647026455,-0.24807964400940152,0.7310472455663491,0.6634414270272342,0.5354100783741491,-0.3252071002831591,-0.29524872779454225,-0.34034585769982273,0.015897305460699812,76.9
-0.45446806118581407,-0.2954350542568301,-0.2564865308231796,0.6929254895914368,0.6205930743163834,0.5778314306075653,-0.3252071002831591,-0.4975883595186931,-0.49455101473244684,-0.04645556100847768,72.8
-0.45446806118581407,-0.23870037614190387,0.6178296978097432,0.6548037336165246,0.5777447216055328,0.5778314306075653,-0.3252071002831591,3.0096319236999225,3.0521675970179083,-0.6388077924656661,71.0
-0.45446806118581407,0.9689377723043832,-0.23967275719562342,0.7310472455663491,0.7062897797380849,0.7050954873078139,-0.3252071002831591,-0.587517084729427,-0.5606389391750001,-0.26469059365060005,64.0
-0.45446806118581407,1.0013575883700554,-0.23126587038184532,0.6929254895914368,0.4920480161838313,0.5354100783741491,0.27568672534753386,0.8738246999449965,0.8272074741186171,-1.1376307242190877,58.5
-0.45446806118581407,-0.9438313755702729,4.569066500285452,-1.1369187972043546,-1.9931564410455103,-2.3492418734981535,0.6762826091013291,2.0653803089872182,2.016790114084575,-1.2623364571574434,47.4
-0.45446806118581407,0.03686806041630928,-0.206045209940511,0.5785602216666998,0.5348963688946821,0.5354100783741491,-0.04478998165550239,-0.4975883595186931,-0.5165803228799646,-0.6076313592310774,71.6
-0.45446806118581407,0.06118292246556338,-0.2564865308231796,0.38795144179213825,-0.06498056905722802,0.3657246694404842,-0.3252071002831591,-1.059642892085779,-1.0452837184203903,-0.20233772718142198,68.5
-0.45446806118581407,2.2089957368163424,0.38243686702395624,0.19734266191757663,0.020716136364473427,0.0687752038065707,2.7994407929964438,0.8963068812476798,0.8712660904136528,-1.106454290984499,52.1
-0.45446806118581407,-0.3926945024538465,-0.07994190773383945,0.6548037336165246,0.6205930743163834,0.6202527828409815,-0.3252071002831591,-0.0029803708596575404,-0.05396485178209214,0.29648520457199967,74.2
-0.45446806118581407,2.0144768404223097,-0.07153502092006135,0.27358617386740125,0.14926119449702557,0.15361790827340313,-0.24508792353240003,0.5590741617074283,0.5187971600533688,-0.7946899586386104,51.0
-0.45446806118581407,-0.9600412836031089,0.12182337579683503,-1.518136356953478,-1.9503080883346595,-2.434084577964986,0.6963124032890189,-0.7673745351508944,-0.7809320206501774,-2.010570854787576,48.6
-0.45446806118581407,0.19896714074466995,0.9456982835470892,0.12109914996775197,0.10641284178617486,-0.18575290959392657,-0.28514751190777954,-0.7224101725455274,-0.7368734043551419,-0.10880842747765573,67.9
-0.45446806118581407,-0.25491028417473993,-0.012686813223614622,0.3498296858172259,0.4920480161838313,0.45056737390731666,-0.3252071002831591,2.155309034197952,2.3031711200023057,-0.04645556100847768,75.2
-0.45446806118581407,2.9384415982939656,-0.22285898356806721,0.5404384656917876,0.4063513107621299,0.45056737390731666,2.3387555266795794,0.5141097991020613,0.4527092356108157,-0.35821989335436627,51.1
-0.45446806118581407,0.40969594517153884,-0.206045209940511,0.7691690015412614,0.7062897797380849,0.7050954873078139,-0.3252071002831591,-0.3626952717025926,-0.36237516584734053,-0.389396326588955,66.3
-0.45446806118581407,-0.1252310199120514,-0.2144520967542891,0.7691690015412614,0.6634414270272342,0.6626741350743978,-0.3252071002831591,2.357648665922103,2.347229736297341,0.1717794716336441,73.7
2.200374647650189,-0.5628985367986252,-0.2564865308231796,0.5785602216666998,0.4920480161838313,0.49298872614073286,-0.3252071002831591,-0.7673745351508944,-0.7809320206501774,1.0135431689675436,78.0
2.200374647650189,-0.8060471572911663,-0.23967275719562342,0.6548037336165246,0.6205930743163834,0.5778314306075653,-0.3252071002831591,-0.9921963481777287,-0.9791957939778371,1.2317782016096654,81.2
-0.45446806118581407,0.004448244350637142,-0.11356945498895187,-2.69991079217576,0.020716136364473427,-3.155247565933062,-0.3252071002831591,-0.54255272212406,-0.5826682473225179,-0.20233772718142198,71.5
-0.45446806118581407,-1.20318990409565,-0.1808245494991767,-2.814276060100497,-0.3220706853223323,-0.270595614060759,-0.3252071002831591,-0.38517745300527595,-0.4064337821423759,-0.6076313592310774,66.6
-0.45446806118581407,0.08549778451481747,2.8624684770884965,-0.03138787393189733,-3.235758669660181,-0.4827023752278401,-0.3252071002831591,-0.54255272212406,-0.4504923984374114,-1.4805714897995654,64.8
-0.45446806118581407,-1.1140354099150516,0.07978894172794451,0.3498296858172259,0.27780625262957775,0.23846061274023558,-0.2050283351570205,0.7838959747342626,0.6509730089384754,-1.4182186233303875,59.0
2.200374647650189,-0.741207525159822,-0.2564865308231796,-0.4507271896559329,0.7062897797380849,0.7050954873078139,-0.3252071002831591,-0.7898567164535778,-0.8029613287976952,1.2006017683750767,79.6
-0.45446806118581407,0.10981264656407158,-0.1976383231267329,0.19734266191757663,0.234957899918727,0.2808819649736518,0.015299400907566912,-0.3177309090972257,-0.34034585769982273,0.1717794716336441,72.3
-0.45446806118581407,0.012553198367055176,-0.24807964400940152,-1.632501624878215,0.7062897797380849,0.5778314306075653,0.11544837184601568,-0.6774458099401607,-0.6928147880601065,-0.04645556100847768,73.1
-0.45446806118581407,2.1684709667342523,0.34880931976884383,-0.22199665380645894,-0.40776739074403373,-0.39785967076100764,2.2986959383041996,0.8513425186423127,0.8051781659710994,-0.9817485580461435,53.0
-0.45446806118581407,-1.1950849500792318,-0.12197634180272997,0.6548037336165246,0.5777447216055328,0.5778314306075653,-0.3252071002831591,-0.0029803708596575404,-0.05396485178209214,0.7641317030908326,75.5
-0.45446806118581407,-0.5304787207329531,-0.24807964400940152,0.7310472455663491,0.6205930743163834,0.6202527828409815,-0.3252071002831591,-0.7224101725455274,-0.6928147880601065,-0.20233772718142198,74.2
-0.45446806118581407,0.028763106399891245,-0.2564865308231796,0.6166819776416121,0.6205930743163834,0.5778314306075653,-0.3252071002831591,-0.54255272212406,-0.5386096310274824,0.1717794716336441,74.6
-0.45446806118581407,0.07739283049839944,-0.2564865308231796,0.7691690015412614,0.6634414270272342,0.6626741350743978,-0.3252071002831591,0.1768770795618099,0.254445462283156,0.45236737074494393,72.7
-0.45446806118581407,-0.6115282608971334,-0.2564865308231796,0.12559904543917821,0.7062897797380849,0.7050954873078139,-0.3252071002831591,-0.9022676229669949,-0.9131078695352839,1.4811896674863765,79.9
2.200374647650189,-0.8141521113075842,-0.23126587038184532,0.1618176052626944,0.7062897797380849,0.6202527828409815,-0.3252071002831591,-0.6999279912428441,-0.7368734043551419,0.9200138692637768,83.0
-0.45446806118581407,4.332493689117868,-0.23967275719562342,0.3498296858172259,0.6205930743163834,0.6202527828409815,6.5850718944698095,1.4583614138147656,1.3999694859540786,-0.04645556100847768,46.0
-0.45446806118581407,-1.1950849500792318,0.012533847217719689,-0.4888489456308452,-3.235758669660181,-0.6099664319280887,-0.3252071002831591,0.08694835435107608,0.03415238080797867,-0.5452784927618993,69.5
-0.45446806118581407,-0.3926945024538465,-0.2564865308231796,0.6166819776416121,0.5348963688946821,0.5354100783741491,-0.3252071002831591,-0.7673745351508944,-0.7809320206501774,1.075896035436721,77.0
-0.45446806118581407,0.669054473696916,-0.13879011543028616,0.6929254895914368,0.4491996634729806,0.6202527828409815,-0.08484957003088191,0.3117701673779104,0.27647477043067387,-0.5764549259964886,63.8
-0.45446806118581407,0.22328200279392404,-0.13879011543028616,0.38795144179213825,0.234957899918727,0.2808819649736518,-0.24508792353240003,1.3684326886040319,1.3999694859540786,-0.45174919305813305,66.6
-0.45446806118581407,-0.2468053301583219,-0.012686813223614622,0.5785602216666998,0.6205930743163834,0.5778314306075653,-0.3252071002831591,2.1777912155006356,2.325200428149823,-0.10880842747765573,75.0
-0.45446806118581407,-1.1545601799971417,0.2563335648172847,-0.1457531418566343,-0.02213221634637729,-0.01606750066026172,-0.22505812934471028,1.863040677263067,1.8846142651994682,-1.2623364571574434,64.2
-0.45446806118581407,0.44211576123721097,-0.1892314363129548,-0.18387489783154662,-0.3220706853223323,-0.31301696629417525,-0.08484957003088191,1.0087177877610969,0.915324706708688,-1.4493950565649762,61.2
2.200374647650189,-0.8141521113075842,-0.2564865308231796,0.5404384656917876,0.6205930743163834,0.6202527828409815,-0.3252071002831591,-0.9022676229669949,-0.8690492532402484,0.4211909375103552,78.8
2.200374647650189,-0.741207525159822,-0.2564865308231796,0.5785602216666998,0.5777447216055328,0.7050954873078139,-0.3252071002831591,-0.9022676229669949,-0.891078561387766,0.5147202372141214,86.0
-0.45446806118581407,0.920308048205875,0.20589224393461605,-0.2982401657562836,-1.564672913937003,-1.5856575332966616,-0.024760187467812608,1.5707723203281827,1.5101160266916671,-2.665275952713942,53.7
-0.45446806118581407,-1.20318990409565,-0.2564865308231796,0.5785602216666998,0.5348963688946821,0.5354100783741491,-0.3252071002831591,-0.47510617821600976,-0.4725217065849292,0.2653087713374109,75.4
-0.45446806118581407,-0.6520530309792236,-0.2564865308231796,0.7310472455663491,0.7062897797380849,0.7050954873078139,-0.3252071002831591,0.19935926086449324,0.05618168895549653,0.8888374360291881,77.1
-0.45446806118581407,-0.1738607440105596,-0.1724176626853986,0.4641949537419629,0.3635029580512792,0.3657246694404842,-0.3252071002831591,-0.6324814473347937,-0.6707854799125887,0.48354380397953267,74.8
-0.45446806118581407,3.2707447129671046,-0.23126587038184532,0.27358617386740125,0.1921095472078763,0.0687752038065707,9.429302669121755,0.9187890625503632,0.9373540148562057,-0.857042825107788,47.1
-0.45446806118581407,0.03686806041630928,-0.2564865308231796,0.1592209059426643,0.020716136364473427,0.0687752038065707,-0.3252071002831591,-1.059642892085779,-1.0452837184203903,-0.10880842747765573,68.9
2.200374647650189,-1.20318990409565,-0.05472124729250514,-2.661789036200848,0.4491996634729806,0.49298872614073286,-0.3252071002831591,-0.9472319855723618,-0.9571664858303194,0.12062082783594635,78.8
-0.45446806118581407,0.3772761291058667,0.18067158349328175,0.4641949537419629,-3.1500619642384797,-3.1128262136996456,-0.22505812934471028,1.840558495960384,1.862584957051951,-1.106454290984499,65.2
2.200374647650189,-0.7979422032747482,-0.23967275719562342,0.6548037336165246,0.5777447216055328,0.5778314306075653,-0.3252071002831591,-0.9697141668750453,-0.9791957939778371,1.3253075013134321,81.6
-0.45446806118581407,-0.5872133988478794,-0.2564865308231796,0.5023167097168753,0.1921095472078763,0.40814602167390046,-0.3252071002831591,-0.54255272212406,-0.5386096310274824,0.5770731036832994,76.8
-0.45446806118581407,1.1958764847640881,-0.24807964400940152,0.7310472455663491,0.6634414270272342,0.40814602167390046,-0.3252071002831591,3.211971555424073,3.294489986640603,-1.4805714897995654,62.0
2.200374647650189,-0.7249976171269858,-0.2564865308231796,0.12559904543917821,0.4920480161838313,0.49298872614073286,-0.3252071002831591,-0.8573032603616281,-0.891078561387766,2.0735418989435646,81.0
-0.45446806118581407,-0.5710034908150433,-0.2564865308231796,0.38795144179213825,-3.1500619642384797,0.2808819649736518,-0.3252071002831591,-0.5200705408213766,-0.5165803228799646,0.39001450427576645,76.4
-0.45446806118581407,-1.219399812128486,-0.24807964400940152,0.5404384656917876,0.7062897797380849,0.45056737390731666,-0.3252071002831591,-0.34021309039990916,-0.38440447399485816,1.2317782016096654,78.1
-0.45446806118581407,1.4552350132894651,0.14704403623816933,-1.403771089028741,-3.3643037277927332,-3.3249329748667265,-0.16496874678164097,0.6265207056154786,0.5628557763484043,-0.8851385831215677,51.1
-0.45446806118581407,0.9122030941894569,-0.23126587038184532,0.6548037336165246,0.5348963688946821,0.5778314306075653,0.015299400907566912,0.6939672495235288,0.6509730089384754,-1.0441014245153215,59.8
-0.45446806118581407,0.19086218672825192,-0.09675568136139566,0.38795144179213825,0.10641284178617486,0.2808819649736518,-0.28514751190777954,1.0311999690637803,0.9593833230037238,-0.7946899586386104,66.7
2.200374647650189,-0.34406477835533833,-0.2564865308231796,0.7691690015412614,0.7062897797380849,0.7050954873078139,-0.3252071002831591,-0.8348210790589446,-0.8029613287976952,0.9200138692637768,75.6
-0.45446806118581407,-0.7168926631105679,-0.2564865308231796,0.6929254895914368,0.6634414270272342,0.6202527828409815,-0.3252071002831591,0.019501810443025812,-0.07599415992960999,-0.015279127773888937,77.3
-0.45446806118581407,0.7987337379596045,-0.23967275719562342,0.7310472455663491,0.6634414270272342,0.6626741350743978,-0.3252071002831591,-0.5650349034267435,-0.5386096310274824,-0.6076313592310774,63.8
-0.45446806118581407,2.922231690261129,0.0461613944728321,0.4641949537419629,0.4063513107621299,0.3657246694404842,3.039798323248721,0.4691454364966945,0.43067992746329803,-0.7635135254040216,50.0
-0.45446806118581407,0.06928787648198141,-0.2564865308231796,0.6929254895914368,0.6634414270272342,0.6202527828409815,-0.3252071002831591,-0.20532000258380853,-0.18614070066719868,0.7953081363254213,71.1
-0.45446806118581407,0.49074548533571916,-0.2564865308231796,-1.3656493330538286,0.4920480161838313,0.49298872614073286,-0.024760187467812608,0.5590741617074283,0.5408264682008868,-0.7323370921694329,63.4
-0.45446806118581407,0.5636900714834815,-0.13879011543028616,-0.06950962990680964,-0.2792223326114816,-0.2281742618273428,-0.3252071002831591,-0.7898567164535778,-0.8029613287976952,0.6082495369178882,63.9
-0.45446806118581407,-1.1869799960628138,-0.2564865308231796,0.38795144179213825,0.234957899918727,0.40814602167390046,-0.3252071002831591,-1.059642892085779,-1.0452837184203903,-0.5141020595273106,67.5
-0.45446806118581407,1.0013575883700554,-0.23126587038184532,0.6166819776416121,0.4920480161838313,0.5354100783741491,0.25565693115984406,0.9187890625503632,0.8712660904136528,-1.2311600239228546,58.2
-0.45446806118581407,0.4259058532043749,-0.1976383231267329,0.6929254895914368,0.6205930743163834,0.6202527828409815,-0.3252071002831591,-0.38517745300527595,-0.36237516584734053,-0.45174919305813305,65.6
-0.45446806118581407,-1.1140354099150516,0.18907847030705985,-0.4888489456308452,-0.4506157434548845,-0.6948091363949211,-0.04478998165550239,0.7614137934315792,0.6950316252335107,-1.3558657568612098,57.2
-0.45446806118581407,0.40969594517153884,-0.22285898356806721,0.7691690015412614,0.7062897797380849,0.6626741350743978,-0.3252071002831591,-0.3177309090972257,-0.318316549552305,0.015897305460699812,66.7
-0.45446806118581407,1.2282963008297603,0.48331950878929353,-0.6032142135555821,-2.0360047937563612,-2.0947137600976564,-0.3252071002831591,-0.6324814473347937,-0.5606389391750001,-1.9170415550838091,55.3
-0.45446806118581407,-0.6601579849956416,-0.23126587038184532,-0.18387489783154662,0.7062897797380849,0.7050954873078139,-0.3252071002831591,-0.9697141668750453,-0.9571664858303194,1.2629546348442546,81.7
-0.45446806118581407,1.2039814387805061,-0.08834879454761756,0.08297739399283964,0.6205930743163834,0.6202527828409815,-0.28514751190777954,-0.4975883595186931,-0.4504923984374114,0.23413233810282216,64.8
-0.45446806118581407,3.4733685633775555,-0.1976383231267329,0.5785602216666998,-0.02213221634637729,-0.05848885289367794,0.03532919509525665,-0.8348210790589446,-0.8470199450927306,-2.5405702197755864,45.3
2.200374647650189,-0.8789917434389285,-0.24807964400940152,0.6929254895914368,0.6205930743163834,0.6202527828409815,-0.3252071002831591,-0.9697141668750453,-0.9791957939778371,1.7617775665976758,82.8
-0.45446806118581407,-0.984356145652363,0.10500960216927882,-1.518136356953478,-2.2073982045997638,-2.434084577964986,0.6562528149136394,1.390914869906715,1.3338815615115251,-2.16645302096052,48.1
2.200374647650189,-0.7168926631105679,-0.2564865308231796,0.12559904543917821,0.5348963688946821,0.5354100783741491,-0.3252071002831591,-0.7898567164535778,-0.7809320206501774,1.7306011333630875,87.0
-0.45446806118581407,1.7956430819790226,-0.046314360478727036,0.6548037336165246,-0.49346409616573517,-3.155247565933062,0.6963124032890189,0.9187890625503632,0.8712660904136528,-2.3535116203680535,58.0
-0.45446806118581407,-0.027971571715034994,-0.2564865308231796,0.6929254895914368,0.5777447216055328,0.6202527828409815,-0.3252071002831591,0.5815563430101116,0.5408264682008868,0.45236737074494393,72.9
-0.45446806118581407,-1.235609720161322,-0.2564865308231796,0.5404384656917876,0.5348963688946821,0.45056737390731666,-0.3252071002831591,-0.45262399691332633,-0.4504923984374114,0.14060303839905536,75.0
-0.45446806118581407,0.16654732467899783,-0.2564865308231796,0.7691690015412614,0.7062897797380849,0.7050954873078139,-0.3252071002831591,0.2218414421671768,0.2985040785781915,0.3276616378065884,72.2
-0.45446806118581407,1.884797576159621,-0.03790747366494893,0.38795144179213825,0.27780625262957775,0.2808819649736518,1.197057257981263,0.4466632551940111,0.47473854375833335,-1.1999835906882659,53.4
2.200374647650189,-0.8870966974553466,-0.2564865308231796,0.6548037336165246,0.5777447216055328,0.5778314306075653,-0.3252071002831591,-0.6099992660321103,-0.6046975554700355,1.0447196022021323,83.1
-0.45446806118581407,-0.3683796404045924,-0.24807964400940152,0.5785602216666998,0.4920480161838313,0.49298872614073286,-0.3252071002831591,-0.744892353848211,-0.7589027125026597,1.1382489019058986,76.4
2.200374647650189,0.004448244350637142,-0.24807964400940152,0.12559904543917821,0.7062897797380849,0.7050954873078139,-0.3252071002831591,-0.6774458099401607,-0.6707854799125887,1.0135431689675436,74.1
-0.45446806118581407,-0.21438551409264978,-0.046314360478727036,0.6929254895914368,0.6634414270272342,0.7050954873078139,-0.3252071002831591,0.5815563430101116,0.6289437007909575,-0.07763199424306644,72.4
-0.45446806118581407,0.8635733700909487,0.08819582854172262,-2.661789036200848,-3.1500619642384797,-3.1128262136996456,-0.18499854096933072,0.8288603373396294,0.6950316252335107,-1.5117479230341542,58.6
-0.45446806118581407,0.5798999795163176,-0.1976383231267329,0.7691690015412614,0.6634414270272342,0.7050954873078139,-0.3252071002831591,-0.587517084729427,-0.5386096310274824,0.7641317030908326,67.8
-0.45446806118581407,0.4259058532043749,0.3067748856999533,-1.0225535292796177,0.10641284178617486,0.0687752038065707,-0.3252071002831591,-0.8797854416643115,1.0475005555937944,-0.13998486071224447,67.2
-0.45446806118581407,-0.7331025711434039,-0.2564865308231796,0.7310472455663491,0.7062897797380849,0.7050954873078139,-0.3252071002831591,-0.9247498042696785,-0.9351371776828016,1.5747189671901434,86.0
2.200374647650189,-0.7979422032747482,-0.23967275719562342,0.6548037336165246,0.6205930743163834,0.49298872614073286,-0.3252071002831591,-0.9921963481777287,-0.9791957939778371,1.1070724686713098,89.0
-0.45446806118581407,-1.1626651340135596,-0.004279926409836519,-0.6413359695304945,-0.5791608015874367,-0.35543831852759145,-0.3252071002831591,0.10943053565375963,0.05618168895549653,-0.7011606589348436,67.2
-0.45446806118581407,-0.6682629390120597,-0.2564865308231796,0.12559904543917821,0.7062897797380849,0.7050954873078139,-0.3252071002831591,-0.9022676229669949,-0.9131078695352839,1.543542533955554,84.0
2.200374647650189,-1.2842394442598302,-0.23967275719562342,0.6548037336165246,0.5777447216055328,0.5778314306075653,-0.3252071002831591,-0.9921963481777287,-0.9791957939778371,1.3564839345480204,81.8
-0.45446806118581407,1.6821737257491702,1.8116076253662339,-0.06950962990680964,-1.1790377395393468,-2.1371351123310727,0.6362230207259497,1.5482901390254995,1.488086718544149,-2.415864486837231,52.5
-0.45446806118581407,0.7663139218939323,-0.046314360478727036,0.006733882043014999,-3.1929103169493303,-0.14333155736051037,-0.024760187467812608,0.6714850682208454,0.6289437007909575,-0.857042825107788,58.4
2.200374647650189,-1.2923443982762484,-0.2564865308231796,0.12559904543917821,0.27780625262957775,0.2808819649736518,-0.3252071002831591,-0.8797854416643115,-0.891078561387766,2.0735418989435646,82.5
-0.45446806118581407,-0.18196569802697762,-0.2564865308231796,0.12109914996775197,0.06356448907532414,-0.01606750066026172,-0.3252071002831591,-1.0821250733884624,-1.067313026567908,0.7329552698562438,72.8
-0.45446806118581407,-0.28733010024041206,-0.021093700037392724,-0.7557012374552314,0.4491996634729806,-0.9917586020288347,-0.3252071002831591,2.110344671592585,2.193024579264717,0.07825017192987786,75.7
-0.45446806118581407,2.119841242635744,0.2479266780035066,0.08297739399283964,-0.2363739799006309,-0.05848885289367794,0.3958654904736724,0.3567345299832773,0.32053338672570936,-0.8851385831215677,51.0
-0.45446806118581407,0.709579243779006,-0.24807964400940152,0.7691690015412614,0.6634414270272342,0.7050954873078139,-0.3252071002831591,-0.587517084729427,-0.5386096310274824,0.7329552698562438,68.1
-0.45446806118581407,-0.5791084448314613,-0.2564865308231796,0.7691690015412614,0.4920480161838313,0.6202527828409815,-0.3252071002831591,0.3117701673779104,0.18835753784060286,0.7017788366216551,76.3
2.200374647650189,-1.1869799960628138,-0.2564865308231796,0.4641949537419629,0.4063513107621299,0.40814602167390046,-0.3252071002831591,-0.6099992660321103,-0.5826682473225179,1.2317782016096654,72.8
-0.45446806118581407,0.1584423706625798,-0.07153502092006135,0.7691690015412614,0.6634414270272342,0.5778314306075653,-0.28514751190777954,-0.40765963430795943,-0.4064337821423759,-0.07763199424306644,67.8
-0.45446806118581407,1.0580922664849814,0.4496919615341811,-0.5650924575806698,-1.0504926814067945,-1.034179954262251,-0.3252071002831591,3.211971555424073,3.162314137755497,-1.2311600239228546,57.3
-0.45446806118581407,-0.01986661769861696,-0.2564865308231796,0.7691690015412614,0.7062897797380849,0.7050954873078139,-0.3252071002831591,-0.3177309090972257,-0.318316549552305,0.39001450427576645,72.5
-0.45446806118581407,1.0013575883700554,-0.1892314363129548,0.5785602216666998,0.4920480161838313,0.45056737390731666,-0.3252071002831591,-0.5650349034267435,-0.5386096310274824,0.82648456956001,65.3
-0.45446806118581407,-0.7168926631105679,-0.2564865308231796,0.7310472455663491,0.7062897797380849,0.7050954873078139,-0.3252071002831591,-0.9247498042696785,-0.9351371776828016,1.4811896674863765,84.0
-0.45446806118581407,-1.24371467417774,-0.2564865308231796,-2.661789036200848,0.14926119449702557,-3.155247565933062,-0.3252071002831591,-0.40765963430795943,-0.4064337821423759,-0.04645556100847768,75.4
-0.45446806118581407,-0.6763678930284777,-0.2564865308231796,0.5023167097168753,0.4491996634729806,0.49298872614073286,-0.3252071002831591,-0.9247498042696785,-0.9131078695352839,0.9823667357329543,79.1
-0.45446806118581407,0.6528445656640799,-0.206045209940511,0.7310472455663491,0.6634414270272342,0.6626741350743978,-0.3252071002831591,-0.3626952717025926,-0.36237516584734053,-0.5141020595273106,63.7
-0.45446806118581407,-0.6115282608971334,-0.2564865308231796,0.38795144179213825,0.14926119449702557,0.15361790827340313,-0.3252071002831591,-0.5650349034267435,-0.5606389391750001,0.6706024033870658,77.2
-0.45446806118581407,-0.35216973237175636,-0.2564865308231796,0.5785602216666998,0.4920480161838313,0.49298872614073286,-0.28514751190777954,0.49162761779937786,0.47473854375833335,0.35883807104117715,72.7
-0.45446806118581407,1.4957597833715555,-0.012686813223614622,-0.03138787393189733,-3.235758669660181,-0.18575290959392657,0.7764315800397779,0.3567345299832773,0.2985040785781915,0.07825017192987786,59.2
-0.45446806118581407,-0.19007065204339568,-0.24807964400940152,-0.37448367770610824,0.6205930743163834,0.49298872614073286,-0.3252071002831591,-0.6324814473347937,-0.6267268636175533,-0.2958670268851888,72.6
2.200374647650189,-0.6925778010613137,-0.2564865308231796,0.3498296858172259,0.1921095472078763,0.2808819649736518,-0.3252071002831591,-1.0371607107830956,-1.0232544102728724,1.9800125992397977,79.2
2.200374647650189,-0.8060471572911663,-0.2564865308231796,0.5404384656917876,0.4491996634729806,0.45056737390731666,-0.3252071002831591,-0.6774458099401607,-0.6267268636175533,1.2006017683750767,81.5
-0.45446806118581407,1.0580922664849814,1.735945644042231,-0.5269707016057575,-0.7934025651416902,-0.7372304886283374,0.015299400907566912,-0.6999279912428441,-0.7148440962076241,-0.8851385831215677,56.3
-0.45446806118581407,0.709579243779006,0.14704403623816933,-2.471180256326286,-0.36491903803318304,-0.35543831852759145,-0.3252071002831591,2.0653803089872182,2.016790114084575,-1.3558657568612098,68.0
-0.45446806118581407,-0.3845895484374285,-0.2564865308231796,0.5785602216666998,0.4920480161838313,0.49298872614073286,-0.3252071002831591,-0.7673745351508944,-0.7809320206501774,1.075896035436721,76.8
-0.45446806118581407,4.4621729533805565,-0.03790747366494893,-2.7380325481506724,-3.235758669660181,-0.6099664319280887,7.005697572411295,1.0986465129718308,1.09155917188883,-0.7946899586386104,44.5
-0.45446806118581407,-0.34406477835533833,-0.24807964400940152,0.7691690015412614,0.7062897797380849,0.7050954873078139,-0.3252071002831591,0.49162761779937786,0.4086506193157802,-0.17116129394683324,74.0
-0.45446806118581407,-0.26301523819115796,-0.24807964400940152,0.4641949537419629,0.4491996634729806,0.3657246694404842,-0.3252071002831591,-0.6549636286374771,-0.6267268636175533,-0.35821989335436627,73.0
-0.45446806118581407,-1.235609720161322,-0.23126587038184532,0.7691690015412614,0.7062897797380849,0.7050954873078139,-0.3252071002831591,0.3117701673779104,0.2985040785781915,0.7329552698562438,74.7
2.200374647650189,0.03686806041630928,-0.2564865308231796,0.5785602216666998,0.4491996634729806,0.45056737390731666,-0.3252071002831591,-0.5200705408213766,-0.49455101473244684,1.3876603677826098,73.4
2.200374647650189,-0.7898372492583302,-0.24807964400940152,0.6166819776416121,0.4063513107621299,0.40814602167390046,-0.3252071002831591,-0.9472319855723618,-0.9571664858303194,2.5723648306969866,81.0
-0.45446806118581407,0.9932526343536373,-0.14719700224406426,0.3498296858172259,0.234957899918727,0.23846061274023558,-0.1449389525939512,0.3567345299832773,0.27647477043067387,-0.015279127773888937,59.9
-0.45446806118581407,0.17465227869541586,-0.2564865308231796,0.7691690015412614,0.7062897797380849,0.7050954873078139,-0.3252071002831591,0.2668058047725435,0.3645920030207447,0.015897305460699812,72.1
-0.45446806118581407,-0.37648459442101045,-0.22285898356806721,0.7310472455663491,0.6634414270272342,0.6626741350743978,-0.3252071002831591,-0.2502843651891754,-0.25222862510975186,0.48354380397953267,73.3
-0.45446806118581407,-1.1221403639314695,-0.2564865308231796,0.6166819776416121,0.5348963688946821,0.7050954873078139,-0.3252071002831591,-1.0821250733884624,-1.067313026567908,-0.04645556100847768,65.5
-0.45446806118581407,-0.16575578999414156,-0.1892314363129548,0.6548037336165246,0.4063513107621299,0.5778314306075653,-0.28514751190777954,-0.7898567164535778,-0.8029613287976952,0.23413233810282216,74.4
-0.45446806118581407,1.0013575883700554,-0.22285898356806721,-2.69991079217576,-0.19352562718978017,-3.155247565933062,0.856550756790537,0.7614137934315792,0.6950316252335107,-0.9817485580461435,56.3
-0.45446806118581407,1.2769260249282683,-0.08834879454761756,0.5785602216666998,0.6205930743163834,0.5778314306075653,-0.26511771772008974,-0.5200705408213766,-0.4725217065849292,0.35883807104117715,64.6
-0.45446806118581407,-1.2680295362269942,-0.24807964400940152,0.6548037336165246,0.5777447216055328,0.5778314306075653,-0.3252071002831591,0.041983991745709166,0.01212307266046102,0.39001450427576645,76.5
-0.45446806118581407,2.119841242635744,-0.23126587038184532,0.12109914996775197,-0.15067727447892945,-0.18575290959392657,4.441883916387004,2.3126843033167357,2.3031711200023057,-0.10880842747765573,56.5
-0.45446806118581407,0.4826405313193011,0.054568281286610204,-0.37448367770610824,-0.8362509178525409,-0.5675450796946725,-0.3252071002831591,1.9529694024738011,1.862584957051951,-0.9505721248115547,65.7
-0.45446806118581407,-0.35216973237175636,-0.23967275719562342,-0.6794577255054068,0.020716136364473427,0.19603926050681936,-0.3252071002831591,-0.43014181561064285,-0.4064337821423759,-0.10880842747765573,73.0
-0.45446806118581407,1.8118529900118587,0.3151817725137314,-2.69991079217576,-0.2363739799006309,-3.155247565933062,1.7178319068611967,0.806378156036946,0.7611195496760641,-0.7323370921694329,55.3
2.200374647650189,-0.6439480769628055,-0.2564865308231796,0.6166819776416121,0.7062897797380849,0.7050954873078139,-0.3252071002831591,-0.9022676229669949,-0.891078561387766,0.45236737074494393,79.4
-0.45446806118581407,0.004448244350637142,-0.1724176626853986,0.6548037336165246,0.6634414270272342,0.2808819649736518,-0.3252071002831591,0.15439489825912633,0.14429892154556734,-0.10173128462173259,68.5
-0.45446806118581407,1.6011241855849898,0.40765752746529055,-2.69991079217576,-0.15067727447892945,-3.155247565933062,1.2571466405443323,0.24432362346986014,0.23241615413563838,-0.35821989335436627,58.4
-0.45446806118581407,0.17465227869541586,-0.029500586851170827,-0.6413359695304945,0.7062897797380849,0.7050954873078139,-0.30517730609546934,-0.3626952717025926,-0.36237516584734053,-0.32704346011977753,67.1
2.200374647650189,-1.211294858112068,-0.2564865308231796,0.5785602216666998,0.5777447216055328,0.7050954873078139,-0.3252071002831591,-0.9472319855723618,-0.9571664858303194,1.169425335140488,77.3
-0.45446806118581407,-0.5466886287657892,-0.2564865308231796,-2.661789036200848,-3.1500619642384797,-3.1128262136996456,-0.3252071002831591,-0.4975883595186931,-0.49455101473244684,0.39001450427576645,76.1
-0.45446806118581407,-0.5628985367986252,-0.24807964400940152,0.5023167097168753,0.4063513107621299,0.40814602167390046,-0.3252071002831591,-0.7224101725455274,-0.7148440962076241,0.6706024033870658,79.6
-0.45446806118581407,1.868587668126785,0.22270601756217226,0.12109914996775197,-0.06498056905722802,-0.01606750066026172,1.0568486986674346,0.3792167112859607,0.3645920030207447,-1.2623364571574434,53.6
-0.45446806118581407,-0.7574174331926581,-0.24807964400940152,0.7310472455663491,0.4491996634729806,0.45056737390731666,-0.3252071002831591,-0.8573032603616281,-0.8470199450927306,1.2317782016096654,79.7
-0.45446806118581407,1.382290427141703,0.2983679988861752,-0.5650924575806698,-3.235758669660181,-0.7796518408617537,0.03532919509525665,0.7614137934315792,0.7170609333810284,-0.20233772718142198,52.4
-0.45446806118581407,1.0499873124685635,-0.23967275719562342,-0.4507271896559329,-0.6220091542982873,-0.652387784161505,1.0568486986674346,0.3567345299832773,0.32053338672570936,0.14060303839905536,62.3
-0.45446806118581407,1.674068771732752,-0.14719700224406426,-0.5650924575806698,-1.3504311503827495,-1.840185646697159,0.27568672534753386,0.8738246999449965,0.8712660904136528,-0.5141020595273106,56.0
2.200374647650189,-0.74931247917624,-0.2564865308231796,0.12559904543917821,0.4063513107621299,0.40814602167390046,-0.3252071002831591,-0.8797854416643115,-0.891078561387766,1.5747189671901434,80.0
-0.45446806118581407,-1.211294858112068,-0.15560388905784237,0.3498296858172259,0.234957899918727,0.23846061274023558,-0.3252071002831591,-0.6099992660321103,-0.648756171765071,0.23413233810282216,73.6
-0.45446806118581407,-1.227504766144904,-0.1640107758716205,0.08297739399283964,0.3635029580512792,0.6626741350743978,-0.3252071002831591,-0.8573032603616281,-0.8690492532402484,1.3253075013134321,74.7
-0.45446806118581407,1.430920151240211,1.6686905495320061,-0.18387489783154662,-3.3643037277927332,-1.8826069989305751,0.13547816603370547,1.6157366829335496,1.5321453348391847,-0.8851385831215677,52.1
-0.45446806118581407,0.5150603473849733,-0.24807964400940152,0.5785602216666998,0.6634414270272342,0.6202527828409815,-0.3252071002831591,-0.3177309090972257,-0.29628724140478724,0.9801611372058415,67.6
-0.45446806118581407,-0.35216973237175636,-0.2564865308231796,0.5404384656917876,0.5348963688946821,0.5354100783741491,-0.3252071002831591,-0.6324814473347937,-0.6267268636175533,0.6706024033870658,74.6
-0.45446806118581407,1.0013575883700554,-0.1640107758716205,-0.4888489456308452,-0.15067727447892945,-0.39785967076100764,-0.12490915840626142,-0.7898567164535778,-0.8029613287976952,-0.8882192583423772,61.6
-0.45446806118581407,0.9851476803372192,-0.206045209940511,0.6548037336165246,0.5777447216055328,0.5778314306075653,-0.2050283351570205,0.8738246999449965,0.8272074741186171,-2.197629454195109,62.9
2.200374647650189,-0.8141521113075842,-0.24807964400940152,0.6929254895914368,0.6205930743163834,0.6202527828409815,-0.3252071002831591,-0.9697141668750453,-0.9791957939778371,1.3564839345480204,81.9
-0.45446806118581407,0.02065815238347321,-0.24807964400940152,0.5023167097168753,0.7062897797380849,0.7050954873078139,0.11544837184601568,-0.6549636286374771,-0.6928147880601065,-0.10880842747765573,73.0
-0.45446806118581407,1.212086392796924,-0.021093700037392724,0.27358617386740125,-0.19352562718978017,0.15361790827340313,0.516044255599811,0.3117701673779104,0.27647477043067387,0.14060303839905536,61.1
-0.45446806118581407,3.643572597722334,0.11341648898305692,0.08297739399283964,0.10641284178617486,0.11119655603998693,3.400334618627137,0.5815563430101116,0.5628557763484043,-0.7635135254040216,43.8
-0.45446806118581407,-1.3247642143419205,-0.23126587038184532,0.7310472455663491,0.6634414270272342,0.6626741350743978,-0.3252071002831591,0.3567345299832773,0.32053338672570936,0.7953081363254213,75.3
-0.45446806118581407,0.3772761291058667,-0.2564865308231796,0.7691690015412614,0.6634414270272342,0.7050954873078139,-0.24508792353240003,2.357648665922103,2.4353469688874116,0.14060303839905536,69.8
-0.45446806118581407,-0.14144092794488747,-0.2564865308231796,0.7691690015412614,0.6634414270272342,0.7050954873078139,-0.3252071002831591,-0.3177309090972257,-0.34034585769982273,-3.756451115924552,74.6
-0.45446806118581407,-1.219399812128486,-0.23126587038184532,0.6929254895914368,0.6634414270272342,0.6626741350743978,-0.3252071002831591,0.33425234868059395,0.2985040785781915,0.5770731036832994,74.2
-0.45446806118581407,1.0013575883700554,-0.07994190773383945,0.5785602216666998,0.4920480161838313,0.49298872614073286,-0.2050283351570205,0.5365919804047448,0.4967678519058512,-0.45174919305813305,59.6
-0.45446806118581407,1.5362845534536456,-0.1892314363129548,-0.5650924575806698,-0.49346409616573517,-0.4402810229944239,0.6562528149136394,0.806378156036946,0.7170609333810284,-0.7011606589348436,58.2
-0.45446806118581407,2.3062551850133586,0.5589814901132965,-2.661789036200848,0.3635029580512792,-3.1128262136996456,1.6577425242981274,0.6265207056154786,0.584885084495922,-0.8851385831215677,52.2
2.200374647650189,-0.23059542212548584,-0.23967275719562342,0.7310472455663491,0.5777447216055328,0.7050954873078139,-0.3252071002831591,-0.6324814473347937,-0.5826682473225179,0.9511903024983656,75.7
-0.45446806118581407,-0.9357264215538548,-0.12197634180272997,-1.2131623091541794,-1.9074597356238088,-1.9250283511639914,2.5190236743687873,-0.7673745351508944,-0.7589027125026597,-2.135276587725931,46.0
-0.45446806118581407,-0.1009161578627973,-0.23126587038184532,0.38795144179213825,0.10641284178617486,0.2808819649736518,-0.3252071002831591,-0.6324814473347937,-0.648756171765071,0.1094266051644666,73.2
-0.45446806118581407,-0.7249976171269858,-0.23967275719562342,0.5785602216666998,0.4063513107621299,0.49298872614073286,-0.3252071002831591,-0.7673745351508944,-0.8690492532402484,-0.10173128462173259,83.0
-0.45446806118581407,3.351794253131285,0.0461613944728321,0.08297739399283964,0.06356448907532414,0.026353851573154497,3.18000688256255,0.5141097991020613,0.47473854375833335,-0.48292562629272184,47.9
-0.45446806118581407,-0.23870037614190387,0.037754507659054,-0.41260543368102054,-0.5791608015874367,-0.6099664319280887,-0.3252071002831591,0.041983991745709166,0.01212307266046102,-0.04645556100847768,71.6
-0.45446806118581407,0.5474801634506454,0.15545092305194744,-0.2982401657562836,-0.49346409616573517,-0.4827023752278401,-0.2050283351570205,-0.8123388977562612,-0.8470199450927306,-2.16645302096052,63.0
-0.45446806118581407,-1.219399812128486,-0.1724176626853986,0.5404384656917876,0.4063513107621299,0.45056737390731666,-0.28514751190777954,-0.8348210790589446,-0.8249906369452128,0.39001450427576645,73.8
-0.45446806118581407,-0.4332192725359367,-0.2564865308231796,0.23546441789248895,0.10641284178617486,0.11119655603998693,-0.3252071002831591,-0.22780218388649198,-0.23019931696223409,1.0135431689675436,74.4
-0.45446806118581407,-1.1545601799971417,-0.1976383231267329,0.006733882043014999,-0.7505542124308395,-0.14333155736051037,0.11544837184601568,-0.29524872779454225,-0.318316549552305,0.1094266051644666,73.0
-0.45446806118581407,-0.5953183528642974,-0.23967275719562342,0.6166819776416121,0.4920480161838313,0.49298872614073286,-0.3252071002831591,-0.9022676229669949,-0.891078561387766,0.8888374360291881,78.9
-0.45446806118581407,0.2557018188595962,9.831777645710543,-1.5562581129283903,-0.2792223326114816,-0.14333155736051037,-0.30517730609546934,4.965581697033381,5.034805330294504,-0.5141020595273106,66.4
-0.45446806118581407,1.382290427141703,-0.1640107758716205,-0.8319447494050561,-1.3504311503827495,-0.9917586020288347,-0.12490915840626142,-0.744892353848211,-0.7589027125026597,-1.8235122553800427,58.9
2.200374647650189,-1.20318990409565,-0.24807964400940152,0.5404384656917876,0.4920480161838313,0.49298872614073286,-0.3252071002831591,-0.5650349034267435,-0.5386096310274824,0.2653087713374109,71.6
-0.45446806118581407,2.6871880237850063,0.19748535712083795,0.1592209059426643,-0.15067727447892945,-0.01606750066026172,5.283135272269975,-0.744892353848211,1.7304091081668445,0.2653087713374109,54.0
-0.45446806118581407,-1.219399812128486,-0.2564865308231796,0.12109914996775197,0.06356448907532414,-0.01606750066026172,-0.3252071002831591,-1.0821250733884624,-1.067313026567908,0.7329552698562438,72.9
-0.45446806118581407,-0.2468053301583219,-0.23967275719562342,0.7310472455663491,0.6634414270272342,0.6626741350743978,-0.3252071002831591,0.131912716956443,0.10024030525053204,1.0447196022021323,72.2
-0.45446806118581407,1.0013575883700554,0.12182337579683503,0.5404384656917876,0.4063513107621299,0.45056737390731666,-0.04478998165550239,1.0311999690637803,0.915324706708688,-2.0729237212567533,56.1
-0.45446806118581407,0.06928787648198141,1.6855043231595623,0.6548037336165246,0.020716136364473427,-0.01606750066026172,-0.3252071002831591,-0.45262399691332633,3.646958917000887,-1.4805714897995654,65.3
-0.45446806118581407,0.669054473696916,-0.24807964400940152,0.23546441789248895,-3.1500619642384797,0.11119655603998693,-0.00473039328012287,0.2218414421671768,0.1663282296930852,-0.35821989335436627,65.4
-0.45446806118581407,2.038791702471564,-0.1808245494991767,-2.7380325481506724,-2.2073982045997638,-2.0947137600976564,1.2170870521689527,1.0311999690637803,0.9373540148562057,-0.7011606589348436,52.9
-0.45446806118581407,-0.6520530309792236,-0.23967275719562342,-2.661789036200848,-3.1500619642384797,0.3657246694404842,-0.3252071002831591,-0.9247498042696785,-0.9131078695352839,1.1070724686713098,81.0
-0.45446806118581407,-1.211294858112068,-0.23126587038184532,0.6548037336165246,0.6205930743163834,0.6202527828409815,-0.3252071002831591,0.33425234868059395,0.2985040785781915,0.48354380397953267,74.0
-0.45446806118581407,-0.3359598243389203,-0.2564865308231796,0.7310472455663491,0.7062897797380849,0.7050954873078139,-0.26511771772008974,0.5590741617074283,0.5408264682008868,0.20295590486823284,72.5
-0.45446806118581407,-0.3845895484374285,-0.2564865308231796,0.5023167097168753,0.3635029580512792,0.40814602167390046,-0.3252071002831591,-0.20532000258380853,-0.20817000881471634,0.7953081363254213,73.9
-0.45446806118581407,2.338675001079031,-0.11356945498895187,-1.403771089028741,-1.6075212666478538,-1.7129215899969104,1.1169380812305039,0.9412712438530465,0.915324706708688,-1.761159388910865,48.6
-0.45446806118581407,0.09360273853123552,-0.2564865308231796,-0.4888489456308452,-0.664857507009138,-3.1976689181664777,-0.3252071002831591,-0.7224101725455274,-0.7368734043551419,-0.5764549259964886,69.3
-0.45446806118581407,1.390395381158121,-0.23126587038184532,-2.928641328025234,-1.4789762085153018,-1.8826069989305751,0.5360740497875008,-0.8797854416643115,-0.8690492532402484,-1.106454290984499,54.1
-0.45446806118581407,-0.3359598243389203,-0.24807964400940152,0.5023167097168753,0.4491996634729806,0.45056737390731666,-0.3252071002831591,-0.6324814473347937,-0.6267268636175533,0.7017788366216551,75.4
-0.45446806118581407,1.390395381158121,0.17226469667950364,-1.403771089028741,-1.5218245612261525,-1.7129215899969104,-0.18499854096933072,0.4241810738913276,0.38662131116826254,-0.8851385831215677,53.1
2.200374647650189,-0.01986661769861696,-0.2564865308231796,0.12559904543917821,0.7062897797380849,0.7050954873078139,-0.3252071002831591,-0.6999279912428441,-0.6928147880601065,1.0135431689675436,74.2
-0.45446806118581407,-0.31164496228966615,-0.1724176626853986,-2.661789036200848,0.4920480161838313,0.45056737390731666,-0.3252071002831591,-0.8797854416643115,-0.891078561387766,1.3253075013134321,75.4
-0.45446806118581407,-0.9519363295866908,-0.06312813410628325,0.5023167097168753,0.4063513107621299,0.40814602167390046,-0.18499854096933072,0.6265207056154786,0.584885084495922,-0.857042825107788,54.0
2.200374647650189,-0.741207525159822,-0.23967275719562342,0.6929254895914368,0.6634414270272342,0.6626741350743978,-0.3252071002831591,-0.9697141668750453,-0.9791957939778371,1.2006017683750767,88.0
-0.45446806118581407,-0.5953183528642974,-0.24807964400940152,0.7691690015412614,0.7062897797380849,0.7050954873078139,-0.3252071002831591,-0.7898567164535778,-0.7589027125026597,0.14060303839905536,76.2
2.200374647650189,-0.7979422032747482,-0.2564865308231796,0.12559904543917821,0.4920480161838313,0.49298872614073286,-0.3252071002831591,-0.9697141668750453,-1.0012251021253546,0.9823667357329543,81.1
2.200374647650189,-1.1869799960628138,-0.2564865308231796,0.6166819776416121,0.4063513107621299,0.40814602167390046,-0.3252071002831591,-0.4975883595186931,-0.4725217065849292,1.4500132342517873,72.8
-0.45446806118581407,-0.7087877090941498,-0.24807964400940152,0.7691690015412614,0.7062897797380849,0.7050954873078139,-0.3252071002831591,0.06446617304839272,0.01212307266046102,0.39001450427576645,76.9
-0.45446806118581407,-0.06039138778070713,-0.2564865308231796,0.4641949537419629,0.3635029580512792,0.2808819649736518,-0.3252071002831591,-1.0821250733884624,-1.067313026567908,0.35883807104117715,71.8
-0.45446806118581407,-0.6520530309792236,-0.24807964400940152,0.38795144179213825,0.27780625262957775,0.2808819649736518,-0.3252071002831591,-0.9022676229669949,-0.9131078695352839,0.5770731036832994,78.2
-0.45446806118581407,0.5231653014013913,-0.23967275719562342,-2.69991079217576,-0.15067727447892945,-3.155247565933062,0.1955675485967748,0.2668058047725435,0.2103868459881207,0.1717794716336441,66.0
-0.45446806118581407,-1.235609720161322,-0.2564865308231796,0.6929254895914368,0.5348963688946821,0.49298872614073286,-0.3252071002831591,-0.5200705408213766,-0.5165803228799646,-0.04645556100847768,73.5
-0.45446806118581407,0.16654732467899783,-0.2564865308231796,0.7691690015412614,0.7062897797380849,0.7050954873078139,-0.3252071002831591,0.2668058047725435,0.34256269487322705,0.015897305460699812,72.1
-0.45446806118581407,0.9040981401730389,-0.23967275719562342,0.12109914996775197,-3.1929103169493303,-0.01606750066026172,0.6362230207259497,0.3117701673779104,0.27647477043067387,0.14060303839905536,63.5
-0.45446806118581407,0.920308048205875,0.2479266780035066,0.6548037336165246,0.6205930743163834,0.5778314306075653,0.3357761079106031,0.7164494308262122,0.6509730089384754,-0.2958670268851888,61.2
2.200374647650189,-1.2842394442598302,-0.24807964400940152,0.6166819776416121,0.5777447216055328,0.5778314306075653,-0.3252071002831591,-0.9697141668750453,-0.9791957939778371,1.6994247001284983,82.4
-0.45446806118581407,0.012553198367055176,-0.22285898356806721,0.27358617386740125,0.14926119449702557,0.15361790827340313,-0.3252071002831591,-0.5650349034267435,-0.5826682473225179,0.20295590486823284,71.7
-0.45446806118581407,-1.2842394442598302,-0.24807964400940152,0.6929254895914368,0.4920480161838313,0.49298872614073286,-0.3252071002831591,-0.8348210790589446,-0.8470199450927306,1.2006017683750767,81.8
-0.45446806118581407,0.004448244350637142,-0.23967275719562342,-0.26011840978137124,-0.19352562718978017,-0.4402810229944239,-0.3252071002831591,1.5033257764201324,1.4660574103966315,0.015897305460699812,66.6
-0.45446806118581407,1.674068771732752,0.17226469667950364,0.12109914996775197,-3.1929103169493303,-0.01606750066026172,0.6362230207259497,0.24432362346986014,0.23241615413563838,-0.6388077924656661,55.6
-0.45446806118581407,0.6285297036148257,0.07138205491416641,-0.03138787393189733,-0.19352562718978017,-0.18575290959392657,-0.3252071002831591,2.020415946381852,1.9507021896420216,-1.0441014245153215,63.0
-0.45446806118581407,-0.37648459442101045,-0.1892314363129548,0.5785602216666998,0.4063513107621299,0.49298872614073286,-0.3252071002831591,-0.8797854416643115,-0.891078561387766,1.6370718336593209,76.2
-0.45446806118581407,-1.1869799960628138,-0.2564865308231796,-2.7380325481506724,-0.664857507009138,-0.4827023752278401,-0.3252071002831591,-0.7224101725455274,-0.7148440962076241,-0.7635135254040216,69.0
-0.45446806118581407,0.7663139218939323,-0.13038322861650806,-2.7761543041255847,-0.664857507009138,-0.6099664319280887,-0.04478998165550239,-0.20532000258380853,-0.20817000881471634,-1.0441014245153215,62.3
-0.45446806118581407,0.9932526343536373,-0.23126587038184532,0.7310472455663491,0.5777447216055328,0.5778314306075653,0.25565693115984406,0.8288603373396294,0.7831488578235817,-1.0752778577499102,58.7
-0.45446806118581407,0.27191172689243226,-0.22285898356806721,0.7310472455663491,0.6634414270272342,0.6626741350743978,-0.3252071002831591,-0.5650349034267435,-0.5386096310274824,0.9200138692637768,72.0
-0.45446806118581407,-0.6520530309792236,-0.2564865308231796,0.6929254895914368,0.6634414270272342,0.6202527828409815,-0.3252071002831591,-0.025462552162341095,-0.09802346807712765,0.5147202372141214,76.6
-0.45446806118581407,0.05307796844914534,-0.2564865308231796,0.5023167097168753,0.4920480161838313,0.40814602167390046,-0.28514751190777954,0.19935926086449324,0.23241615413563838,0.20295590486823284,71.1
-0.45446806118581407,0.8392585080416947,0.07138205491416641,0.4641949537419629,0.3635029580512792,0.3657246694404842,-0.22505812934471028,0.7389316121288956,0.6069143926434399,-1.3558657568612098,59.3
2.200374647650189,-0.6520530309792236,-0.2564865308231796,0.12559904543917821,0.5777447216055328,0.5778314306075653,-0.3252071002831591,-0.744892353848211,-0.7368734043551419,1.543542533955554,79.8
-0.45446806118581407,-0.28733010024041206,0.20589224393461605,0.6929254895914368,0.6205930743163834,0.6202527828409815,-0.3252071002831591,-0.6549636286374771,-0.6707854799125887,-0.20233772718142198,74.8
-0.45446806118581407,1.0661972205013996,-0.24807964400940152,-2.0518409406022506,0.234957899918727,0.23846061274023558,0.3558059020982929,0.19935926086449324,0.1663282296930852,-2.3535116203680535,59.8
2.200374647650189,-0.16575578999414156,-0.23967275719562342,0.7310472455663491,0.7062897797380849,0.7050954873078139,-0.3252071002831591,-0.587517084729427,-0.5386096310274824,0.8576610027945993,75.0
-0.45446806118581407,1.0905120825506536,1.7275387572284528,-2.7380325481506724,-0.4506157434548845,-3.1976689181664777,0.03532919509525665,1.390914869906715,-0.6707854799125887,-0.8851385831215677,55.7
2.200374647650189,-0.8870966974553466,-0.2564865308231796,0.12559904543917821,0.5777447216055328,0.5778314306075653,-0.3252071002831591,-0.9921963481777287,-1.0232544102728724,1.1070724686713098,82.6
-0.45446806118581407,-1.2599245822105762,-0.2564865308231796,0.4641949537419629,0.1921095472078763,0.2808819649736518,-0.3252071002831591,-0.5650349034267435,-0.5606389391750001,0.6706024033870658,77.0
-0.45446806118581407,-0.35216973237175636,-0.2564865308231796,0.4641949537419629,-3.1500619642384797,0.2808819649736518,-0.26511771772008974,-0.18283782128112516,-0.18614070066719868,0.6706024033870658,73.7
-0.45446806118581407,-0.7331025711434039,-0.23967275719562342,0.5785602216666998,0.5348963688946821,0.49298872614073286,-0.3252071002831591,-0.7673745351508944,-0.8690492532402484,-0.10173128462173259,87.0
-0.45446806118581407,-0.9681462376195269,0.004126960403941585,0.3117079298423136,-3.1500619642384797,0.19603926050681936,2.038308613864233,0.4241810738913276,0.38662131116826254,-0.20233772718142198,55.7
2.200374647650189,-0.7736273412254941,-0.23126587038184532,0.1618176052626944,0.5348963688946821,0.6626741350743978,-0.3252071002831591,-0.7224101725455274,-0.7589027125026597,0.8888374360291881,82.0
-0.45446806118581407,0.7338941058282602,-0.23967275719562342,0.006733882043014999,-0.2363739799006309,-0.14333155736051037,0.3958654904736724,0.28928798607522704,0.254445462283156,0.14060303839905536,64.6
-0.45446806118581407,-0.08470624982996124,-0.23126587038184532,0.7310472455663491,0.7062897797380849,0.6626741350743978,-0.3252071002831591,-0.6774458099401607,-0.6928147880601065,-0.20233772718142198,73.2
-0.45446806118581407,0.9527278642715471,0.22270601756217226,-0.2982401657562836,-1.6932179720695553,-1.840185646697159,-0.024760187467812608,1.7056654081442832,1.664321183724291,-2.852334552121475,51.4
-0.45446806118581407,-0.21438551409264978,-0.1640107758716205,0.5404384656917876,0.4491996634729806,0.45056737390731666,-0.28514751190777954,-0.8348210790589446,-0.8249906369452128,0.35883807104117715,73.9
-0.45446806118581407,0.49074548533571916,-0.22285898356806721,-1.3275275770789163,0.7062897797380849,0.7050954873078139,-0.3252071002831591,-0.29524872779454225,-0.29628724140478724,-0.20233772718142198,66.6
-0.45446806118581407,-0.10902111187921533,1.0381740384986484,0.6166819776416121,0.5777447216055328,0.49298872614073286,-0.3252071002831591,3.2794180993321236,-0.6267268636175533,-1.0752778577499102,68.6
-0.45446806118581407,0.9851476803372192,-0.1724176626853986,-0.5650924575806698,-0.664857507009138,-0.7372304886283374,0.2155973427844645,0.6714850682208454,0.6289437007909575,-0.6699842257002548,57.9
-0.45446806118581407,-1.2680295362269942,-0.23967275719562342,-2.471180256326286,0.234957899918727,0.2808819649736518,-0.3252071002831591,-0.9921963481777287,-1.0012251021253546,1.169425335140488,79.4
-0.45446806118581407,-0.31974991630608424,-0.24807964400940152,0.4641949537419629,0.3635029580512792,0.3657246694404842,-0.3252071002831591,-0.4975883595186931,-0.4725217065849292,0.45236737074494393,74.5
-0.45446806118581407,0.5150603473849733,-0.24807964400940152,0.4641949537419629,0.4063513107621299,0.3657246694404842,-0.24508792353240003,2.627434841554304,2.7217279748051424,-0.20233772718142198,67.9
-0.45446806118581407,0.10981264656407158,-0.2564865308231796,0.6548037336165246,0.5777447216055328,0.5778314306075653,-0.3252071002831591,-0.16035563997844163,-0.16411139251968082,0.7017788366216551,77.0
2.200374647650189,-0.7817322952419121,-0.2564865308231796,-1.2512840651290917,0.4920480161838313,0.49298872614073286,-0.3252071002831591,-1.0371607107830956,-1.0452837184203903,1.9176597327706202,86.0
-0.45446806118581407,-0.6358431229463876,-0.24807964400940152,0.7691690015412614,0.6634414270272342,0.6626741350743978,-0.3252071002831591,-0.3626952717025926,-0.38440447399485816,0.45236737074494393,74.0
-0.45446806118581407,0.8230486000088586,-0.23967275719562342,-0.41260543368102054,-0.664857507009138,-0.6099664319280887,-0.3252071002831591,0.5815563430101116,0.5408264682008868,-0.7323370921694329,60.0
-0.45446806118581407,0.19896714074466995,-0.1640107758716205,0.6548037336165246,0.4920480161838313,0.5778314306075653,-0.26511771772008974,-0.8348210790589446,-0.8249906369452128,-0.45174919305813305,71.3
-0.45446806118581407,1.8604827141103668,-0.1892314363129548,-2.7380325481506724,-0.8790992705633917,-0.864494545328586,0.8365209626028474,0.8738246999449965,0.7831488578235817,-0.8258663918731991,55.3
-0.45446806118581407,0.5717950254998995,-0.1976383231267329,0.7691690015412614,0.7062897797380849,0.6626741350743978,-0.3252071002831591,-0.587517084729427,-0.5386096310274824,0.7953081363254213,67.8
-0.45446806118581407,-1.2761344902434122,-0.021093700037392724,-0.41260543368102054,-0.49346409616573517,-3.1976689181664777,5.022747947830008,0.8288603373396294,0.8051781659710994,-0.7946899586386104,45.4
-0.45446806118581407,-1.20318990409565,-0.029500586851170827,-1.3656493330538286,0.5348963688946821,0.5354100783741491,-0.3252071002831591,0.4016988925886442,0.3645920030207447,-1.2623364571574434,68.6
-0.45446806118581407,0.004448244350637142,-0.1640107758716205,0.7310472455663491,0.7062897797380849,-0.4402810229944239,-0.3252071002831591,0.1768770795618099,0.1663282296930852,-0.10173128462173259,68.4
-0.45446806118581407,1.649753909683498,0.5085401692306278,0.23546441789248895,0.234957899918727,0.11119655603998693,0.9366699335412961,0.5141097991020613,0.4967678519058512,-0.8851385831215677,56.9
-0.45446806118581407,0.45832566927004703,-0.2564865308231796,0.7310472455663491,0.3635029580512792,-3.1128262136996456,-0.3252071002831591,-0.13787345867575826,-0.20817000881471634,0.3276616378065884,67.7
-0.45446806118581407,-1.1383502719643057,-0.12197634180272997,0.12109914996775197,-0.02213221634637729,-0.01606750066026172,-0.16496874678164097,1.4358792325120824,1.4440281022491137,-0.5452784927618993,65.0
-0.45446806118581407,-1.227504766144904,-0.2564865308231796,-0.5650924575806698,-0.7505542124308395,-0.7796518408617537,-0.3252071002831591,-0.7673745351508944,-0.7809320206501774,-0.389396326588955,72.0
-0.45446806118581407,0.43401080722079294,-0.1724176626853986,-0.18387489783154662,-0.2792223326114816,-0.35543831852759145,-0.28514751190777954,0.9862356064584136,1.003441939298759,-0.7635135254040216,63.6
-0.45446806118581407,-0.9438313755702729,-0.012686813223614622,0.6548037336165246,0.5777447216055328,0.5778314306075653,1.277176434732022,0.4691454364966945,0.5187971600533688,-1.3870421900957988,52.0
-0.45446806118581407,1.5119696914043914,-0.13038322861650806,0.19734266191757663,-1.0504926814067945,-0.9917586020288347,0.7163421974767086,0.9187890625503632,0.8712660904136528,-0.7323370921694329,54.7
2.200374647650189,-1.1383502719643057,-0.2564865308231796,0.6548037336165246,0.5348963688946821,0.5354100783741491,-0.3252071002831591,-0.45262399691332633,-0.42846309028989366,1.3564839345480204,72.0
-0.45446806118581407,-0.35216973237175636,-0.1892314363129548,0.1592209059426643,0.020716136364473427,-3.155247565933062,-0.3252071002831591,0.33425234868059395,0.27647477043067387,-0.17116129394683324,73.8
-0.45446806118581407,0.3772761291058667,-0.1724176626853986,0.3498296858172259,0.1921095472078763,0.23846061274023558,-0.30517730609546934,-0.8123388977562612,-0.8470199450927306,0.6082495369178882,67.4
-0.45446806118581407,2.103631334602908,-0.1808245494991767,-2.7380325481506724,-1.7789146774912568,-1.7553429422303266,1.0969082870428142,0.9862356064584136,0.8712660904136528,-0.7946899586386104,52.6
-0.45446806118581407,0.15033741664616176,-0.2564865308231796,0.3498296858172259,0.4920480161838313,0.23846061274023558,-0.3252071002831591,-0.8573032603616281,-0.8249906369452128,-0.7635135254040216,68.8
-0.45446806118581407,1.8604827141103668,-0.012686813223614622,0.38795144179213825,0.27780625262957775,0.2808819649736518,0.9166401393536062,0.3567345299832773,0.32053338672570936,-0.4205727598235443,56.7
-0.45446806118581407,0.8311535540252766,-0.2144520967542891,0.7310472455663491,0.7062897797380849,0.7050954873078139,-0.1449389525939512,-0.4975883595186931,-0.4725217065849292,0.7953081363254213,67.4
-0.45446806118581407,-0.20628056007623174,-0.2564865308231796,0.7691690015412614,0.7062897797380849,0.7050954873078139,-0.3252071002831591,-0.13787345867575826,-0.14208208437216316,0.3276616378065884,75.0
-0.45446806118581407,-0.4089044104866826,-0.2564865308231796,0.6548037336165246,0.4491996634729806,0.45056737390731666,-0.30517730609546934,0.3792167112859607,0.3645920030207447,0.45236737074494393,73.3
-0.45446806118581407,-0.6358431229463876,1.1810911143328762,0.7691690015412614,0.7062897797380849,0.7050954873078139,-0.3252071002831591,-0.2727665464918588,-0.42846309028989366,0.3276616378065884,75.8
-0.45446806118581407,0.7176841977954241,-0.13879011543028616,-0.41260543368102054,-0.664857507009138,-0.6099664319280887,-0.24508792353240003,-0.22780218388649198,-0.23019931696223409,-0.919395691576966,62.7
-0.45446806118581407,-0.7249976171269858,-0.2564865308231796,0.7310472455663491,0.6634414270272342,0.6626741350743978,-0.3252071002831591,2.0653803089872182,2.038819422232092,-0.07763199424306644,76.3
-0.45446806118581407,-0.1495458819613055,-0.2144520967542891,-1.7849886487778641,0.6634414270272342,0.7050954873078139,-0.3252071002831591,2.357648665922103,2.325200428149823,0.20295590486823284,73.9
-0.45446806118581407,-0.3926945024538465,-0.08834879454761756,0.7310472455663491,0.7062897797380849,0.7050954873078139,-0.3252071002831591,0.33425234868059395,0.27647477043067387,-0.48292562629272184,72.3
-0.45446806118581407,-0.23059542212548584,-0.2564865308231796,-0.5650924575806698,-0.8790992705633917,-0.7796518408617537,-0.3252071002831591,-1.059642892085779,-1.067313026567908,0.2653087713374109,73.2
-0.45446806118581407,-0.06849634179712516,-0.2564865308231796,0.7310472455663491,0.6205930743163834,0.6626741350743978,-0.3252071002831591,-0.3177309090972257,-0.34034585769982273,0.39001450427576645,73.2
-0.45446806118581407,-0.04418147974787106,-0.2564865308231796,0.6548037336165246,0.5777447216055328,0.5778314306075653,-0.3252071002831591,-0.3177309090972257,-0.318316549552305,0.39001450427576645,72.8
2.200374647650189,-0.6601579849956416,-0.2564865308231796,-2.661789036200848,-0.02213221634637729,-3.1128262136996456,-0.3252071002831591,-1.0371607107830956,-1.0232544102728724,1.668248266893909,78.5
-0.45446806118581407,0.9040981401730389,-0.23126587038184532,-0.26011840978137124,-1.1790377395393468,-1.1614440109624995,-0.3252071002831591,1.6382188642362328,1.5982332592817377,-3.756451115924552,58.7
-0.45446806118581407,-0.25491028417473993,-0.07153502092006135,0.6166819776416121,0.6205930743163834,0.6202527828409815,-0.3252071002831591,0.33425234868059395,0.2985040785781915,-0.6388077924656661,71.0
-0.45446806118581407,-0.14144092794488747,-0.13038322861650806,0.5404384656917876,0.4920480161838313,0.45056737390731666,-0.3252071002831591,-0.587517084729427,-0.6267268636175533,-0.17116129394683324,73.1
-0.45446806118581407,2.1846808747670883,0.39925064065151245,-0.1457531418566343,-0.40776739074403373,-0.18575290959392657,2.919619558122583,-0.2502843651891754,-0.2742579332572695,-1.293512890392032,51.2
-0.45446806118581407,-0.7331025711434039,-0.24807964400940152,0.7310472455663491,0.3635029580512792,-3.1128262136996456,-0.3252071002831591,-0.8573032603616281,-0.8470199450927306,1.0135431689675436,79.3
-0.45446806118581407,-0.23870037614190387,-0.2564865308231796,-2.69991079217576,-0.02213221634637729,-3.155247565933062,-0.3252071002831591,-1.0821250733884624,-1.067313026567908,0.7017788366216551,73.3
-0.45446806118581407,0.7906287839431865,-0.23967275719562342,-0.37448367770610824,-0.5791608015874367,-0.5675450796946725,-0.3252071002831591,0.5590741617074283,0.5187971600533688,-0.6699842257002548,63.0
-0.45446806118581407,-0.6925778010613137,-0.2564865308231796,0.7691690015412614,0.7062897797380849,0.7050954873078139,-0.3252071002831591,0.19935926086449324,0.07821099710301418,0.7329552698562438,78.3
-0.45446806118581407,-0.2224904681090678,-0.15560388905784237,0.5785602216666998,0.234957899918727,0.026353851573154497,-0.3252071002831591,-0.8348210790589446,-0.8470199450927306,0.9200138692637768,74.1
-0.45446806118581407,-0.9600412836031089,-0.23126587038184532,0.3498296858172259,0.27780625262957775,0.23846061274023558,6.404803746780602,0.19935926086449324,0.2103868459881207,-0.389396326588955,52.6
-0.45446806118581407,-0.31164496228966615,0.09660271535550072,0.7310472455663491,0.6634414270272342,0.6626741350743978,-0.3252071002831591,-0.6999279912428441,-0.7148440962076241,0.04707373869528856,75.3
2.200374647650189,-0.5710034908150433,-0.2564865308231796,0.6166819776416121,0.14926119449702557,0.15361790827340313,-0.3252071002831591,-1.0371607107830956,-1.0232544102728724,1.294131068078843,76.4
2.200374647650189,-0.7168926631105679,-0.2564865308231796,0.6166819776416121,0.5348963688946821,0.5778314306075653,-0.3252071002831591,-0.6324814473347937,-0.648756171765071,0.20295590486823284,78.7
2.200374647650189,-0.6520530309792236,-0.2564865308231796,0.12559904543917821,-3.1500619642384797,-3.1128262136996456,-0.3252071002831591,-0.8573032603616281,-0.891078561387766,1.4811896674863765,79.2
-0.45446806118581407,-1.20318990409565,-0.2144520967542891,0.7691690015412614,0.6634414270272342,0.6626741350743978,-0.3252071002831591,2.357648665922103,2.347229736297341,0.14060303839905536,72.7
-0.45446806118581407,0.15033741664616176,0.6766779055061899,0.5785602216666998,0.7062897797380849,0.6626741350743978,-0.3252071002831591,-0.34021309039990916,-0.34034585769982273,0.639425970152477,75.0
-0.45446806118581407,-0.28733010024041206,-0.22285898356806721,0.6166819776416121,0.5348963688946821,0.5354100783741491,-0.3252071002831591,-0.22780218388649198,-0.23019931696223409,0.29648520457199967,72.1
-0.45446806118581407,-0.42511431851951864,-0.22285898356806721,0.5785602216666998,0.6205930743163834,0.6202527828409815,-0.3252071002831591,0.3792167112859607,0.34256269487322705,0.23413233810282216,72.9
-0.45446806118581407,1.2688210709118504,-0.1640107758716205,-0.4507271896559329,-0.8790992705633917,-0.6099664319280887,-0.06481977584319217,-0.7673745351508944,-0.7809320206501774,-1.5117479230341542,59.6
-0.45446806118581407,-1.1788750420463958,1.1138360198226513,-0.5269707016057575,-0.15067727447892945,-0.4402810229944239,-0.3252071002831591,-0.6774458099401607,-0.6707854799125887,-0.2958670268851888,67.2
2.200374647650189,-1.2599245822105762,-0.2564865308231796,0.6166819776416121,0.7062897797380849,0.7050954873078139,-0.3252071002831591,-0.8797854416643115,-0.891078561387766,0.45236737074494393,78.8
2.200374647650189,-1.2761344902434122,-0.2564865308231796,0.6166819776416121,0.5348963688946821,0.5354100783741491,-0.3252071002831591,-1.0371607107830956,-1.0452837184203903,2.011189032474387,84.0
-0.45446806118581407,2.2089957368163424,0.5505746032995184,-2.661789036200848,0.3635029580512792,-3.1128262136996456,1.537563759171989,0.604038524312795,0.5628557763484043,-0.8851385831215677,53.1
2.200374647650189,-0.6601579849956416,-0.22285898356806721,0.12559904543917821,0.4063513107621299,0.40814602167390046,-0.3252071002831591,-0.9472319855723618,-0.9791957939778371,0.9801611372058415,78.8
-0.45446806118581407,-0.2224904681090678,-0.004279926409836519,0.5785602216666998,0.4063513107621299,-0.31301696629417525,-0.30517730609546934,2.40261302852747,2.501434893329965,-0.4205727598235443,73.8
-0.45446806118581407,0.8797832781237848,-0.046314360478727036,0.3498296858172259,-1.0076443286959438,-3.240090270399894,0.095418577658326,1.5033257764201324,1.5101160266916671,-1.3870421900957988,58.5
-0.45446806118581407,-1.0654056858165433,-0.23126587038184532,0.4641949537419629,0.06356448907532414,-3.155247565933062,0.05535898928294643,-0.8348210790589446,-0.8249906369452128,-1.7299829556762762,55.9
-0.45446806118581407,-0.6682629390120597,-0.2564865308231796,0.7310472455663491,0.6634414270272342,0.6626741350743978,-0.3252071002831591,2.110344671592585,2.082878038527128,-0.04645556100847768,75.4
-0.45446806118581407,-0.31164496228966615,-0.08834879454761756,0.4641949537419629,0.4063513107621299,0.45056737390731666,-0.3252071002831591,0.24432362346986014,0.2103868459881207,0.1717794716336441,74.1
-0.45446806118581407,-0.18196569802697762,-0.2564865308231796,0.5023167097168753,0.7062897797380849,0.40814602167390046,-0.3252071002831591,-0.2502843651891754,-0.25222862510975186,1.169425335140488,73.6
-0.45446806118581407,-1.000566053685199,0.48331950878929353,-0.22199665380645894,-3.235758669660181,-0.39785967076100764,1.3372658172950913,0.3117701673779104,0.2985040785781915,-0.5452784927618993,55.5
-0.45446806118581407,0.19896714074466995,-0.004279926409836519,0.7691690015412614,0.7062897797380849,0.7050954873078139,-0.3252071002831591,-0.34021309039990916,-0.34034585769982273,-0.45174919305813305,67.1
-0.45446806118581407,-0.7249976171269858,-0.24807964400940152,0.7691690015412614,0.7062897797380849,0.7050954873078139,-0.3252071002831591,0.08694835435107608,0.03415238080797867,0.39001450427576645,77.1
-0.45446806118581407,-0.26301523819115796,-0.08834879454761756,-2.69991079217576,0.5348963688946821,0.5354100783741491,-0.3252071002831591,0.2668058047725435,0.23241615413563838,0.07825017192987786,73.4
-0.45446806118581407,0.38538108312228475,-0.2144520967542891,-1.1750405531792671,-1.0933410341176453,-1.2887080676627483,-0.30517730609546934,-0.5650349034267435,-0.5386096310274824,0.8888374360291881,69.8
-0.45446806118581407,-1.2761344902434122,-0.2564865308231796,0.7691690015412614,0.7062897797380849,0.7050954873078139,-0.3252071002831591,0.2668058047725435,0.23241615413563838,0.7641317030908326,76.7
-0.45446806118581407,-0.35216973237175636,-0.206045209940511,0.1592209059426643,0.06356448907532414,0.026353851573154497,-0.3252071002831591,-0.8348210790589446,-0.8470199450927306,0.6082495369178882,76.0
-0.45446806118581407,-0.10902111187921533,-0.2564865308231796,-2.661789036200848,0.3635029580512792,-3.1128262136996456,-0.3252071002831591,-1.0821250733884624,-1.067313026567908,0.7953081363254213,72.2
2.200374647650189,-0.8546768813896745,-0.2564865308231796,0.12109914996775197,0.5777447216055328,0.5778314306075653,-0.3252071002831591,-0.9247498042696785,-0.9351371776828016,0.8576610027945993,87.0
-0.45446806118581407,-1.1788750420463958,-0.24807964400940152,0.7310472455663491,0.6634414270272342,0.7050954873078139,-0.3252071002831591,-0.3177309090972257,-0.36237516584734053,0.14060303839905536,77.7
-0.45446806118581407,0.4745355773028831,-0.1892314363129548,-1.403771089028741,-0.49346409616573517,-0.4827023752278401,-0.08484957003088191,1.0986465129718308,1.0254712474462768,-1.5117479230341542,66.0
-0.45446806118581407,0.8797832781237848,-0.1976383231267329,-0.6413359695304945,-0.9219476232742424,0.11119655603998693,0.31574631372291334,0.6714850682208454,0.5628557763484043,-0.5764549259964886,63.7
2.200374647650189,-0.8384669733568384,-0.2564865308231796,0.12559904543917821,0.5348963688946821,0.5354100783741491,-0.3252071002831591,-0.9472319855723618,-0.9351371776828016,1.7306011333630875,81.3
-0.45446806118581407,-1.1869799960628138,-0.23126587038184532,0.6548037336165246,0.4920480161838313,0.5778314306075653,-0.3252071002831591,-0.38517745300527595,-0.36237516584734053,0.07825017192987786,69.9
-0.45446806118581407,1.0013575883700554,-0.23967275719562342,-1.0225535292796177,-1.6503696193587045,-1.5856575332966616,1.7979510836119557,0.49162761779937786,0.43067992746329803,0.1094266051644666,61.4
-0.45446806118581407,0.43401080722079294,0.2983679988861752,-1.1750405531792671,0.10641284178617486,0.23846061274023558,-0.3252071002831591,-0.8797854416643115,1.0475005555937944,-0.13998486071224447,67.3
-0.45446806118581407,0.44211576123721097,-0.22285898356806721,-0.1457531418566343,0.4920480161838313,0.40814602167390046,-0.26511771772008974,-0.6324814473347937,-0.648756171765071,-0.13998486071224447,68.9
-0.45446806118581407,0.02065815238347321,-0.2564865308231796,-2.661789036200848,0.4491996634729806,0.45056737390731666,-0.3252071002831591,-0.54255272212406,-0.5386096310274824,0.1717794716336441,74.5
2.200374647650189,-0.7249976171269858,-0.2564865308231796,-2.661789036200848,0.27780625262957775,0.2808819649736518,-0.3252071002831591,-1.0371607107830956,-1.0232544102728724,2.3229533648202754,81.0
-0.45446806118581407,-1.24371467417774,-0.2564865308231796,-2.661789036200848,0.4920480161838313,0.49298872614073286,-0.3252071002831591,-0.6774458099401607,-0.6707854799125887,0.9511903024983656,75.6
-0.45446806118581407,-1.1221403639314695,-0.08834879454761756,0.5023167097168753,0.27780625262957775,0.40814602167390046,-0.26511771772008974,-0.8348210790589446,-0.8470199450927306,-1.293512890392032,64.9
-0.45446806118581407,-1.227504766144904,-0.2564865308231796,0.7691690015412614,0.14926119449702557,0.7050954873078139,-0.30517730609546934,-0.3626952717025926,-0.36237516584734053,0.5770731036832994,76.4
-0.45446806118581407,0.3772761291058667,-0.2564865308231796,0.7691690015412614,0.6634414270272342,0.6626741350743978,-0.3252071002831591,-0.18283782128112516,-0.25222862510975186,0.6082495369178882,68.5
-0.45446806118581407,0.15033741664616176,-0.07994190773383945,0.7310472455663491,0.7062897797380849,0.6626741350743978,-0.30517730609546934,-0.40765963430795943,-0.4064337821423759,-0.07763199424306644,68.0
-0.45446806118581407,0.16654732467899783,-0.06312813410628325,0.7310472455663491,0.4920480161838313,0.5778314306075653,-0.26511771772008974,-0.38517745300527595,-0.38440447399485816,-0.07763199424306644,67.6
-0.45446806118581407,0.43401080722079294,-0.2564865308231796,0.7310472455663491,0.6205930743163834,0.6626741350743978,-0.28514751190777954,0.15439489825912633,0.10024030525053204,-0.48292562629272184,66.1
-0.45446806118581407,-0.19007065204339568,-0.23126587038184532,0.7691690015412614,0.7062897797380849,0.7050954873078139,-0.3252071002831591,2.3351664846194193,2.2811418118547877,0.48354380397953267,74.5
-0.45446806118581407,0.012553198367055176,-0.2564865308231796,0.7691690015412614,0.7062897797380849,0.7050954873078139,-0.3252071002831591,0.5365919804047448,0.5187971600533688,0.5458966704487107,72.8
-0.45446806118581407,0.44211576123721097,-0.2564865308231796,0.23546441789248895,0.234957899918727,0.11119655603998693,-0.3252071002831591,-1.059642892085779,-1.0452837184203903,-0.5141020595273106,64.3
-0.45446806118581407,-0.10902111187921533,-0.22285898356806721,0.6929254895914368,0.6205930743163834,0.6202527828409815,-0.26511771772008974,-0.6099992660321103,-0.6267268636175533,-0.13998486071224447,74.1
-0.45446806118581407,1.7064885877984242,0.4749126219755154,-0.22199665380645894,-0.3220706853223323,-0.39785967076100764,0.17553775440908503,1.0536821503664637,1.0254712474462768,-1.3558657568612098,48.2
-0.45446806118581407,0.4178008991879569,0.2647404516310628,0.3117079298423136,0.1921095472078763,0.19603926050681936,-0.3252071002831591,-0.8797854416643115,1.0475005555937944,-0.20233772718142198,67.5
-0.45446806118581407,1.625439047634244,0.13023026261061313,-1.7468668928029518,-3.3643037277927332,-2.0947137600976564,0.43592507884905185,0.9637534251557298,0.915324706708688,-1.6676300892070983,51.6
-0.45446806118581407,-0.027971571715034994,0.18907847030705985,0.5785602216666998,0.4920480161838313,0.49298872614073286,-0.3252071002831591,-0.47510617821600976,-0.4725217065849292,0.3276616378065884,78.0
-0.45446806118581407,0.16654732467899783,-0.2564865308231796,0.3117079298423136,0.10641284178617486,0.11119655603998693,-0.3252071002831591,-1.0371607107830956,-1.0232544102728724,-3.756451115924552,67.0
-0.45446806118581407,-0.9681462376195269,0.34880931976884383,-0.1457531418566343,-0.36491903803318304,-0.31301696629417525,2.178517173178061,-0.2727665464918588,-0.2742579332572695,-1.012924991280732,53.2
-0.45446806118581407,0.8878882321402028,-0.23967275719562342,0.5404384656917876,0.4920480161838313,0.49298872614073286,-0.3252071002831591,-0.5200705408213766,-0.5165803228799646,-0.9817485580461435,62.8
2.200374647650189,-0.8303620193404203,-0.2564865308231796,-0.4507271896559329,0.6634414270272342,0.6626741350743978,-0.3252071002831591,-0.8123388977562612,-0.8029613287976952,1.169425335140488,81.4
-0.45446806118581407,-0.741207525159822,-0.046314360478727036,-0.22199665380645894,-0.40776739074403373,-0.4827023752278401,7.626621192229677,-0.8348210790589446,-0.8029613287976952,-0.6388077924656661,44.8
-0.45446806118581407,0.5717950254998995,0.0461613944728321,-0.10763138588172197,-0.2792223326114816,-0.270595614060759,-0.3252071002831591,1.997933765079168,1.9286728814945036,-1.1376307242190877,64.1
-0.45446806118581407,0.215177048777506,-0.23967275719562342,0.38795144179213825,0.27780625262957775,0.2808819649736518,-0.28514751190777954,-0.7224101725455274,-0.7368734043551419,0.2653087713374109,72.0
-0.45446806118581407,-0.6277381689299695,-0.24807964400940152,0.5023167097168753,0.4920480161838313,0.40814602167390046,-0.3252071002831591,0.041983991745709166,-0.009906235487056637,0.2653087713374109,75.6
-0.45446806118581407,-0.21438551409264978,-0.24807964400940152,0.6929254895914368,0.6205930743163834,0.6202527828409815,-0.3252071002831591,0.19935926086449324,0.12226961339804969,0.4211909375103552,72.7
-0.45446806118581407,-0.15765083597772353,-0.2564865308231796,0.19734266191757663,0.234957899918727,0.15361790827340313,-0.3252071002831591,-1.0821250733884624,-1.067313026567908,0.7641317030908326,72.6
2.200374647650189,-1.211294858112068,-0.2564865308231796,0.12559904543917821,0.7062897797380849,0.7050954873078139,-0.3252071002831591,-0.7224101725455274,-0.7148440962076241,1.0447196022021323,74.8
-0.45446806118581407,0.012553198367055176,-0.2564865308231796,0.7691690015412614,0.7062897797380849,0.7050954873078139,-0.3252071002831591,0.5590741617074283,0.5187971600533688,0.48354380397953267,72.7
-0.45446806118581407,-1.211294858112068,-0.24807964400940152,-0.18387489783154662,-0.36491903803318304,-0.35543831852759145,-0.3252071002831591,-0.025462552162341095,-0.05396485178209214,0.8576610027945993,73.5
-0.45446806118581407,-1.1626651340135596,-0.2564865308231796,0.7310472455663491,0.7062897797380849,0.6626741350743978,-0.16496874678164097,0.3117701673779104,0.27647477043067387,-0.6076313592310774,65.8
-0.45446806118581407,0.17465227869541586,-0.2564865308231796,0.7691690015412614,0.7062897797380849,0.7050954873078139,-0.26511771772008974,-0.22780218388649198,-0.25222862510975186,0.2653087713374109,79.0
-0.45446806118581407,1.4876548293551373,0.48331950878929353,-2.661789036200848,0.234957899918727,-3.1128262136996456,0.27568672534753386,0.4691454364966945,0.43067992746329803,-0.8851385831215677,58.3
-0.45446806118581407,-1.1950849500792318,-0.24807964400940152,-0.06950962990680964,-0.2363739799006309,-0.2281742618273428,-0.3252071002831591,-0.025462552162341095,-0.05396485178209214,0.9823667357329543,73.2
-0.45446806118581407,-0.16575578999414156,0.012533847217719689,-0.06950962990680964,-3.1929103169493303,-0.14333155736051037,-0.3252071002831591,0.08694835435107608,0.03415238080797867,-0.5141020595273106,77.0
-0.45446806118581407,-0.7168926631105679,-0.2564865308231796,0.6166819776416121,0.7062897797380849,0.7050954873078139,-0.3252071002831591,-0.9247498042696785,-0.9351371776828016,1.4500132342517873,85.0
-0.45446806118581407,0.2800166809088503,-0.1892314363129548,0.3498296858172259,0.234957899918727,0.23846061274023558,-0.30517730609546934,0.8963068812476798,0.8932953985611704,-0.45174919305813305,65.3
-0.45446806118581407,1.2688210709118504,-0.07153502092006135,0.6548037336165246,0.5348963688946821,0.5778314306075653,-0.04478998165550239,0.604038524312795,0.584885084495922,-0.6699842257002548,57.4
-0.45446806118581407,1.649753909683498,-0.1892314363129548,-2.7380325481506724,-0.40776739074403373,-0.39785967076100764,0.7564017858520882,0.8513425186423127,0.7390902415285464,-0.7635135254040216,56.9
-0.45446806118581407,0.7987337379596045,0.07978894172794451,0.4641949537419629,0.3635029580512792,0.3657246694404842,-0.08484957003088191,0.4466632551940111,0.4086506193157802,-0.35821989335436627,61.2
2.200374647650189,-1.24371467417774,-0.2564865308231796,0.12559904543917821,0.5777447216055328,0.5778314306075653,-0.3252071002831591,-0.8348210790589446,-0.8690492532402484,1.3253075013134321,77.3
-0.45446806118581407,-0.32785487032250227,-0.2564865308231796,0.7310472455663491,0.7062897797380849,0.7050954873078139,-0.26511771772008974,0.6490028869181619,0.6289437007909575,0.04707373869528856,72.4
-0.45446806118581407,0.27191172689243226,-0.1808245494991767,0.6166819776416121,0.5348963688946821,0.5354100783741491,-0.30517730609546934,-0.8348210790589446,-0.8470199450927306,0.5458966704487107,69.3
-0.45446806118581407,-0.08470624982996124,-0.206045209940511,-1.0225535292796177,-3.1929103169493303,-0.18575290959392657,-0.3252071002831591,-0.45262399691332633,-0.4504923984374114,-0.4205727598235443,69.2
-0.45446806118581407,-0.08470624982996124,-0.1808245494991767,0.7310472455663491,0.7062897797380849,0.7050954873078139,-0.3252071002831591,0.6939672495235288,0.6950316252335107,0.5147202372141214,74.3
-0.45446806118581407,1.7956430819790226,4.249604801361883,-1.4418928450036532,-3.2786070223710317,-1.246286715429332,0.6562528149136394,1.5932545016308661,1.5321453348391847,-0.8882192583423772,59.0
-0.45446806118581407,-0.13333597392846944,0.012533847217719689,-0.1457531418566343,-0.19352562718978017,-0.18575290959392657,-0.3252071002831591,0.10943053565375963,0.03415238080797867,-0.5452784927618993,74.0
-0.45446806118581407,0.8392585080416947,0.2983679988861752,-0.5650924575806698,-0.8790992705633917,-0.7796518408617537,-0.3252071002831591,2.8747388358838215,2.809845207395213,-0.6699842257002548,59.9
-0.45446806118581407,0.8311535540252766,-0.1976383231267329,-2.69991079217576,-3.1929103169493303,-3.155247565933062,0.2155973427844645,0.5815563430101116,0.47473854375833335,-0.2958670268851888,64.7
-0.45446806118581407,0.5150603473849733,0.054568281286610204,-0.22199665380645894,-0.664857507009138,-0.39785967076100764,-0.3252071002831591,1.975451583776484,1.8846142651994682,-0.9505721248115547,65.4
-0.45446806118581407,-0.08470624982996124,0.19748535712083795,0.6548037336165246,0.7062897797380849,0.7050954873078139,-0.3252071002831591,-0.45262399691332633,-0.4504923984374114,0.5458966704487107,73.8
-0.45446806118581407,0.08549778451481747,-0.24807964400940152,0.5785602216666998,0.4063513107621299,0.40814602167390046,-0.3252071002831591,-0.4975883595186931,-0.4504923984374114,0.9801611372058415,79.0
-0.45446806118581407,-0.26301523819115796,-0.24807964400940152,-1.1750405531792671,-0.36491903803318304,-0.31301696629417525,-0.3252071002831591,-0.45262399691332633,-0.42846309028989366,-0.07763199424306644,72.7
-0.45446806118581407,0.9608328182879652,-0.046314360478727036,0.12109914996775197,-0.02213221634637729,-0.01606750066026172,0.05535898928294643,0.7614137934315792,0.7170609333810284,-0.9817485580461435,57.1
2.200374647650189,-0.06039138778070713,-0.24807964400940152,0.3498296858172259,0.4920480161838313,0.45056737390731666,-0.3252071002831591,-0.5650349034267435,-0.5606389391750001,0.2653087713374109,71.8
-0.45446806118581407,0.944622910255129,-0.046314360478727036,-0.1457531418566343,-0.2363739799006309,-0.270595614060759,0.07538878347063621,1.0311999690637803,0.9814126311512414,-1.6988065224416875,55.5
2.200374647650189,-0.6925778010613137,-0.2564865308231796,0.12559904543917821,0.3635029580512792,0.3657246694404842,-0.3252071002831591,-0.8573032603616281,-0.891078561387766,1.5123661007209648,79.7
-0.45446806118581407,0.43401080722079294,0.23111290437595036,-0.06950962990680964,-0.19352562718978017,-0.14333155736051037,-0.3252071002831591,-0.8797854416643115,1.0475005555937944,-0.20233772718142198,67.9
-0.45446806118581407,0.19896714074466995,-0.2564865308231796,0.7310472455663491,0.6634414270272342,0.6626741350743978,-0.3252071002831591,-0.3177309090972257,-0.34034585769982273,0.14060303839905536,69.4
-0.45446806118581407,-0.74931247917624,-0.2564865308231796,0.5404384656917876,0.4491996634729806,0.40814602167390046,-0.3252071002831591,0.041983991745709166,-0.05396485178209214,0.4211909375103552,77.8
-0.45446806118581407,-0.7331025711434039,-0.23967275719562342,-1.9374756726775135,0.27780625262957775,0.40814602167390046,-0.3252071002831591,-0.9921963481777287,-1.0012251021253546,1.169425335140488,87.0
2.200374647650189,-1.1221403639314695,-0.2564865308231796,0.7310472455663491,0.7062897797380849,0.7050954873078139,-0.3252071002831591,-0.54255272212406,-0.5165803228799646,1.075896035436721,71.0
2.200374647650189,-0.5872133988478794,-0.2564865308231796,0.6166819776416121,0.7062897797380849,0.6626741350743978,-0.3252071002831591,-0.8797854416643115,-0.891078561387766,0.48354380397953267,78.6
-0.45446806118581407,-0.1738607440105596,-0.23126587038184532,0.7691690015412614,0.7062897797380849,0.7050954873078139,-0.3252071002831591,2.3351664846194193,2.2591125037072697,0.5147202372141214,74.5
-0.45446806118581407,0.709579243779006,-0.15560388905784237,-1.289405821104004,-1.564672913937003,-1.5856575332966616,-0.30517730609546934,-0.8573032603616281,-0.8249906369452128,-1.0752778577499102,64.0
-0.45446806118581407,0.5231653014013913,-0.1976383231267329,-2.69991079217576,-0.3220706853223323,-0.31301696629417525,-0.10487936421857169,-0.7224101725455274,-0.7589027125026597,-1.7299829556762762,61.0
-0.45446806118581407,-0.5791084448314613,-0.2564865308231796,0.7310472455663491,0.6634414270272342,0.6626741350743978,-0.3252071002831591,2.1328268528952687,2.1049073466746457,0.015897305460699812,74.3
-0.45446806118581407,0.1584423706625798,-0.2564865308231796,0.7310472455663491,0.6634414270272342,0.6626741350743978,-0.22505812934471028,-0.29524872779454225,-0.318316549552305,0.07825017192987786,69.4
-0.45446806118581407,2.0306867484551456,0.23951979118972846,0.12109914996775197,0.020716136364473427,-0.01606750066026172,0.2356271369721543,0.2218414421671768,0.2103868459881207,-0.8851385831215677,52.0
2.200374647650189,0.07739283049839944,-0.22285898356806721,0.7310472455663491,0.6205930743163834,0.6202527828409815,-0.3252071002831591,-0.3177309090972257,-0.20817000881471634,0.14060303839905536,71.1
-0.45446806118581407,-0.8222570653240023,-0.24807964400940152,0.7310472455663491,0.5777447216055328,0.5778314306075653,-0.3252071002831591,-0.8348210790589446,-0.8470199450927306,1.1070724686713098,81.5
2.200374647650189,-1.1950849500792318,-0.24807964400940152,0.12109914996775197,0.5777447216055328,0.6626741350743978,-0.3252071002831591,-0.9247498042696785,-0.9571664858303194,1.2006017683750767,77.2
-0.45446806118581407,-0.5385836747493711,-0.2564865308231796,0.3498296858172259,0.4063513107621299,0.3657246694404842,-0.3252071002831591,-0.47510617821600976,-0.49455101473244684,0.3276616378065884,76.0
-0.45446806118581407,-1.0329858697508711,-0.23967275719562342,-1.9374756726775135,-1.6503696193587045,-1.5856575332966616,1.8380106719873353,0.5141097991020613,0.47473854375833335,0.1094266051644666,65.0
-0.45446806118581407,0.16654732467899783,0.8700363022230863,0.08297739399283964,-0.06498056905722802,-0.05848885289367794,-0.28514751190777954,-0.744892353848211,-0.7589027125026597,0.07825017192987786,68.3
-0.45446806118581407,-0.1252310199120514,-0.2564865308231796,-0.6413359695304945,-0.7077058597199888,-0.6948091363949211,-0.3252071002831591,-0.7673745351508944,-0.7589027125026597,-0.4205727598235443,78.0
-0.45446806118581407,-0.7331025711434039,-0.2564865308231796,0.7691690015412614,0.7062897797380849,0.7050954873078139,-0.3252071002831591,-0.8348210790589446,-0.8029613287976952,0.6706024033870658,77.8
-0.45446806118581407,0.06118292246556338,-0.1724176626853986,-0.26011840978137124,0.14926119449702557,-0.6099664319280887,-0.3252071002831591,-0.7224101725455274,-0.7368734043551419,-0.13998486071224447,72.4
-0.45446806118581407,1.2850309789446865,-0.23967275719562342,0.3498296858172259,-1.436127855804451,-1.246286715429332,0.516044255599811,0.3117701673779104,0.254445462283156,-2.852334552121475,57.7
-0.45446806118581407,-0.4332192725359367,-0.2564865308231796,0.6166819776416121,0.5777447216055328,0.5778314306075653,-0.3252071002831591,-0.587517084729427,-0.5606389391750001,0.29648520457199967,74.4
-0.45446806118581407,-0.01986661769861696,-0.2564865308231796,0.7691690015412614,0.7062897797380849,0.7050954873078139,-0.3252071002831591,-0.2502843651891754,-0.23019931696223409,1.0447196022021323,72.1
-0.45446806118581407,2.21710069083276,-0.23967275719562342,0.4641949537419629,0.10641284178617486,0.3657246694404842,2.7994407929964438,0.041983991745709166,0.05618168895549653,-0.26469059365060005,55.0
2.200374647650189,-1.219399812128486,-0.2564865308231796,0.12559904543917821,0.5348963688946821,0.5354100783741491,-0.3252071002831591,-0.6774458099401607,-0.648756171765071,1.3253075013134321,77.5
-0.45446806118581407,-1.1788750420463958,-0.2564865308231796,0.7691690015412614,0.7062897797380849,0.6202527828409815,-0.3252071002831591,0.4241810738913276,0.27647477043067387,0.4211909375103552,74.7
-0.45446806118581407,0.1584423706625798,-0.2564865308231796,0.7691690015412614,0.7062897797380849,0.7050954873078139,-0.3252071002831591,0.2218414421671768,0.2985040785781915,0.35883807104117715,72.2
-0.45446806118581407,-0.5872133988478794,-0.2564865308231796,0.6929254895914368,0.6205930743163834,0.6202527828409815,-0.3252071002831591,0.28928798607522704,0.23241615413563838,0.35883807104117715,74.5
-0.45446806118581407,0.1827572327118339,-0.2564865308231796,0.1592209059426643,0.06356448907532414,0.026353851573154497,-0.3252071002831591,-0.20532000258380853,-0.20817000881471634,0.8576610027945993,73.0
-0.45446806118581407,0.8878882321402028,-0.23967275719562342,0.7310472455663491,0.7062897797380849,0.7050954873078139,-0.3252071002831591,-0.587517084729427,-0.5606389391750001,-0.07763199424306644,64.5
-0.45446806118581407,-0.8060471572911663,-0.24807964400940152,0.7691690015412614,0.4920480161838313,0.49298872614073286,-0.3252071002831591,-0.8573032603616281,-0.8470199450927306,1.169425335140488,81.0
-0.45446806118581407,0.17465227869541586,-0.2564865308231796,0.7691690015412614,0.7062897797380849,0.7050954873078139,-0.2050283351570205,-0.22780218388649198,-0.23019931696223409,0.23413233810282216,79.0
-0.45446806118581407,0.6609495196804979,-0.1640107758716205,-1.1369187972043546,-3.3214553750818827,-1.4159721243629968,-0.30517730609546934,-0.8797854416643115,-0.8470199450927306,-1.0441014245153215,61.0
-0.45446806118581407,0.3772761291058667,12.353843689843975,-2.69991079217576,-0.7505542124308395,-0.7372304886283374,-0.28514751190777954,5.010546059638748,5.100893254737058,-0.8258663918731991,64.4
-0.45446806118581407,-1.219399812128486,0.7355261132026366,0.6548037336165246,0.5777447216055328,0.5778314306075653,-0.3252071002831591,3.0995606489106557,3.140284829607979,-0.8258663918731991,73.0
2.200374647650189,-0.32785487032250227,-0.2564865308231796,0.6929254895914368,0.5348963688946821,0.5354100783741491,-0.3252071002831591,-0.6549636286374771,-0.648756171765071,0.1717794716336441,74.8
-0.45446806118581407,0.26380677287601423,-0.22285898356806721,0.23546441789248895,0.10641284178617486,0.11119655603998693,-0.26511771772008974,-0.6099992660321103,-0.6267268636175533,-0.4205727598235443,75.0
2.200374647650189,-0.7979422032747482,-0.2564865308231796,0.6166819776416121,0.5777447216055328,0.5778314306075653,-0.3252071002831591,-1.0371607107830956,-1.0452837184203903,2.042365465708976,81.2
-0.45446806118581407,-1.1383502719643057,-0.2564865308231796,0.1592209059426643,-3.1500619642384797,0.2808819649736518,-0.3252071002831591,-0.8123388977562612,-0.8029613287976952,-1.1688071574536765,67.4
2.200374647650189,-0.6763678930284777,-0.2564865308231796,0.7310472455663491,0.6634414270272342,0.6626741350743978,-0.3252071002831591,-0.9472319855723618,-0.9791957939778371,1.3253075013134321,83.0
2.200374647650189,-0.4089044104866826,-0.2564865308231796,0.6166819776416121,0.5777447216055328,0.5778314306075653,-0.3252071002831591,-0.6999279912428441,-0.7148440962076241,0.7017788366216551,75.8
-0.45446806118581407,0.03686806041630928,-0.23126587038184532,0.6929254895914368,0.6205930743163834,0.6202527828409815,-0.30517730609546934,-0.6774458099401607,-0.6928147880601065,-0.2958670268851888,72.5
-0.45446806118581407,0.23138695681034208,-0.1640107758716205,0.3498296858172259,0.234957899918727,0.23846061274023558,-0.26511771772008974,-0.8348210790589446,-0.8249906369452128,-0.48292562629272184,71.1
2.200374647650189,-0.7168926631105679,-0.23967275719562342,0.3498296858172259,0.4920480161838313,0.5354100783741491,-0.3252071002831591,-0.8573032603616281,-0.8470199450927306,1.4500132342517873,81.0
2.200374647650189,-0.06039138778070713,-0.24807964400940152,0.6166819776416121,0.5348963688946821,0.5354100783741491,-0.3252071002831591,-0.6324814473347937,-0.6046975554700355,0.45236737074494393,72.6
-0.45446806118581407,0.5150603473849733,-0.1976383231267329,-2.69991079217576,0.3635029580512792,0.2808819649736518,-0.10487936421857169,-0.7673745351508944,-0.8029613287976952,-1.7299829556762762,62.0
-0.45446806118581407,1.0580922664849814,-0.1640107758716205,-0.6794577255054068,-0.4506157434548845,-0.4827023752278401,-0.06481977584319217,-0.7898567164535778,-0.8029613287976952,-1.0752778577499102,61.1
-0.45446806118581407,-0.5547935827822071,-0.24807964400940152,0.5785602216666998,0.5348963688946821,0.5354100783741491,-0.3252071002831591,-0.7224101725455274,-0.7148440962076241,0.5147202372141214,79.4
-0.45446806118581407,0.07739283049839944,-0.206045209940511,-0.18387489783154662,0.10641284178617486,0.11119655603998693,-0.26511771772008974,-0.3626952717025926,-0.38440447399485816,0.3276616378065884,72.1
-0.45446806118581407,0.5636900714834815,0.9204776231057549,-0.06950962990680964,-0.3220706853223323,-0.2281742618273428,-0.22505812934471028,-0.7673745351508944,-0.8029613287976952,-1.1376307242190877,64.2
-0.45446806118581407,-1.0410908237672891,1.7191318704146747,-0.18387489783154662,-0.8790992705633917,-0.864494545328586,0.05535898928294643,1.4358792325120824,1.3559108696590427,-0.8851385831215677,55.0
-0.45446806118581407,-0.6520530309792236,-0.2564865308231796,0.6929254895914368,0.5348963688946821,0.5778314306075653,-0.3252071002831591,-0.025462552162341095,-0.09802346807712765,0.45236737074494393,76.6
-0.45446806118581407,-0.37648459442101045,-0.2144520967542891,0.6548037336165246,0.6634414270272342,0.5778314306075653,-0.3252071002831591,-0.47510617821600976,-0.4504923984374114,0.20295590486823284,72.7
-0.45446806118581407,-1.24371467417774,-0.24807964400940152,0.6548037336165246,0.7062897797380849,0.5778314306075653,-0.3252071002831591,-0.34021309039990916,-0.38440447399485816,1.7617775665976758,78.1
-0.45446806118581407,-0.18196569802697762,0.09660271535550072,0.6548037336165246,0.6634414270272342,0.5778314306075653,-0.3252071002831591,-0.4975883595186931,-0.5165803228799646,0.9823667357329543,75.0
2.200374647650189,-0.7087877090941498,-0.24807964400940152,-2.928641328025234,0.6634414270272342,0.6626741350743978,-0.3252071002831591,-0.8797854416643115,-0.8690492532402484,1.3876603677826098,79.2
-0.45446806118581407,-0.5466886287657892,-0.1892314363129548,0.7310472455663491,0.6634414270272342,0.6626741350743978,-0.3252071002831591,0.5365919804047448,0.5187971600533688,0.29648520457199967,73.4
2.200374647650189,-1.2761344902434122,-0.2564865308231796,0.12559904543917821,0.5348963688946821,0.5354100783741491,-0.3252071002831591,-0.8797854416643115,-0.891078561387766,1.6058954004247314,84.0
-0.45446806118581407,-0.21438551409264978,-0.2564865308231796,0.7691690015412614,0.7062897797380849,0.7050954873078139,-0.3252071002831591,-0.13787345867575826,-0.14208208437216316,0.3276616378065884,75.2
-0.45446806118581407,0.07739283049839944,-0.2564865308231796,0.5023167097168753,0.3635029580512792,0.40814602167390046,-0.26511771772008974,0.2218414421671768,0.254445462283156,0.1717794716336441,78.0
-0.45446806118581407,0.7419990598446782,-0.24807964400940152,0.12109914996775197,-0.02213221634637729,-0.01606750066026172,0.07538878347063621,0.15439489825912633,0.10024030525053204,-1.792335822145454,62.7
-0.45446806118581407,0.43401080722079294,-0.2564865308231796,0.7310472455663491,0.6634414270272342,0.6626741350743978,-0.28514751190777954,0.131912716956443,0.07821099710301418,-0.5452784927618993,65.9
-0.45446806118581407,0.15033741664616176,-0.046314360478727036,0.7691690015412614,0.7062897797380849,0.6626741350743978,-0.28514751190777954,-0.3626952717025926,-0.36237516584734053,-0.23351416041601072,67.2
-0.45446806118581407,-0.2224904681090678,-0.23126587038184532,0.5785602216666998,0.5348963688946821,0.5354100783741491,-0.3252071002831591,0.9637534251557298,0.8712660904136528,0.20295590486823284,73.2
-0.45446806118581407,0.6771594277133339,-0.23967275719562342,0.5023167097168753,0.4063513107621299,0.40814602167390046,0.07538878347063621,0.7389316121288956,0.6950316252335107,-0.10880842747765573,65.8
-0.45446806118581407,0.5961098875491536,-0.206045209940511,0.6548037336165246,0.6634414270272342,0.6202527828409815,-0.3252071002831591,-0.34021309039990916,-0.34034585769982273,-0.5452784927618993,63.5
-0.45446806118581407,0.03686806041630928,-0.2564865308231796,-0.6032142135555821,-0.664857507009138,-0.5675450796946725,-0.3252071002831591,-0.744892353848211,-0.7589027125026597,-0.4205727598235443,69.6
-0.45446806118581407,0.13412750861332567,7.393780469714894,0.3117079298423136,0.14926119449702557,0.19603926050681936,-0.30517730609546934,4.89813515312533,4.924658789556916,-0.13998486071224447,68.3
-0.45446806118581407,2.0063718864058915,0.23951979118972846,0.19734266191757663,-0.4506157434548845,-0.39785967076100764,1.1569976696058835,0.4691454364966945,0.47473854375833335,-1.1999835906882659,52.1
-0.45446806118581407,-0.18196569802697762,-0.24807964400940152,-2.661789036200848,-3.1500619642384797,-3.1128262136996456,-0.22505812934471028,-0.6774458099401607,-0.7148440962076241,0.20295590486823284,74.7
-0.45446806118581407,0.16654732467899783,-0.2564865308231796,0.7691690015412614,0.7062897797380849,0.7050954873078139,-0.3252071002831591,0.24432362346986014,0.32053338672570936,0.015897305460699812,72.2
-0.45446806118581407,-1.0654056858165433,-0.029500586851170827,-2.661789036200848,-3.1500619642384797,-3.1128262136996456,0.47598466722443145,0.3117701673779104,0.254445462283156,0.14060303839905536,61.8
-0.45446806118581407,-0.2468053301583219,-0.24807964400940152,0.38795144179213825,0.5777447216055328,0.23846061274023558,-0.3252071002831591,-0.5200705408213766,-0.5165803228799646,0.3276616378065884,73.0
2.200374647650189,-0.8546768813896745,-0.2564865308231796,0.12559904543917821,0.6205930743163834,0.6202527828409815,-0.3252071002831591,-0.9022676229669949,-0.891078561387766,1.9176597327706202,81.3
-0.45446806118581407,0.8635733700909487,-0.23967275719562342,0.7310472455663491,0.6634414270272342,0.7050954873078139,-0.3252071002831591,-0.6099992660321103,-0.5606389391750001,0.20295590486823284,65.0
-0.45446806118581407,-0.1009161578627973,0.17226469667950364,0.7310472455663491,0.6634414270272342,0.7050954873078139,-0.3252071002831591,-0.45262399691332633,-0.4725217065849292,0.6082495369178882,74.1
-0.45446806118581407,1.2364012548461782,-0.23126587038184532,0.12109914996775197,0.020716136364473427,0.026353851573154497,1.9982490254888532,1.480843595117449,1.4219987941015961,-0.23351416041601072,61.7
-0.45446806118581407,0.2557018188595962,-0.2564865308231796,0.3117079298423136,0.10641284178617486,0.19603926050681936,-0.22505812934471028,-0.3177309090972257,-0.34034585769982273,0.015897305460699812,70.0
-0.45446806118581407,0.920308048205875,0.20589224393461605,-0.18387489783154662,-0.36491903803318304,-0.35543831852759145,-0.024760187467812608,0.9637534251557298,0.8932953985611704,-1.9482179883183983,55.5
2.200374647650189,-0.06849634179712516,-0.2564865308231796,0.5023167097168753,0.4063513107621299,0.40814602167390046,-0.3252071002831591,-0.6099992660321103,-0.6046975554700355,1.2317782016096654,74.4
-0.45446806118581407,0.45832566927004703,-0.2564865308231796,0.19734266191757663,-0.36491903803318304,-0.39785967076100764,-0.024760187467812608,-0.3177309090972257,-0.318316549552305,-0.32704346011977753,67.9
-0.45446806118581407,0.02065815238347321,-0.2564865308231796,0.5785602216666998,0.5348963688946821,0.5354100783741491,-0.3252071002831591,-0.6549636286374771,-0.6267268636175533,1.2629546348442546,74.2
-0.45446806118581407,-0.14144092794488747,-0.23126587038184532,0.6929254895914368,0.6205930743163834,0.6202527828409815,-0.28514751190777954,-0.6324814473347937,-0.6267268636175533,-0.26469059365060005,74.6
-0.45446806118581407,0.4178008991879569,-0.2564865308231796,0.7691690015412614,0.6634414270272342,0.7050954873078139,-0.24508792353240003,2.425095209830153,2.479405585182447,0.14060303839905536,69.4
2.200374647650189,0.08549778451481747,-0.22285898356806721,0.7310472455663491,0.7062897797380849,0.7050954873078139,-0.3252071002831591,-0.20532000258380853,-0.14208208437216316,-0.17116129394683324,77.0
-0.45446806118581407,-1.24371467417774,-0.2564865308231796,0.12559904543917821,0.6205930743163834,0.6202527828409815,-0.3252071002831591,-0.9022676229669949,-0.9131078695352839,1.5747189671901434,78.9
-0.45446806118581407,-0.2224904681090678,-0.24807964400940152,0.4641949537419629,0.4063513107621299,-3.1128262136996456,-0.3252071002831591,-0.6549636286374771,-0.6267268636175533,-0.35821989335436627,73.0
2.200374647650189,-0.6439480769628055,-0.2564865308231796,0.12559904543917821,0.3635029580512792,-3.1128262136996456,-0.3252071002831591,-0.9247498042696785,-0.9351371776828016,1.5747189671901434,78.5
2.200374647650189,-1.2842394442598302,-0.24807964400940152,0.4641949537419629,0.4063513107621299,0.40814602167390046,-0.3252071002831591,-0.9697141668750453,-0.9571664858303194,2.6035412639315747,82.7
-0.45446806118581407,-0.7898372492583302,-0.2564865308231796,0.6548037336165246,0.5777447216055328,0.5778314306075653,-0.3252071002831591,2.020415946381852,1.994760805937057,-0.07763199424306644,77.3
-0.45446806118581407,1.9010074841924571,-0.046314360478727036,0.6166819776416121,0.5348963688946821,0.5354100783741491,1.016789110292055,0.28928798607522704,0.23241615413563838,-0.5141020595273106,58.0
-0.45446806118581407,-0.9600412836031089,0.6682710186924118,-2.661789036200848,-0.7505542124308395,0.19603926050681936,2.1584873789903716,0.7389316121288956,0.6950316252335107,-0.8851385831215677,49.6
-0.45446806118581407,-0.32785487032250227,0.11341648898305692,0.7310472455663491,0.6634414270272342,0.6626741350743978,-0.3252071002831591,-0.6999279912428441,-0.6928147880601065,0.015897305460699812,75.4
-0.45446806118581407,-0.26301523819115796,-0.23967275719562342,0.7310472455663491,0.6634414270272342,0.6626741350743978,-0.3252071002831591,0.131912716956443,0.10024030525053204,0.8576610027945993,72.6
-0.45446806118581407,0.012553198367055176,-0.2564865308231796,0.1592209059426643,-0.06498056905722802,-0.05848885289367794,-0.3252071002831591,-1.059642892085779,-1.0452837184203903,-0.10880842747765573,69.2
-0.45446806118581407,-1.1464552259807237,-0.15560388905784237,0.7310472455663491,0.6634414270272342,0.6626741350743978,-0.26511771772008974,0.19935926086449324,0.18835753784060286,-0.389396326588955,65.7
-0.45446806118581407,-0.3035400082732481,-0.24807964400940152,0.5785602216666998,0.4920480161838313,0.49298872614073286,-0.3252071002831591,-0.6099992660321103,-0.6046975554700355,0.45236737074494393,74.6
-0.45446806118581407,-0.20628056007623174,-0.2564865308231796,0.6548037336165246,0.6634414270272342,0.6626741350743978,-0.3252071002831591,2.2227555781060024,2.170995271117199,-0.23351416041601072,69.6
-0.45446806118581407,-0.011761663682198926,-0.23126587038184532,0.7310472455663491,0.7062897797380849,0.6626741350743978,-0.30517730609546934,-0.6774458099401607,-0.6928147880601065,-0.23351416041601072,73.2
-0.45446806118581407,0.8797832781237848,-0.24807964400940152,0.3498296858172259,0.234957899918727,0.23846061274023558,0.27568672534753386,0.15439489825912633,0.14429892154556734,-2.0417472880221648,61.3
-0.45446806118581407,-0.1252310199120514,-0.2564865308231796,0.6929254895914368,0.6205930743163834,0.6202527828409815,-0.3252071002831591,-0.3177309090972257,-0.34034585769982273,-3.756451115924552,74.4
2.200374647650189,-0.9357264215538548,-0.2564865308231796,0.12559904543917821,0.6205930743163834,0.6202527828409815,-0.3252071002831591,-1.0146785294804122,-1.0232544102728724,1.2317782016096654,83.4
-0.45446806118581407,0.1584423706625798,-0.12197634180272997,0.7691690015412614,0.7062897797380849,0.7050954873078139,-0.3252071002831591,-0.43014181561064285,-0.4064337821423759,0.015897305460699812,69.2
-0.45446806118581407,-0.7006827550777318,-0.23967275719562342,-2.471180256326286,0.234957899918727,0.3657246694404842,-0.3252071002831591,-0.9921963481777287,-1.0012251021253546,1.169425335140488,79.7
-0.45446806118581407,-0.8141521113075842,-0.24807964400940152,0.7310472455663491,0.6634414270272342,0.6626741350743978,-0.3252071002831591,-0.7673745351508944,-0.8690492532402484,-0.10173128462173259,82.3
-0.45446806118581407,-0.9519363295866908,0.2983679988861752,-0.10763138588172197,-0.40776739074403373,-0.270595614060759,1.5776233475473684,-0.2727665464918588,-0.29628724140478724,-0.7946899586386104,54.3
-0.45446806118581407,0.6528445656640799,0.07978894172794451,-2.69991079217576,-3.1929103169493303,-0.14333155736051037,-0.3252071002831591,2.020415946381852,1.9507021896420216,-1.0752778577499102,62.6
-0.45446806118581407,0.3934860371387028,-0.004279926409836519,-0.6032142135555821,-0.40776739074403373,-0.31301696629417525,-0.3252071002831591,0.131912716956443,0.05618168895549653,-0.8258663918731991,66.5
-0.45446806118581407,1.374185473125285,0.16385780986572554,-1.403771089028741,-2.0360047937563612,-2.009871055630824,-0.16496874678164097,0.5815563430101116,0.5187971600533688,-0.8851385831215677,51.6
2.200374647650189,-0.8303620193404203,-0.24807964400940152,-2.928641328025234,0.6205930743163834,0.6202527828409815,-0.3252071002831591,-0.8797854416643115,-0.891078561387766,1.8864832995360319,81.1
-0.45446806118581407,2.598033529604408,0.6178296978097432,-0.6413359695304945,-1.0504926814067945,-0.864494545328586,1.4374147882335402,0.3792167112859607,0.3645920030207447,-0.13998486071224447,51.3
-0.45446806118581407,-1.0978255018822154,0.15545092305194744,0.5023167097168753,-3.1500619642384797,-3.1128262136996456,-0.24508792353240003,1.840558495960384,1.840555648904433,-1.012924991280732,65.4
-0.45446806118581407,1.7308034498476783,-0.05472124729250514,0.1592209059426643,-0.2792223326114816,0.026353851573154497,0.6161932265382598,0.7838959747342626,0.7611195496760641,-2.135276587725931,52.6
-0.45446806118581407,0.07739283049839944,0.19748535712083795,0.6929254895914368,0.6205930743163834,0.6202527828409815,-0.3252071002831591,-0.43014181561064285,-0.42846309028989366,-0.015279127773888937,69.9
-0.45446806118581407,-0.3035400082732481,0.13023026261061313,0.7310472455663491,0.6634414270272342,0.6626741350743978,-0.3252071002831591,-0.6774458099401607,-0.6928147880601065,-0.04645556100847768,75.0
-0.45446806118581407,0.44211576123721097,0.2731473384448409,-0.06950962990680964,0.234957899918727,0.23846061274023558,-0.3252071002831591,-0.8797854416643115,1.0475005555937944,-0.17116129394683324,67.3
-0.45446806118581407,0.8959931861566208,0.18907847030705985,-0.37448367770610824,-3.235758669660181,-0.5675450796946725,-0.024760187467812608,0.7164494308262122,0.6509730089384754,-1.2623364571574434,57.3
-0.45446806118581407,-0.26301523819115796,-0.24807964400940152,0.5785602216666998,0.5777447216055328,0.49298872614073286,-0.3252071002831591,-0.6549636286374771,-0.6267268636175533,0.07825017192987786,73.5
-0.45446806118581407,0.4826405313193011,-0.22285898356806721,0.6929254895914368,0.6634414270272342,0.6626741350743978,-0.3252071002831591,-0.34021309039990916,-0.34034585769982273,0.1094266051644666,66.9
2.200374647650189,-0.6115282608971334,-0.22285898356806721,0.12559904543917821,0.3635029580512792,0.3657246694404842,-0.3252071002831591,-0.9472319855723618,-0.9791957939778371,0.9801611372058415,77.8
-0.45446806118581407,-1.219399812128486,-0.1976383231267329,0.5785602216666998,0.5348963688946821,0.5778314306075653,-0.30517730609546934,-0.7898567164535778,-0.8029613287976952,0.2653087713374109,74.7
-0.45446806118581407,1.4471300592730472,-0.1976383231267329,0.27358617386740125,0.4063513107621299,-3.1128262136996456,0.03532919509525665,1.1211286942745142,1.09155917188883,-2.384688053602642,58.5
-0.45446806118581407,-1.000566053685199,0.4496919615341811,-0.2982401657562836,-0.5791608015874367,-0.4827023752278401,1.2972062289197117,0.28928798607522704,0.27647477043067387,-0.45174919305813305,56.3
-0.45446806118581407,-1.2761344902434122,-0.2564865308231796,0.6929254895914368,0.7062897797380849,0.6202527828409815,-0.3252071002831591,0.041983991745709166,-0.05396485178209214,0.4211909375103552,77.9
-0.45446806118581407,0.06118292246556338,-0.22285898356806721,0.7310472455663491,0.6634414270272342,0.6626741350743978,-0.3252071002831591,2.357648665922103,2.3031711200023057,0.39001450427576645,72.3
2.200374647650189,-0.741207525159822,-0.2564865308231796,0.12559904543917821,0.3635029580512792,0.3657246694404842,-0.3252071002831591,-0.9247498042696785,-0.9351371776828016,1.7306011333630875,81.0
-0.45446806118581407,-0.25491028417473993,-0.2564865308231796,-2.661789036200848,0.3635029580512792,0.49298872614073286,-0.3252071002831591,-0.587517084729427,-0.5826682473225179,0.23413233810282216,73.6
-0.45446806118581407,-0.08470624982996124,-0.1976383231267329,-1.06067528525453,-0.15067727447892945,-0.2281742618273428,-0.3252071002831591,-0.43014181561064285,-0.42846309028989366,-0.389396326588955,67.8
-0.45446806118581407,-0.13333597392846944,-0.23126587038184532,0.5023167097168753,0.4920480161838313,0.49298872614073286,-0.3252071002831591,0.1768770795618099,0.12226961339804969,1.075896035436721,78.0
-0.45446806118581407,2.598033529604408,0.20589224393461605,-0.2982401657562836,-3.235758669660181,-0.5675450796946725,5.443373625771493,1.9304872211711175,2.4573762770349297,0.2653087713374109,54.0
2.200374647650189,-0.6763678930284777,-0.24807964400940152,-2.928641328025234,0.6205930743163834,0.6202527828409815,-0.3252071002831591,-0.8573032603616281,-0.8690492532402484,1.5123661007209648,78.4
-0.45446806118581407,1.4714449213223013,1.6434698890906718,-0.18387489783154662,-1.736066324780406,-3.3249329748667265,0.15550796022139524,1.6831832268416,1.620262567429256,-0.8851385831215677,51.3
-0.45446806118581407,0.19086218672825192,-0.2564865308231796,0.6166819776416121,0.5348963688946821,0.5354100783741491,-0.3252071002831591,-0.6324814473347937,-0.6046975554700355,1.2629546348442546,73.0
-0.45446806118581407,2.865497012146203,-0.22285898356806721,0.5404384656917876,-3.1500619642384797,0.45056737390731666,1.5776233475473684,0.2668058047725435,0.2103868459881207,-0.2958670268851888,52.1
-0.45446806118581407,-0.01986661769861696,-0.2564865308231796,-0.9463100173297931,-2.4216399681540173,-1.1614440109624995,-0.3252071002831591,-1.059642892085779,-1.0452837184203903,0.1094266051644666,71.4
-0.45446806118581407,0.5717950254998995,0.3404024329550657,0.23546441789248895,0.06356448907532414,-0.14333155736051037,-0.26511771772008974,1.8855228585657509,1.9286728814945036,-1.3870421900957988,62.8
-0.45446806118581407,0.5069553933685552,-0.1640107758716205,0.7310472455663491,0.7062897797380849,0.6626741350743978,-0.26511771772008974,0.1768770795618099,0.1663282296930852,-0.389396326588955,66.1
2.200374647650189,-0.5791084448314613,-0.2564865308231796,0.12559904543917821,0.4491996634729806,0.45056737390731666,-0.3252071002831591,-0.8348210790589446,-0.891078561387766,1.5123661007209648,78.1
-0.45446806118581407,0.6204247495984078,-0.206045209940511,0.7310472455663491,0.6634414270272342,0.6626741350743978,-0.3252071002831591,-0.3626952717025926,-0.36237516584734053,-0.5141020595273106,64.1
-0.45446806118581407,-0.2954350542568301,-0.24807964400940152,0.38795144179213825,-3.1500619642384797,0.40814602167390046,-0.3252071002831591,-0.5200705408213766,-0.4725217065849292,0.3276616378065884,73.9
-0.45446806118581407,0.9851476803372192,-0.23126587038184532,0.6929254895914368,0.6205930743163834,0.6626741350743978,0.1955675485967748,0.7838959747342626,0.7390902415285464,-0.9817485580461435,59.0
-0.45446806118581407,0.8878882321402028,-0.029500586851170827,0.3498296858172259,-0.8790992705633917,-0.9917586020288347,0.07538878347063621,1.5033257764201324,1.5321453348391847,-1.5117479230341542,57.7
2.200374647650189,-1.2761344902434122,-0.2564865308231796,0.5404384656917876,0.4491996634729806,0.45056737390731666,-0.3252071002831591,-1.0371607107830956,-1.0232544102728724,2.3229533648202754,81.1
-0.45446806118581407,0.17465227869541586,-0.23967275719562342,-0.26011840978137124,-0.8790992705633917,-0.8220731930951698,-0.3252071002831591,1.5707723203281827,1.5321453348391847,-0.32704346011977753,64.9
-0.45446806118581407,-0.1495458819613055,-0.23126587038184532,0.4641949537419629,0.4491996634729806,0.45056737390731666,-0.3252071002831591,0.15439489825912633,0.10024030525053204,1.169425335140488,71.1
-0.45446806118581407,0.22328200279392404,-0.2564865308231796,0.5404384656917876,0.3635029580512792,0.7050954873078139,-0.3252071002831591,-0.4975883595186931,-0.5165803228799646,-0.015279127773888937,72.6
-0.45446806118581407,-0.0036567096657808915,-0.206045209940511,0.08297739399283964,0.14926119449702557,0.11119655603998693,-0.024760187467812608,-0.34021309039990916,-0.34034585769982273,0.20295590486823284,72.9
-0.45446806118581407,0.920308048205875,-0.1724176626853986,-0.4507271896559329,-0.7934025651416902,-0.39785967076100764,-0.2050283351570205,-0.8123388977562612,-0.8029613287976952,-0.6388077924656661,62.7
-0.45446806118581407,-0.6601579849956416,-0.24807964400940152,0.7691690015412614,0.7062897797380849,0.7050954873078139,-0.3252071002831591,-0.34021309039990916,-0.36237516584734053,0.3276616378065884,74.5
-0.45446806118581407,-1.1869799960628138,-0.24807964400940152,0.6929254895914368,0.6205930743163834,0.6202527828409815,-0.3252071002831591,-0.6774458099401607,-0.648756171765071,-0.4205727598235443,72.8
-0.45446806118581407,-0.0522864337642891,-0.2564865308231796,0.7310472455663491,0.6634414270272342,0.6626741350743978,-0.3252071002831591,0.49162761779937786,0.47473854375833335,0.639425970152477,73.6
-0.45446806118581407,1.4552350132894651,-0.13879011543028616,0.19734266191757663,-0.4506157434548845,-0.01606750066026172,0.6762826091013291,0.6714850682208454,0.6289437007909575,-0.45174919305813305,55.9
-0.45446806118581407,-0.8222570653240023,-0.23126587038184532,0.6166819776416121,0.234957899918727,0.15361790827340313,9.489392051684826,0.5365919804047448,0.5628557763484043,-0.7323370921694329,46.0
-0.45446806118581407,-1.1788750420463958,-0.14719700224406426,0.6166819776416121,0.5777447216055328,0.5354100783741491,-0.26511771772008974,-0.8123388977562612,-0.8029613287976952,-0.5141020595273106,79.0
2.200374647650189,-0.7898372492583302,-0.2564865308231796,0.6166819776416121,0.5777447216055328,0.5778314306075653,-0.3252071002831591,-1.0371607107830956,-1.0452837184203903,2.042365465708976,81.0
-0.45446806118581407,-1.1545601799971417,-0.2564865308231796,0.6929254895914368,0.6205930743163834,0.6202527828409815,-0.28514751190777954,0.15439489825912633,0.07821099710301418,-0.45174919305813305,65.8
2.200374647650189,-0.7736273412254941,-0.23126587038184532,0.12559904543917821,0.5777447216055328,0.5778314306075653,-0.3252071002831591,-0.9247498042696785,-0.9571664858303194,0.9801611372058415,81.2
-0.45446806118581407,0.1584423706625798,-0.13038322861650806,0.7691690015412614,0.7062897797380849,0.7050954873078139,-0.3252071002831591,-0.43014181561064285,-0.4064337821423759,0.015897305460699812,69.4
-0.45446806118581407,2.419724541243211,-0.06312813410628325,0.1592209059426643,0.020716136364473427,0.026353851573154497,-0.22505812934471028,0.5815563430101116,0.5408264682008868,-0.7946899586386104,48.1
-0.45446806118581407,-1.227504766144904,-0.24807964400940152,-0.1457531418566343,-0.36491903803318304,-0.31301696629417525,-0.3252071002831591,-0.047944733465024446,-0.07599415992960999,0.6706024033870658,73.7
-0.45446806118581407,-0.1495458819613055,-0.08834879454761756,0.6166819776416121,0.1921095472078763,0.19603926050681936,-0.3252071002831591,0.3117701673779104,0.254445462283156,-0.17116129394683324,71.7
-0.45446806118581407,-0.1738607440105596,0.11341648898305692,-0.2982401657562836,0.10641284178617486,0.11119655603998693,-0.3252071002831591,0.08694835435107608,0.05618168895549653,-0.4205727598235443,74.0
-0.45446806118581407,0.15033741664616176,-0.22285898356806721,0.6929254895914368,0.6205930743163834,0.6202527828409815,-0.3252071002831591,2.3351664846194193,2.3031711200023057,0.4211909375103552,71.8
-0.45446806118581407,0.5880049335327355,-0.13879011543028616,0.6929254895914368,0.6634414270272342,0.6202527828409815,-0.28514751190777954,-0.587517084729427,-0.5606389391750001,0.7017788366216551,69.6
-0.45446806118581407,0.11791760058048961,-0.2564865308231796,-2.69991079217576,-0.02213221634637729,-0.18575290959392657,-0.3252071002831591,-1.059642892085779,-1.0452837184203903,-0.48292562629272184,67.7
-0.45446806118581407,-0.25491028417473993,-0.1808245494991767,0.4641949537419629,0.3635029580512792,0.3657246694404842,-0.30517730609546934,-0.8573032603616281,-0.8470199450927306,0.4211909375103552,74.5
2.200374647650189,-0.5466886287657892,-0.2564865308231796,0.6548037336165246,0.5777447216055328,0.5778314306075653,-0.3252071002831591,-0.7673745351508944,-0.7589027125026597,0.8888374360291881,77.7
-0.45446806118581407,0.1827572327118339,0.9036638494781987,0.1592209059426643,-0.02213221634637729,-0.05848885289367794,-0.28514751190777954,-0.744892353848211,-0.7589027125026597,0.015897305460699812,68.1
-0.45446806118581407,-1.219399812128486,-0.24807964400940152,0.6548037336165246,0.6205930743163834,0.6202527828409815,-0.3252071002831591,-0.6324814473347937,-0.6267268636175533,-0.45174919305813305,73.6
-0.45446806118581407,0.15033741664616176,-0.1640107758716205,0.1592209059426643,-0.7077058597199888,0.026353851573154497,-0.30517730609546934,1.3684326886040319,1.3559108696590427,-0.389396326588955,67.8
-0.45446806118581407,-0.9681462376195269,4.585880273913007,-1.1369187972043546,-2.2073982045997638,-2.264399169031321,0.6362230207259497,2.110344671592585,2.082878038527128,-1.3870421900957988,47.1
-0.45446806118581407,0.5555851174670634,-0.15560388905784237,0.7310472455663491,0.6634414270272342,0.6626741350743978,-0.24508792353240003,0.2218414421671768,0.2103868459881207,-0.389396326588955,65.2
-0.45446806118581407,2.679083069768588,-0.11356945498895187,-1.2131623091541794,-1.564672913937003,-1.458393476596413,1.4574445824212299,1.0087177877610969,0.9814126311512414,-1.8235122553800427,46.8
-0.45446806118581407,-0.31974991630608424,-0.22285898356806721,0.6166819776416121,0.5348963688946821,0.5354100783741491,-0.3252071002831591,-0.22780218388649198,-0.25222862510975186,0.45236737074494393,72.5
-0.45446806118581407,-1.1626651340135596,-0.2564865308231796,0.1592209059426643,-0.36491903803318304,-0.01606750066026172,-0.3252071002831591,-1.059642892085779,-1.067313026567908,-0.13998486071224447,65.1
-0.45446806118581407,0.1827572327118339,-0.2564865308231796,0.6548037336165246,0.5777447216055328,0.5778314306075653,-0.3252071002831591,0.28928798607522704,0.3645920030207447,0.04707373869528856,72.0
-0.45446806118581407,-1.24371467417774,-0.24807964400940152,-2.69991079217576,-3.1929103169493303,-3.155247565933062,-0.3252071002831591,-0.0029803708596575404,-0.05396485178209214,0.9200138692637768,73.0
-0.45446806118581407,0.3934860371387028,-0.2564865308231796,-2.814276060100497,-0.36491903803318304,-0.14333155736051037,-0.3252071002831591,-1.059642892085779,-1.0452837184203903,0.04707373869528856,64.9
2.200374647650189,-0.5953183528642974,-0.24807964400940152,-0.5650924575806698,0.5777447216055328,0.5354100783741491,-0.3252071002831591,-0.9247498042696785,-0.9131078695352839,2.1047183321781535,78.8
-0.45446806118581407,-0.16575578999414156,-0.15560388905784237,0.23546441789248895,0.10641284178617486,0.11119655603998693,-0.3252071002831591,-0.6099992660321103,-0.648756171765071,0.29648520457199967,74.2
-0.45446806118581407,-0.6520530309792236,-0.23967275719562342,-2.661789036200848,-3.1500619642384797,-3.1128262136996456,-0.3252071002831591,-0.9247498042696785,-0.9131078695352839,1.075896035436721,79.9
-0.45446806118581407,-0.6277381689299695,-0.2564865308231796,0.5404384656917876,0.4491996634729806,0.45056737390731666,-0.3252071002831591,-0.025462552162341095,-0.09802346807712765,0.1717794716336441,76.3
2.200374647650189,-0.8870966974553466,-0.23967275719562342,0.1618176052626944,0.7062897797380849,0.5778314306075653,-0.3252071002831591,-0.6324814473347937,-0.6928147880601065,1.0135431689675436,83.7
-0.45446806118581407,0.3934860371387028,1.2063117747742105,-0.5650924575806698,-0.15067727447892945,-0.4827023752278401,-0.3252071002831591,-0.6774458099401607,-0.6707854799125887,-0.32704346011977753,65.3
-0.45446806118581407,1.2769260249282683,-0.23967275719562342,0.3498296858172259,-0.8790992705633917,-0.864494545328586,0.516044255599811,0.28928798607522704,0.23241615413563838,-2.7276288191831193,57.9
-0.45446806118581407,0.19086218672825192,-0.1976383231267329,-0.4888489456308452,-0.49346409616573517,-0.4402810229944239,0.15550796022139524,-0.2502843651891754,-0.29628724140478724,0.07825017192987786,71.2
-0.45446806118581407,-1.1221403639314695,-0.23126587038184532,-0.26011840978137124,-1.1790377395393468,-1.1614440109624995,-0.3252071002831591,1.5932545016308661,1.5321453348391847,-0.45174919305813305,63.7
-0.45446806118581407,1.8361678520611129,0.5505746032995184,-0.5650924575806698,-1.9503080883346595,-1.7553429422303266,0.11544837184601568,-0.7673745351508944,-0.7589027125026597,-2.0417472880221648,46.5
-0.45446806118581407,-1.219399812128486,-0.24807964400940152,0.38795144179213825,0.7062897797380849,0.2808819649736518,-0.3252071002831591,-0.34021309039990916,-0.38440447399485816,0.82648456956001,78.0
2.200374647650189,-0.7006827550777318,-0.2564865308231796,0.6166819776416121,0.3635029580512792,0.3657246694404842,-0.3252071002831591,-1.0371607107830956,-1.0452837184203903,1.7306011333630875,79.0
2.200374647650189,-0.6196332149135515,-0.2564865308231796,0.6929254895914368,0.6205930743163834,0.6626741350743978,-0.3252071002831591,-0.9472319855723618,-0.9791957939778371,1.2317782016096654,79.6
-0.45446806118581407,-0.5547935827822071,-0.24807964400940152,0.4641949537419629,0.3635029580512792,0.3657246694404842,-0.3252071002831591,-0.7224101725455274,-0.7148440962076241,0.5770731036832994,79.5
-0.45446806118581407,0.38538108312228475,-0.2564865308231796,0.3498296858172259,0.14926119449702557,0.15361790827340313,-0.3252071002831591,-1.059642892085779,-1.067313026567908,0.015897305460699812,65.0
-0.45446806118581407,2.824972242064113,-0.22285898356806721,0.6166819776416121,0.4491996634729806,0.5354100783741491,1.4574445824212299,0.33425234868059395,0.27647477043067387,-0.32704346011977753,52.2
-0.45446806118581407,-0.01986661769861696,-0.1640107758716205,0.7310472455663491,0.7062897797380849,0.7050954873078139,-0.28514751190777954,0.806378156036946,0.8051781659710994,0.2653087713374109,73.5
2.200374647650189,-0.6439480769628055,-0.23126587038184532,-2.661789036200848,0.5348963688946821,0.5778314306075653,-0.3252071002831591,-0.8573032603616281,-0.8470199450927306,1.3564839345480204,79.2
-0.45446806118581407,0.8311535540252766,-0.2144520967542891,0.6548037336165246,0.7062897797380849,0.6626741350743978,-0.18499854096933072,-0.5200705408213766,-0.49455101473244684,0.82648456956001,67.7
-0.45446806118581407,-0.4089044104866826,-0.22285898356806721,0.7310472455663491,0.6634414270272342,0.6626741350743978,-0.3252071002831591,-0.22780218388649198,-0.23019931696223409,0.3276616378065884,73.9
-0.45446806118581407,0.9689377723043832,-0.23126587038184532,0.6929254895914368,0.6205930743163834,0.6202527828409815,0.07538878347063621,0.7389316121288956,0.6950316252335107,-1.012924991280732,59.3
-0.45446806118581407,0.685264381729752,0.19748535712083795,0.38795144179213825,0.020716136364473427,0.2808819649736518,0.2155973427844645,0.6490028869181619,0.584885084495922,-0.2958670268851888,63.4
2.200374647650189,-0.32785487032250227,-0.2564865308231796,0.7691690015412614,0.7062897797380849,0.7050954873078139,-0.3252071002831591,-0.8123388977562612,-0.8029613287976952,0.9200138692637768,75.1
-0.45446806118581407,-0.34406477835533833,-0.24807964400940152,0.5785602216666998,0.5348963688946821,0.49298872614073286,-0.3252071002831591,-0.7224101725455274,-0.7368734043551419,1.075896035436721,75.4
-0.45446806118581407,-0.6115282608971334,-0.24807964400940152,0.5023167097168753,0.4920480161838313,0.40814602167390046,-0.3252071002831591,0.041983991745709166,-0.009906235487056637,0.23413233810282216,75.4
2.200374647650189,-0.5710034908150433,-0.2564865308231796,0.6929254895914368,0.5777447216055328,0.6202527828409815,-0.3252071002831591,-0.9472319855723618,-0.9791957939778371,1.0447196022021323,78.7
-0.45446806118581407,0.19086218672825192,1.3156013033533258,-0.5269707016057575,-0.4506157434548845,-0.31301696629417525,-0.3252071002831591,1.3684326886040319,1.3779401778065603,-0.4205727598235443,66.3
-0.45446806118581407,2.4278294952596293,-0.021093700037392724,0.5785602216666998,0.4491996634729806,0.45056737390731666,2.3187257324918895,0.4241810738913276,0.38662131116826254,-0.6076313592310774,54.9
2.200374647650189,-1.235609720161322,-0.2564865308231796,0.12559904543917821,0.6205930743163834,0.6202527828409815,-0.3252071002831591,-0.8123388977562612,-0.8690492532402484,1.294131068078843,77.0
-0.45446806118581407,-1.1302453179478875,-0.23126587038184532,-0.26011840978137124,-1.1790377395393468,-1.1614440109624995,-0.3252071002831591,1.6157366829335496,1.57620395113422,-0.7011606589348436,61.0
-0.45446806118581407,0.9527278642715471,-0.22285898356806721,0.3117079298423136,0.1921095472078763,0.19603926050681936,0.3357761079106031,0.5365919804047448,0.47473854375833335,-0.8882192583423772,58.4
-0.45446806118581407,-0.10902111187921533,-0.1892314363129548,0.5023167097168753,0.27780625262957775,0.40814602167390046,-0.28514751190777954,-0.7898567164535778,-0.8029613287976952,0.23413233810282216,74.2
-0.45446806118581407,0.10170769254765355,-0.2564865308231796,0.7691690015412614,0.7062897797380849,0.7050954873078139,-0.3252071002831591,0.1768770795618099,0.254445462283156,0.39001450427576645,72.6
-0.45446806118581407,0.004448244350637142,-0.11356945498895187,0.4641949537419629,-3.1500619642384797,0.3657246694404842,-0.3252071002831591,2.425095209830153,2.4573762770349297,0.04707373869528856,69.2
-0.45446806118581407,-0.984356145652363,0.11341648898305692,-1.518136356953478,-1.9931564410455103,-2.5189272824318185,0.6762826091013291,-0.6774458099401607,-0.6928147880601065,-2.0729237212567533,48.4
-0.45446806118581407,-0.35216973237175636,-0.1724176626853986,0.5785602216666998,0.5348963688946821,0.49298872614073286,-0.3252071002831591,-0.8797854416643115,-0.891078561387766,1.4811896674863765,75.5
-0.45446806118581407,0.9932526343536373,-0.13879011543028616,0.19734266191757663,0.06356448907532414,0.0687752038065707,-0.04478998165550239,0.4241810738913276,0.3645920030207447,-0.015279127773888937,59.4
-0.45446806118581407,-0.6763678930284777,-0.2564865308231796,0.7691690015412614,0.7062897797380849,0.7050954873078139,-0.3252071002831591,-0.3177309090972257,-0.34034585769982273,0.39001450427576645,74.7
-0.45446806118581407,-0.28733010024041206,-0.24807964400940152,0.5785602216666998,0.3635029580512792,0.49298872614073286,-0.3252071002831591,-0.4975883595186931,-0.4725217065849292,0.5770731036832994,74.4
-0.45446806118581407,0.944622910255129,-0.1724176626853986,-0.5650924575806698,-0.15067727447892945,-0.31301696629417525,0.13547816603370547,0.6265207056154786,0.584885084495922,-0.7011606589348436,58.6
-0.45446806118581407,0.4826405313193011,-0.1976383231267329,0.6548037336165246,0.6634414270272342,0.6202527828409815,-0.3252071002831591,-0.29524872779454225,-0.29628724140478724,-3.756451115924552,63.8
2.200374647650189,-0.8060471572911663,-0.2564865308231796,0.12559904543917821,0.6205930743163834,0.6202527828409815,-0.3252071002831591,-0.8797854416643115,-0.891078561387766,1.7306011333630875,87.0
-0.45446806118581407,-0.10902111187921533,-0.1892314363129548,-2.814276060100497,-0.2363739799006309,-0.2281742618273428,-0.3252071002831591,-0.40765963430795943,-0.4064337821423759,-0.5141020595273106,67.5
-0.45446806118581407,-1.1464552259807237,-0.23967275719562342,0.7691690015412614,0.7062897797380849,0.7050954873078139,-0.28514751190777954,-0.6999279912428441,-0.7148440962076241,0.2653087713374109,71.2
-0.45446806118581407,3.9515608503462194,-0.23967275719562342,0.4641949537419629,0.5777447216055328,0.5778314306075653,5.343224654833044,-0.7673745351508944,-0.7809320206501774,-0.07763199424306644,48.1
-0.45446806118581407,0.944622910255129,0.39084375383773434,-0.6032142135555821,-0.8362509178525409,-0.8220731930951698,-0.3252071002831591,3.077078467607973,3.0301382888703903,-0.9817485580461435,58.6
2.200374647650189,-0.5628985367986252,-0.23126587038184532,0.19734266191757663,0.4920480161838313,-3.1128262136996456,-0.3252071002831591,-0.8348210790589446,-0.8249906369452128,1.294131068078843,78.0
-0.45446806118581407,0.920308048205875,-0.12197634180272997,0.7310472455663491,0.6634414270272342,0.6626741350743978,-0.28514751190777954,-0.587517084729427,-0.5386096310274824,0.5770731036832994,67.5
-0.45446806118581407,0.19896714074466995,-0.1976383231267329,-0.6032142135555821,-0.36491903803318304,-0.01606750066026172,0.13547816603370547,-0.2727665464918588,-0.29628724140478724,0.07825017192987786,71.4
-0.45446806118581407,1.0499873124685635,-0.23126587038184532,0.6166819776416121,0.4920480161838313,0.5354100783741491,0.25565693115984406,0.9637534251557298,0.915324706708688,-1.324689323626621,57.7
-0.45446806118581407,1.8604827141103668,0.2647404516310628,0.19734266191757663,-1.0933410341176453,-0.864494545328586,1.197057257981263,0.6265207056154786,0.6289437007909575,-1.6052772227379206,51.4
-0.45446806118581407,-1.2599245822105762,-0.2564865308231796,0.7691690015412614,0.7062897797380849,0.7050954873078139,-0.3252071002831591,0.28928798607522704,0.23241615413563838,0.39001450427576645,74.7
-0.45446806118581407,0.19896714074466995,-0.2564865308231796,0.3498296858172259,0.4491996634729806,0.40814602167390046,-0.3252071002831591,-0.5200705408213766,-0.5386096310274824,0.04707373869528856,73.2
-0.45446806118581407,0.8392585080416947,-0.07994190773383945,0.3498296858172259,-0.5791608015874367,-0.5675450796946725,0.03532919509525665,1.5033257764201324,1.488086718544149,-0.857042825107788,63.0
-0.45446806118581407,2.2819403229641044,-0.11356945498895187,-1.289405821104004,-1.564672913937003,-1.5856575332966616,0.9767295219166755,0.9187890625503632,0.8712660904136528,-1.6988065224416875,49.2
-0.45446806118581407,-0.40079945647026455,-0.2564865308231796,-2.661789036200848,0.4491996634729806,0.49298872614073286,-0.3252071002831591,-0.6549636286374771,-0.648756171765071,0.9200138692637768,75.3
-0.45446806118581407,-0.6601579849956416,-0.10516256817517376,0.7310472455663491,0.6634414270272342,0.6626741350743978,-0.3252071002831591,0.806378156036946,0.8051781659710994,0.8576610027945993,75.5
-0.45446806118581407,-0.6520530309792236,-0.24807964400940152,0.7310472455663491,0.6634414270272342,0.6626741350743978,-0.3252071002831591,-0.34021309039990916,-0.36237516584734053,0.35883807104117715,74.3
2.200374647650189,-0.06039138778070713,-0.23126587038184532,0.7691690015412614,0.6205930743163834,0.6202527828409815,-0.3252071002831591,-0.38517745300527595,-0.2742579332572695,0.5147202372141214,72.5
2.200374647650189,-0.7331025711434039,-0.2564865308231796,0.12559904543917821,0.6634414270272342,0.6626741350743978,-0.3252071002831591,-0.8797854416643115,-0.891078561387766,1.4811896674863765,79.7
2.200374647650189,-0.4170093645031006,-0.021093700037392724,0.5404384656917876,0.4491996634729806,0.5778314306075653,-0.3252071002831591,-0.9472319855723618,-0.9571664858303194,0.12062082783594635,77.8
2.200374647650189,-1.3166592603255023,-0.2564865308231796,0.7310472455663491,0.4063513107621299,0.49298872614073286,-0.3252071002831591,-0.34021309039990916,-0.34034585769982273,0.6082495369178882,71.6
-0.45446806118581407,-1.1950849500792318,-0.22285898356806721,0.27358617386740125,-3.1500619642384797,0.2808819649736518,-0.3252071002831591,-0.54255272212406,-0.5606389391750001,-0.07763199424306644,71.2
2.200374647650189,-0.741207525159822,-0.2564865308231796,0.5404384656917876,0.4063513107621299,0.40814602167390046,-0.3252071002831591,-1.0371607107830956,-1.0232544102728724,2.260600498351098,85.0
-0.45446806118581407,-1.0329858697508711,-0.07153502092006135,0.6929254895914368,0.6205930743163834,0.5778314306075653,-0.30517730609546934,-0.45262399691332633,-0.42846309028989366,0.015897305460699812,65.0
-0.45446806118581407,-1.0329858697508711,-0.05472124729250514,0.6166819776416121,0.5348963688946821,0.5354100783741491,1.0768784928551243,0.4241810738913276,0.4527092356108157,-1.012924991280732,55.3
-0.45446806118581407,0.7176841977954241,-0.206045209940511,-2.7380325481506724,0.7062897797380849,0.7050954873078139,-0.18499854096933072,-0.45262399691332633,-0.42846309028989366,0.35883807104117715,67.7
-0.45446806118581407,-0.26301523819115796,-0.24807964400940152,0.7691690015412614,0.4491996634729806,0.49298872614073286,-0.3252071002831591,-0.5650349034267435,-0.5606389391750001,0.45236737074494393,73.8
-0.45446806118581407,-1.20318990409565,-0.2564865308231796,0.6166819776416121,0.5348963688946821,0.5354100783741491,-0.30517730609546934,-0.11539127737307471,-0.12005277622464532,0.04707373869528856,73.1
-0.45446806118581407,-0.6196332149135515,-0.1976383231267329,0.7310472455663491,0.6205930743163834,0.6626741350743978,-0.3252071002831591,0.6490028869181619,0.584885084495922,1.2629546348442546,74.5
-0.45446806118581407,2.646663253702916,-0.23967275719562342,0.5404384656917876,0.5777447216055328,0.5778314306075653,2.539053468556477,1.0536821503664637,0.9814126311512414,-0.04645556100847768,54.8
-0.45446806118581407,0.17465227869541586,-0.15560388905784237,0.27358617386740125,0.06356448907532414,0.15361790827340313,-0.28514751190777954,1.3684326886040319,1.3779401778065603,-0.4205727598235443,67.4
-0.45446806118581407,-0.1495458819613055,-0.23967275719562342,0.5404384656917876,0.27780625262957775,0.45056737390731666,-0.30517730609546934,-0.6549636286374771,-0.6707854799125887,0.07825017192987786,74.0
-0.45446806118581407,0.23949191082676013,-0.2564865308231796,0.6548037336165246,0.5777447216055328,0.5778314306075653,-0.24508792353240003,0.2218414421671768,0.1663282296930852,-0.389396326588955,66.9
-0.45446806118581407,1.0094625423864734,1.2315324352155448,-1.0225535292796177,-0.8362509178525409,-1.2038653631959157,0.13547816603370547,1.4133970512093985,-0.6707854799125887,-1.3870421900957988,59.8
-0.45446806118581407,2.2414155528820143,-0.012686813223614622,-0.06950962990680964,-0.3220706853223323,-0.2281742618273428,0.03532919509525665,0.8513425186423127,0.8272074741186171,-1.1688071574536765,46.2
-0.45446806118581407,-0.10902111187921533,-0.13879011543028616,0.5023167097168753,-0.06498056905722802,0.15361790827340313,-0.26511771772008974,-0.8123388977562612,-0.8029613287976952,0.23413233810282216,72.2
-0.45446806118581407,-0.2468053301583219,-0.23967275719562342,0.6548037336165246,0.5777447216055328,0.5778314306075653,-0.3252071002831591,0.1768770795618099,0.12226961339804969,0.4211909375103552,72.9
-0.45446806118581407,-0.7331025711434039,-0.24807964400940152,0.6548037336165246,0.4491996634729806,0.40814602167390046,-0.3252071002831591,-0.8573032603616281,-0.8470199450927306,0.9511903024983656,79.3
-0.45446806118581407,-0.8384669733568384,-0.2564865308231796,0.7691690015412614,0.7062897797380849,0.7050954873078139,-0.3252071002831591,1.9529694024738011,1.9066435733469862,0.20295590486823284,78.5
-0.45446806118581407,-0.3035400082732481,0.054568281286610204,0.6929254895914368,0.5777447216055328,0.5778314306075653,-0.3252071002831591,-0.7224101725455274,-0.7368734043551419,0.07825017192987786,75.6
-0.45446806118581407,-0.3035400082732481,-0.1640107758716205,0.3498296858172259,0.5348963688946821,0.6626741350743978,-0.3252071002831591,-0.8573032603616281,-0.8690492532402484,1.3253075013134321,74.9
-0.45446806118581407,0.9122030941894569,-0.1724176626853986,-0.5650924575806698,0.06356448907532414,-0.05848885289367794,0.07538878347063621,0.604038524312795,0.5408264682008868,-0.7323370921694329,59.2
-0.45446806118581407,-0.027971571715034994,-0.1724176626853986,0.12109914996775197,0.020716136364473427,0.15361790827340313,-0.3252071002831591,-0.7224101725455274,-0.7368734043551419,-0.13998486071224447,73.3
-0.45446806118581407,-0.7898372492583302,0.13023026261061313,-0.5650924575806698,-0.15067727447892945,-0.7796518408617537,4.602122269888523,0.6265207056154786,0.584885084495922,-0.5141020595273106,44.0
-0.45446806118581407,0.40969594517153884,-0.23126587038184532,-2.661789036200848,-3.1500619642384797,-3.1128262136996456,-0.28514751190777954,-0.6774458099401607,-0.6928147880601065,0.1094266051644666,70.0
-0.45446806118581407,-0.06039138778070713,-0.23967275719562342,0.7310472455663491,0.7062897797380849,0.6626741350743978,-0.3252071002831591,-0.6999279912428441,-0.7148440962076241,-0.17116129394683324,73.9
-0.45446806118581407,1.7551183118969325,0.5001332824168497,-0.5650924575806698,-1.9931564410455103,-2.05229240786424,0.15550796022139524,1.0986465129718308,1.0475005555937944,-1.5117479230341542,47.7
-0.45446806118581407,0.17465227869541586,-0.2564865308231796,0.7691690015412614,0.7062897797380849,0.7050954873078139,-0.3252071002831591,0.24432362346986014,0.32053338672570936,0.07825017192987786,72.1
-0.45446806118581407,1.5524944614864815,0.2983679988861752,0.08297739399283964,-0.2792223326114816,-0.05848885289367794,1.4774743766089196,0.7838959747342626,0.7390902415285464,-0.6076313592310774,56.8
-0.45446806118581407,0.6285297036148257,-0.24807964400940152,0.7310472455663491,0.6634414270272342,0.6202527828409815,-0.3252071002831591,-0.40765963430795943,-0.36237516584734053,0.9801611372058415,68.0
-0.45446806118581407,-0.31164496228966615,-0.24807964400940152,0.7310472455663491,0.5348963688946821,0.6626741350743978,-0.3252071002831591,-0.6099992660321103,-0.6046975554700355,0.23413233810282216,75.5
2.200374647650189,-0.74931247917624,-0.22285898356806721,0.1618176052626944,-0.06498056905722802,0.5354100783741491,-0.3252071002831591,-0.7224101725455274,-0.7809320206501774,0.7953081363254213,81.5
2.200374647650189,-0.7979422032747482,-0.24807964400940152,0.5785602216666998,0.4063513107621299,0.40814602167390046,-0.3252071002831591,-0.9472319855723618,-0.9571664858303194,2.167071198647331,81.3
-0.45446806118581407,-1.24371467417774,-0.24807964400940152,0.5023167097168753,0.4920480161838313,0.49298872614073286,-0.3252071002831591,0.08694835435107608,0.01212307266046102,0.015897305460699812,74.7
-0.45446806118581407,0.09360273853123552,-0.2564865308231796,0.7310472455663491,0.6634414270272342,0.6626741350743978,-0.3252071002831591,-0.18283782128112516,-0.18614070066719868,0.7329552698562438,79.0
-0.45446806118581407,1.5524944614864815,0.13023026261061313,-1.2512840651290917,-1.3075827976718988,-1.5432361810632456,0.2155973427844645,0.806378156036946,0.7611195496760641,-1.4805714897995654,53.1
-0.45446806118581407,0.10170769254765355,-0.2564865308231796,0.7310472455663491,0.7062897797380849,0.6626741350743978,-0.3252071002831591,-0.8573032603616281,-0.8249906369452128,-0.7635135254040216,69.2
-0.45446806118581407,-1.0978255018822154,-0.021093700037392724,-0.6032142135555821,-0.8362509178525409,-0.8220731930951698,0.05535898928294643,0.6939672495235288,0.673002317085993,-1.1376307242190877,58.1
-0.45446806118581407,-0.7736273412254941,-0.24807964400940152,0.7691690015412614,0.5348963688946821,0.5354100783741491,-0.3252071002831591,-0.8573032603616281,-0.8470199450927306,1.2006017683750767,81.0
-0.45446806118581407,3.9191410342805475,-0.2144520967542891,-2.356814988401549,-3.1500619642384797,-3.1128262136996456,6.424833540968291,-0.8348210790589446,-0.8470199450927306,-0.48292562629272184,45.5
-0.45446806118581407,2.0631065645208175,-0.1808245494991767,-2.7380325481506724,-2.1645498518889132,-2.179556464564489,1.1770274637935731,1.0087177877610969,0.8932953985611704,-0.7323370921694329,52.7
-0.45446806118581407,0.1584423706625798,-0.23967275719562342,0.5023167097168753,0.4063513107621299,0.40814602167390046,-0.30517730609546934,-0.744892353848211,-0.7368734043551419,0.35883807104117715,73.0
-0.45446806118581407,-0.6520530309792236,-0.2564865308231796,0.7691690015412614,0.7062897797380849,0.7050954873078139,-0.3252071002831591,-0.8123388977562612,-0.7809320206501774,0.6706024033870658,77.2
-0.45446806118581407,0.45832566927004703,-0.2564865308231796,0.6166819776416121,0.5348963688946821,0.5354100783741491,-0.26511771772008974,0.15439489825912633,0.07821099710301418,-0.5764549259964886,65.9
2.200374647650189,-0.7168926631105679,-0.2564865308231796,0.6166819776416121,0.5777447216055328,0.7050954873078139,-0.3252071002831591,-0.9022676229669949,-0.891078561387766,0.45236737074494393,83.0
-0.45446806118581407,2.0144768404223097,0.10500960216927882,-0.10763138588172197,-0.5791608015874367,-0.5675450796946725,1.357295611482781,0.3792167112859607,0.673002317085993,0.23413233810282216,58.9
-0.45446806118581407,0.9527278642715471,-0.24807964400940152,0.1592209059426643,0.27780625262957775,0.15361790827340313,-0.3252071002831591,3.077078467607973,3.184343445903014,-1.2623364571574434,62.5
-0.45446806118581407,-0.31164496228966615,-0.2564865308231796,0.6929254895914368,0.5777447216055328,0.5778314306075653,-0.3252071002831591,-0.4975883595186931,-0.49455101473244684,-0.04645556100847768,73.2
-0.45446806118581407,-0.34406477835533833,-0.2564865308231796,-2.661789036200848,-3.1500619642384797,-3.1128262136996456,-0.28514751190777954,0.5365919804047448,0.4967678519058512,0.3276616378065884,72.6
-0.45446806118581407,0.2800166809088503,-0.22285898356806721,0.6548037336165246,0.234957899918727,0.5778314306075653,-0.3252071002831591,-0.38517745300527595,-0.36237516584734053,0.04707373869528856,68.8
2.200374647650189,-0.4170093645031006,-0.2564865308231796,0.12559904543917821,0.4920480161838313,0.49298872614073286,-0.3252071002831591,-0.6549636286374771,-0.648756171765071,1.418836801017199,77.2
-0.45446806118581407,-0.027971571715034994,-0.1808245494991767,0.5404384656917876,0.6634414270272342,0.45056737390731666,-0.3252071002831591,0.08694835435107608,0.07821099710301418,-0.10173128462173259,68.7
-0.45446806118581407,-1.24371467417774,-0.07994190773383945,0.6166819776416121,0.5348963688946821,0.5354100783741491,-0.3252071002831591,0.24432362346986014,0.18835753784060286,0.7329552698562438,75.4
-0.45446806118581407,-1.1464552259807237,-0.1808245494991767,0.3117079298423136,0.14926119449702557,0.19603926050681936,-0.28514751190777954,0.9187890625503632,0.915324706708688,-0.5141020595273106,64.9
-0.45446806118581407,1.3012408869775225,-0.23967275719562342,0.3498296858172259,-1.564672913937003,-1.5432361810632456,0.47598466722443145,0.33425234868059395,0.254445462283156,-2.852334552121475,57.4
-0.45446806118581407,0.8959931861566208,0.08819582854172262,0.5404384656917876,0.4063513107621299,0.45056737390731666,0.095418577658326,0.5815563430101116,0.5408264682008868,-0.7011606589348436,63.0
-0.45446806118581407,0.4259058532043749,-0.2564865308231796,0.3117079298423136,0.6634414270272342,0.6202527828409815,-0.10487936421857169,0.4016988925886442,0.3645920030207447,-0.5452784927618993,65.1
-0.45446806118581407,0.2800166809088503,-0.2564865308231796,0.6929254895914368,0.6205930743163834,0.6202527828409815,-0.3252071002831591,-0.6774458099401607,-0.648756171765071,1.1382489019058986,72.0
-0.45446806118581407,0.1422324626297437,-0.2564865308231796,0.6929254895914368,0.6205930743163834,0.6202527828409815,-0.3252071002831591,-0.13787345867575826,-0.16411139251968082,0.639425970152477,74.0
-0.45446806118581407,-0.15765083597772353,0.012533847217719689,-0.26011840978137124,-0.36491903803318304,-0.35543831852759145,-0.3252071002831591,0.08694835435107608,0.03415238080797867,-0.5141020595273106,76.0
-0.45446806118581407,2.2008907827999242,-0.23967275719562342,0.5404384656917876,0.5777447216055328,0.5778314306075653,2.3387555266795794,0.9637534251557298,0.8932953985611704,0.015897305460699812,56.9
-0.45446806118581407,-0.011761663682198926,-0.11356945498895187,-0.03138787393189733,0.020716136364473427,-0.05848885289367794,-0.3252071002831591,-0.54255272212406,-0.5826682473225179,-0.17116129394683324,71.8
-0.45446806118581407,-0.42511431851951864,-0.24807964400940152,0.1592209059426643,0.020716136364473427,0.026353851573154497,-0.3252071002831591,-0.0029803708596575404,-0.03193554363457449,0.8888374360291881,72.7
2.200374647650189,-0.06849634179712516,-0.2564865308231796,0.12559904543917821,0.7062897797380849,0.7050954873078139,-0.3252071002831591,-0.6999279912428441,-0.6928147880601065,1.0135431689675436,74.5
-0.45446806118581407,0.15033741664616176,-0.09675568136139566,0.7691690015412614,0.7062897797380849,0.7050954873078139,-0.3252071002831591,-0.43014181561064285,-0.4064337821423759,-0.015279127773888937,68.5
-0.45446806118581407,-0.0522864337642891,0.2563335648172847,0.6548037336165246,0.7062897797380849,0.7050954873078139,-0.3252071002831591,-0.43014181561064285,-0.42846309028989366,0.39001450427576645,73.4
-0.45446806118581407,-0.08470624982996124,-0.206045209940511,-2.814276060100497,-0.19352562718978017,-0.2281742618273428,-0.3252071002831591,-0.43014181561064285,-0.42846309028989366,-0.32704346011977753,68.4
-0.45446806118581407,-0.31164496228966615,-0.24807964400940152,0.6929254895914368,0.4491996634729806,0.3657246694404842,-0.3252071002831591,-0.6324814473347937,-0.6267268636175533,0.6082495369178882,74.9
2.200374647650189,-0.7331025711434039,-0.2564865308231796,0.12559904543917821,0.5348963688946821,0.5354100783741491,-0.3252071002831591,-0.7898567164535778,-0.8029613287976952,1.6370718336593209,88.0
2.200374647650189,-0.8060471572911663,-0.2564865308231796,0.12559904543917821,0.7062897797380849,0.7050954873078139,-0.3252071002831591,-0.8797854416643115,-0.891078561387766,1.9488361660052094,88.0
-0.45446806118581407,-1.0978255018822154,-0.2564865308231796,0.7691690015412614,0.7062897797380849,0.7050954873078139,-0.3252071002831591,-0.18283782128112516,-0.25222862510975186,0.6706024033870658,68.6
-0.45446806118581407,-1.2680295362269942,-0.2564865308231796,0.6166819776416121,0.7062897797380849,0.7050954873078139,-0.3252071002831591,-0.9247498042696785,-0.9351371776828016,1.3564839345480204,79.4
-0.45446806118581407,-0.06039138778070713,-0.22285898356806721,0.6929254895914368,0.6205930743163834,0.6202527828409815,-0.24508792353240003,-0.587517084729427,-0.6046975554700355,-0.23351416041601072,73.4
-0.45446806118581407,2.13605115066858,0.10500960216927882,-0.2982401657562836,-0.4506157434548845,-0.4402810229944239,1.858040466175025,0.5365919804047448,0.8712660904136528,0.23413233810282216,58.0
-0.45446806118581407,0.02065815238347321,-0.2564865308231796,0.6548037336165246,0.7062897797380849,0.6626741350743978,-0.30517730609546934,-0.54255272212406,-0.5386096310274824,0.1717794716336441,74.9
-0.45446806118581407,-0.6196332149135515,-0.2564865308231796,0.38795144179213825,0.3635029580512792,-3.155247565933062,-0.3252071002831591,-0.025462552162341095,-0.09802346807712765,0.29648520457199967,76.2
-0.45446806118581407,-0.31974991630608424,-0.1892314363129548,0.3498296858172259,-0.49346409616573517,0.23846061274023558,-0.3252071002831591,-0.8573032603616281,-0.8470199450927306,0.4211909375103552,75.3
-0.45446806118581407,-1.1383502719643057,-0.13038322861650806,0.23546441789248895,0.06356448907532414,0.0687752038065707,-0.26511771772008974,-0.7898567164535778,-0.7809320206501774,-0.9505721248115547,69.4
-0.45446806118581407,-0.2954350542568301,-0.24807964400940152,0.38795144179213825,0.3635029580512792,0.3657246694404842,-0.3252071002831591,-0.6099992660321103,-0.5826682473225179,0.48354380397953267,74.4
-0.45446806118581407,0.2557018188595962,-0.2564865308231796,0.19734266191757663,0.10641284178617486,0.11119655603998693,-0.10487936421857169,-0.3177309090972257,-0.34034585769982273,-0.04645556100847768,69.8
-0.45446806118581407,-0.6925778010613137,-0.2564865308231796,0.7310472455663491,0.6634414270272342,0.6626741350743978,-0.3252071002831591,0.2668058047725435,0.2103868459881207,0.6706024033870658,75.5
-0.45446806118581407,0.5231653014013913,-0.23126587038184532,-0.26011840978137124,-1.0933410341176453,-1.0766013064956672,-0.3252071002831591,1.5932545016308661,1.5541746429867025,-0.5764549259964886,62.3
-0.45446806118581407,1.0661972205013996,0.23111290437595036,-0.22199665380645894,-3.235758669660181,-0.5675450796946725,0.05535898928294643,-0.8573032603616281,-0.8690492532402484,-2.0417472880221648,52.8
2.200374647650189,-1.2680295362269942,-0.22285898356806721,0.12559904543917821,0.4063513107621299,0.40814602167390046,-0.3252071002831591,-0.9472319855723618,-0.9791957939778371,0.9801611372058415,79.5
2.200374647650189,-0.8789917434389285,-0.24807964400940152,0.5404384656917876,0.4491996634729806,0.45056737390731666,-0.3252071002831591,-0.9697141668750453,-0.9571664858303194,1.3253075013134321,82.7
2.200374647650189,-1.219399812128486,-0.23967275719562342,0.7310472455663491,0.5777447216055328,0.7050954873078139,-0.3252071002831591,-0.6099992660321103,-0.5826682473225179,0.9200138692637768,75.5
2.200374647650189,-0.7574174331926581,-0.23126587038184532,0.12559904543917821,0.5348963688946821,0.5354100783741491,-0.3252071002831591,-0.9247498042696785,-0.9791957939778371,0.9801611372058415,81.0
-0.45446806118581407,-1.1950849500792318,-0.2564865308231796,0.3117079298423136,0.3635029580512792,0.3657246694404842,-0.3252071002831591,-0.6999279912428441,-0.6707854799125887,0.9511903024983656,75.9
2.200374647650189,-0.74931247917624,-0.24807964400940152,-2.928641328025234,0.5777447216055328,0.5778314306075653,-0.3252071002831591,-0.8797854416643115,-0.8690492532402484,1.3564839345480204,79.4
-0.45446806118581407,0.4988504393521372,-0.2564865308231796,0.6548037336165246,0.4063513107621299,0.40814602167390046,-0.06481977584319217,0.604038524312795,0.584885084495922,-0.7635135254040216,63.1
-0.45446806118581407,-0.6196332149135515,-0.23126587038184532,-1.06067528525453,0.6634414270272342,0.6626741350743978,-0.3252071002831591,-0.9697141668750453,-0.9571664858303194,1.2317782016096654,81.1
-0.45446806118581407,-1.1950849500792318,-0.2564865308231796,-2.661789036200848,0.234957899918727,0.5778314306075653,-0.28514751190777954,0.1768770795618099,0.2103868459881207,0.20295590486823284,71.2
2.200374647650189,-0.6520530309792236,-0.23126587038184532,0.3117079298423136,0.4920480161838313,0.5778314306075653,-0.3252071002831591,-0.8573032603616281,-0.8470199450927306,1.3876603677826098,79.6
-0.45446806118581407,0.06118292246556338,-0.2564865308231796,0.5023167097168753,0.4920480161838313,0.40814602167390046,-0.28514751190777954,0.19935926086449324,0.23241615413563838,0.20295590486823284,71.0
-0.45446806118581407,0.45832566927004703,-0.1892314363129548,-0.41260543368102054,-0.6220091542982873,-0.6099664319280887,-0.08484957003088191,1.0536821503664637,0.9814126311512414,-1.5117479230341542,69.0
-0.45446806118581407,0.06118292246556338,0.48331950878929353,0.6929254895914368,0.7062897797380849,0.7050954873078139,-0.3252071002831591,-0.3626952717025926,-0.36237516584734053,0.8576610027945993,71.8
-0.45446806118581407,0.08549778451481747,-0.2144520967542891,0.7691690015412614,0.7062897797380849,0.7050954873078139,-0.3252071002831591,2.3351664846194193,2.325200428149823,0.1094266051644666,71.5
-0.45446806118581407,1.633544001650662,-0.012686813223614622,0.08297739399283964,0.020716136364473427,-0.05848885289367794,0.9166401393536062,0.3792167112859607,0.32053338672570936,-0.015279127773888937,58.2
-0.45446806118581407,0.26380677287601423,-0.206045209940511,-0.6413359695304945,0.6205930743163834,0.6202527828409815,-0.3252071002831591,2.357648665922103,2.325200428149823,0.23413233810282216,69.1
-0.45446806118581407,0.9608328182879652,0.11341648898305692,0.5023167097168753,0.3635029580512792,0.40814602167390046,-0.12490915840626142,0.9862356064584136,0.8492367822661351,-1.9170415550838091,56.9
-0.45446806118581407,0.9689377723043832,-0.1724176626853986,-0.41260543368102054,-0.06498056905722802,-0.35543831852759145,-0.1449389525939512,-0.8123388977562612,-0.8029613287976952,-0.6699842257002548,62.2
2.200374647650189,-0.15765083597772353,-0.23126587038184532,0.7310472455663491,0.6634414270272342,0.7050954873078139,-0.3252071002831591,-0.54255272212406,-0.5165803228799646,0.9200138692637768,74.5
-0.45446806118581407,-1.1869799960628138,-0.2564865308231796,0.6166819776416121,0.5348963688946821,0.5354100783741491,-0.30517730609546934,-0.34021309039990916,-0.34034585769982273,0.2653087713374109,69.8
-0.45446806118581407,-0.3359598243389203,-0.1892314363129548,-2.661789036200848,0.234957899918727,-3.1128262136996456,-0.3252071002831591,-0.8573032603616281,-0.8470199450927306,0.4211909375103552,75.5
2.200374647650189,-1.2680295362269942,-0.23967275719562342,0.3117079298423136,0.5348963688946821,0.5778314306075653,-0.3252071002831591,-0.8573032603616281,-0.8470199450927306,1.418836801017199,79.9
-0.45446806118581407,-0.011761663682198926,-0.1976383231267329,-0.4888489456308452,-3.2786070223710317,-0.4402810229944239,-0.3252071002831591,0.3117701673779104,0.254445462283156,-0.015279127773888937,71.7
-0.45446806118581407,-1.3247642143419205,-0.2564865308231796,-2.661789036200848,0.3635029580512792,0.19603926050681936,-0.3252071002831591,-0.45262399691332633,-0.4725217065849292,0.20295590486823284,75.7
-0.45446806118581407,0.6204247495984078,0.004126960403941585,-0.22199665380645894,-0.40776739074403373,-0.39785967076100764,-0.26511771772008974,0.5815563430101116,0.5408264682008868,-0.5764549259964886,63.8
-0.45446806118581407,-0.0522864337642891,-0.1808245494991767,0.3498296858172259,-3.1929103169493303,0.19603926050681936,-0.3252071002831591,-0.7224101725455274,-0.7368734043551419,-0.07763199424306644,73.6
-0.45446806118581407,1.6983836337820062,4.123501499155212,-1.1369187972043546,-1.2218860922501973,-1.2038653631959157,0.6161932265382598,1.4358792325120824,1.3779401778065603,-0.7946899586386104,52.0
-0.45446806118581407,0.5636900714834815,-0.22285898356806721,-2.661789036200848,0.4491996634729806,0.40814602167390046,-0.3252071002831591,-0.3626952717025926,-0.34034585769982273,0.14060303839905536,66.7
-0.45446806118581407,-0.6763678930284777,-0.2564865308231796,0.5404384656917876,0.5777447216055328,0.5778314306075653,-0.3252071002831591,-0.9247498042696785,-0.9351371776828016,1.1070724686713098,79.3
2.200374647650189,-0.5385836747493711,-0.2564865308231796,-0.06950962990680964,0.7062897797380849,0.7050954873078139,-0.3252071002831591,-0.8797854416643115,-0.8690492532402484,0.45236737074494393,77.8
2.200374647650189,-0.34406477835533833,-0.2564865308231796,0.5023167097168753,0.6205930743163834,0.6202527828409815,-0.3252071002831591,-0.6099992660321103,-0.6046975554700355,0.9801611372058415,75.2
2.200374647650189,-0.6925778010613137,-0.23967275719562342,0.3498296858172259,0.5348963688946821,0.5778314306075653,-0.3252071002831591,-0.8573032603616281,-0.8470199450927306,1.4500132342517873,80.0
2.200374647650189,-0.07660129581354319,-0.24807964400940152,0.6548037336165246,0.5777447216055328,0.5354100783741491,-0.3252071002831591,-0.6324814473347937,-0.6267268636175533,0.5458966704487107,72.9
-0.45446806118581407,0.6609495196804979,-0.23967275719562342,-0.18387489783154662,-0.02213221634637729,-0.35543831852759145,-0.3252071002831591,0.49162761779937786,0.43067992746329803,-0.48292562629272184,61.8
-0.45446806118581407,0.9770427263208012,-0.22285898356806721,0.3117079298423136,0.1921095472078763,0.19603926050681936,0.7163421974767086,0.6265207056154786,0.5628557763484043,-0.919395691576966,57.6
-0.45446806118581407,0.43401080722079294,-0.2564865308231796,0.5785602216666998,0.4491996634729806,0.45056737390731666,-0.3252071002831591,-0.54255272212406,-0.5386096310274824,0.7329552698562438,78.0
-0.45446806118581407,-0.0036567096657808915,-0.2564865308231796,0.6548037336165246,0.5777447216055328,0.5778314306075653,-0.3252071002831591,-0.22780218388649198,-0.23019931696223409,1.0135431689675436,71.9
2.200374647650189,-0.32785487032250227,-0.2564865308231796,0.12559904543917821,0.4491996634729806,0.40814602167390046,-0.3252071002831591,-0.6099992660321103,-0.6046975554700355,0.82648456956001,76.2
-0.45446806118581407,0.5961098875491536,0.13023026261061313,0.12109914996775197,-0.36491903803318304,-0.35543831852759145,-0.3252071002831591,3.0545962863052893,3.140284829607979,-0.9817485580461435,62.5
-0.45446806118581407,-0.34406477835533833,-0.1892314363129548,0.1592209059426643,0.020716136364473427,-0.14333155736051037,-0.3252071002831591,0.33425234868059395,0.27647477043067387,-0.13998486071224447,73.8
-0.45446806118581407,-1.0410908237672891,0.49172639560307163,0.4641949537419629,0.4920480161838313,0.3657246694404842,0.5761336381628802,0.49162761779937786,0.47473854375833335,-0.8851385831215677,57.5
-0.45446806118581407,-0.21438551409264978,-0.2564865308231796,0.5785602216666998,0.4491996634729806,0.45056737390731666,-0.3252071002831591,-0.6774458099401607,-0.648756171765071,1.3564839345480204,76.1
2.200374647650189,0.10981264656407158,-0.2564865308231796,0.5404384656917876,0.4491996634729806,0.45056737390731666,-0.3252071002831591,-0.4975883595186931,-0.49455101473244684,1.3564839345480204,73.0
-0.45446806118581407,-1.0978255018822154,-0.23126587038184532,0.5785602216666998,0.4491996634729806,0.49298872614073286,-0.28514751190777954,-0.6549636286374771,-0.6707854799125887,-0.015279127773888937,69.9
-0.45446806118581407,-0.5791084448314613,-0.2564865308231796,0.7691690015412614,0.7062897797380849,0.7050954873078139,-0.3252071002831591,-0.38517745300527595,-0.42846309028989366,0.639425970152477,73.4
-0.45446806118581407,0.9689377723043832,0.23111290437595036,-0.2982401657562836,-1.7789146774912568,-2.05229240786424,-0.04478998165550239,1.7731119520523337,1.752438416314362,-2.8835109853560636,50.0
-0.45446806118581407,-0.37648459442101045,-0.2564865308231796,0.6166819776416121,0.5348963688946821,0.5354100783741491,-0.3252071002831591,-0.7673745351508944,-0.7589027125026597,1.075896035436721,76.6
-0.45446806118581407,-1.1383502719643057,-0.13879011543028616,-2.7761543041255847,-1.136189386828496,-3.240090270399894,-0.24508792353240003,-0.22780218388649198,-0.23019931696223409,-0.919395691576966,63.5
-0.45446806118581407,0.22328200279392404,-0.09675568136139566,0.38795144179213825,0.10641284178617486,0.2808819649736518,-0.28514751190777954,1.076164331669147,1.003441939298759,-0.919395691576966,66.4
-0.45446806118581407,-1.0410908237672891,0.004126960403941585,-0.8319447494050561,-1.564672913937003,-0.8220731930951698,0.13547816603370547,0.8963068812476798,0.8492367822661351,-1.3870421900957988,56.4
-0.45446806118581407,0.8230486000088586,-0.1808245494991767,-0.06950962990680964,-0.2363739799006309,-0.2281742618273428,-0.04478998165550239,0.5141097991020613,0.4527092356108157,-0.7946899586386104,62.0
-0.45446806118581407,-1.3085543063090843,-0.11356945498895187,0.7310472455663491,0.6634414270272342,0.6626741350743978,-0.28514751190777954,-0.5650349034267435,-0.49455101473244684,0.5458966704487107,66.4
-0.45446806118581407,-0.19007065204339568,-0.23126587038184532,0.7691690015412614,0.7062897797380849,0.7050954873078139,-0.3252071002831591,2.3126843033167357,2.215053887412234,0.6082495369178882,74.7
-0.45446806118581407,0.06118292246556338,-0.2564865308231796,-1.3275275770789163,-1.6075212666478538,-1.4159721243629968,-0.3252071002831591,-1.059642892085779,-1.0452837184203903,0.2653087713374109,76.0
2.200374647650189,-0.7087877090941498,-0.2564865308231796,0.1592209059426643,0.020716136364473427,0.026353851573154497,-0.3252071002831591,-0.7224101725455274,-0.6707854799125887,1.0135431689675436,82.0
-0.45446806118581407,1.0094625423864734,-0.23967275719562342,-0.1457531418566343,-0.3220706853223323,-0.31301696629417525,0.856550756790537,0.33425234868059395,0.2985040785781915,0.14060303839905536,62.8
-0.45446806118581407,1.5443895074700635,-0.13038322861650806,0.19734266191757663,-0.49346409616573517,-0.4827023752278401,0.6762826091013291,0.8288603373396294,0.7831488578235817,-0.6388077924656661,54.9
-0.45446806118581407,0.5636900714834815,-0.1640107758716205,-2.814276060100497,-1.564672913937003,-3.28251162263331,-0.30517730609546934,1.076164331669147,1.0695298637413124,-0.9505721248115547,62.1
-0.45446806118581407,0.9689377723043832,-0.029500586851170827,-0.6032142135555821,-0.8362509178525409,-0.8220731930951698,-0.1449389525939512,0.6265207056154786,0.584885084495922,-1.106454290984499,58.8
-0.45446806118581407,-0.6196332149135515,-0.2564865308231796,0.6548037336165246,0.7062897797380849,0.7050954873078139,-0.3252071002831591,0.24432362346986014,0.12226961339804969,0.639425970152477,76.8
-0.45446806118581407,-1.1626651340135596,-0.12197634180272997,0.23546441789248895,-0.02213221634637729,-0.01606750066026172,-0.28514751190777954,-0.7673745351508944,-0.7589027125026597,-1.012924991280732,69.3
-0.45446806118581407,3.4328437932954654,0.17226469667950364,0.4641949537419629,-0.40776739074403373,-0.31301696629417525,4.762360623390041,0.6939672495235288,0.6509730089384754,-0.4205727598235443,43.1
-0.45446806118581407,0.9122030941894569,1.7527594176697872,-0.1457531418566343,-0.2792223326114816,-0.31301696629417525,-0.04478998165550239,-0.8797854416643115,1.0695298637413124,-0.8851385831215677,58.3
-0.45446806118581407,0.5880049335327355,0.9625120571746454,-0.26011840978137124,-3.235758669660181,-0.4402810229944239,-0.16496874678164097,-0.744892353848211,-0.7809320206501774,-1.1376307242190877,63.7
-0.45446806118581407,-0.9519363295866908,0.3235886593275095,-0.18387489783154662,-0.40776739074403373,-0.35543831852759145,1.8179808777996456,-0.2727665464918588,-0.29628724140478724,-0.857042825107788,54.0
2.200374647650189,-0.8141521113075842,-0.24807964400940152,-2.928641328025234,0.6205930743163834,0.6202527828409815,-0.3252071002831591,-0.8797854416643115,-0.891078561387766,1.543542533955554,88.0
2.200374647650189,-0.7006827550777318,-0.2564865308231796,0.3117079298423136,0.27780625262957775,0.2808819649736518,-0.3252071002831591,-1.0371607107830956,-1.0232544102728724,2.135894765412742,79.9
-0.45446806118581407,0.03686806041630928,-0.2564865308231796,0.7691690015412614,0.7062897797380849,0.7050954873078139,-0.3252071002831591,-0.22780218388649198,-0.20817000881471634,0.8888374360291881,71.5
2.200374647650189,-0.8708867894225105,-0.23967275719562342,0.1618176052626944,0.7062897797380849,0.5778314306075653,-0.3252071002831591,-0.6549636286374771,-0.7148440962076241,1.0135431689675436,83.5
2.200374647650189,-0.8222570653240023,-0.2564865308231796,-0.4507271896559329,0.6634414270272342,0.6626741350743978,-0.3252071002831591,-0.8123388977562612,-0.8029613287976952,1.169425335140488,89.0
2.200374647650189,-0.7736273412254941,-0.2564865308231796,0.5404384656917876,0.4063513107621299,0.40814602167390046,-0.3252071002831591,-1.0371607107830956,-1.0232544102728724,2.260600498351098,81.3
-0.45446806118581407,-0.31974991630608424,-0.2144520967542891,0.19734266191757663,0.3635029580512792,0.19603926050681936,-0.3252071002831591,-0.47510617821600976,-0.4504923984374114,-0.10880842747765573,71.6
-0.45446806118581407,0.5474801634506454,-0.2564865308231796,0.7310472455663491,0.6634414270272342,0.6626741350743978,-0.3252071002831591,-0.6549636286374771,-0.6267268636175533,1.075896035436721,72.0
-0.45446806118581407,2.3062551850133586,0.13023026261061313,-0.18387489783154662,-0.3220706853223323,-0.270595614060759,3.4604240011902063,0.7164494308262122,1.0695298637413124,0.23413233810282216,56.5
2.200374647650189,-1.24371467417774,-0.029500586851170827,0.5404384656917876,0.4491996634729806,0.5778314306075653,-0.3252071002831591,-0.9472319855723618,-0.9571664858303194,0.12062082783594635,78.1
-0.45446806118581407,-1.219399812128486,0.08819582854172262,-0.06950962990680964,0.234957899918727,0.23846061274023558,-0.3252071002831591,0.06446617304839272,0.03415238080797867,-0.2958670268851888,78.0
2.200374647650189,0.11791760058048961,-0.22285898356806721,0.7310472455663491,0.7062897797380849,0.7050954873078139,-0.3252071002831591,-0.2502843651891754,-0.16411139251968082,-0.10880842747765573,78.0
-0.45446806118581407,-0.07660129581354319,-0.2564865308231796,0.23546441789248895,0.10641284178617486,0.11119655603998693,-0.3252071002831591,-0.13787345867575826,-0.12005277622464532,0.1094266051644666,73.5
-0.45446806118581407,-1.2599245822105762,-0.24807964400940152,0.7310472455663491,0.7062897797380849,0.6626741350743978,-0.3252071002831591,-0.744892353848211,-0.7148440962076241,-0.13998486071224447,75.9
-0.45446806118581407,0.7987337379596045,-0.24807964400940152,0.08297739399283964,-0.06498056905722802,-0.05848885289367794,0.03532919509525665,0.15439489825912633,0.12226961339804969,-1.792335822145454,62.2
-0.45446806118581407,-0.1495458819613055,0.020940734031497793,0.5785602216666998,0.5348963688946821,0.5778314306075653,-0.3252071002831591,0.6265207056154786,0.6289437007909575,-0.13998486071224447,78.0
-0.45446806118581407,0.23949191082676013,-0.2564865308231796,-2.661789036200848,0.3635029580512792,0.3657246694404842,-0.10487936421857169,0.3792167112859607,0.47473854375833335,-0.07763199424306644,69.1
-0.45446806118581407,-0.6925778010613137,-0.23126587038184532,0.1592209059426643,0.6634414270272342,0.6626741350743978,-0.3252071002831591,-0.9697141668750453,-0.9571664858303194,1.294131068078843,82.2
-0.45446806118581407,-0.4170093645031006,-0.24807964400940152,0.7691690015412614,0.6205930743163834,0.7050954873078139,-0.3252071002831591,0.4691454364966945,0.4086506193157802,-0.17116129394683324,74.9
-0.45446806118581407,1.0418823584521455,0.4749126219755154,-0.4507271896559329,-3.3214553750818827,-3.28251162263331,-0.3252071002831591,3.2794180993321236,3.250431370345568,-1.6364536559725096,57.0
-0.45446806118581407,0.02065815238347321,-0.2564865308231796,0.7691690015412614,0.7062897797380849,0.7050954873078139,-0.28514751190777954,-0.29524872779454225,-0.29628724140478724,0.39001450427576645,72.1
2.200374647650189,-0.6358431229463876,-0.22285898356806721,0.12559904543917821,0.3635029580512792,0.3657246694404842,-0.3252071002831591,-0.9472319855723618,-0.9791957939778371,0.9801611372058415,78.3
2.200374647650189,-0.21438551409264978,-0.23967275719562342,0.6548037336165246,0.4063513107621299,0.3657246694404842,-0.3252071002831591,-0.47510617821600976,-0.42846309028989366,1.0135431689675436,74.4
-0.45446806118581407,-0.6196332149135515,-0.24807964400940152,0.7691690015412614,0.7062897797380849,0.7050954873078139,-0.3252071002831591,-0.3626952717025926,-0.4064337821423759,0.5458966704487107,73.8
-0.45446806118581407,0.004448244350637142,0.19748535712083795,0.5404384656917876,0.4491996634729806,0.45056737390731666,-0.3252071002831591,-0.45262399691332633,-0.4725217065849292,0.1094266051644666,72.0
-0.45446806118581407,-0.5872133988478794,-0.24807964400940152,0.6548037336165246,0.7062897797380849,0.6202527828409815,-0.3252071002831591,-0.34021309039990916,-0.38440447399485816,1.3876603677826098,78.8
-0.45446806118581407,-0.18196569802697762,-0.2564865308231796,0.7310472455663491,0.6634414270272342,0.6626741350743978,-0.3252071002831591,-0.13787345867575826,-0.14208208437216316,0.29648520457199967,74.7
2.200374647650189,-0.8060471572911663,-0.2564865308231796,0.6548037336165246,0.6205930743163834,0.6202527828409815,-0.3252071002831591,-0.6324814473347937,-0.648756171765071,0.639425970152477,81.1
2.200374647650189,-0.6763678930284777,-0.2564865308231796,0.1592209059426643,0.020716136364473427,0.026353851573154497,-0.3252071002831591,-0.7224101725455274,-0.6707854799125887,0.9200138692637768,79.8
-0.45446806118581407,0.22328200279392404,-0.2564865308231796,0.7691690015412614,0.7062897797380849,0.7050954873078139,-0.3252071002831591,-0.20532000258380853,-0.2742579332572695,0.9200138692637768,69.6
-0.45446806118581407,1.3012408869775225,-0.23967275719562342,0.6166819776416121,0.5777447216055328,0.5354100783741491,0.7564017858520882,0.6265207056154786,0.5408264682008868,0.1094266051644666,62.2
2.200374647650189,-0.25491028417473993,-0.23967275719562342,-2.661789036200848,0.27780625262957775,0.2808819649736518,-0.3252071002831591,-0.54255272212406,-0.49455101473244684,0.82648456956001,75.0
-0.45446806118581407,0.8392585080416947,-0.23126587038184532,0.12109914996775197,0.10641284178617486,-0.01606750066026172,0.5961634323505701,1.1211286942745142,1.09155917188883,-0.17116129394683324,64.3
-0.45446806118581407,1.0499873124685635,0.2563335648172847,-2.661789036200848,-3.1500619642384797,-3.1128262136996456,0.516044255599811,0.7389316121288956,0.673002317085993,-0.2958670268851888,63.0
-0.45446806118581407,0.4826405313193011,0.281554225258619,-0.6413359695304945,0.14926119449702557,-0.39785967076100764,-0.24508792353240003,1.863040677263067,1.9066435733469862,-1.293512890392032,63.9
-0.45446806118581407,-0.15765083597772353,-0.2564865308231796,-0.6413359695304945,-0.7077058597199888,-0.7372304886283374,-0.3252071002831591,-0.7673745351508944,-0.7809320206501774,-0.389396326588955,71.0
-0.45446806118581407,1.2688210709118504,0.48331950878929353,-0.6413359695304945,-2.5073366735757188,-2.4765059301984023,-0.3252071002831591,-0.587517084729427,-0.5386096310274824,-2.0417472880221648,54.8
-0.45446806118581407,0.7501040138610963,0.07138205491416641,0.5023167097168753,0.3635029580512792,0.40814602167390046,-0.16496874678164097,0.4016988925886442,0.3645920030207447,-0.26469059365060005,61.6
-0.45446806118581407,-1.1464552259807237,-0.2564865308231796,0.7310472455663491,0.6634414270272342,0.6626741350743978,-0.3252071002831591,-0.6549636286374771,-0.648756171765071,1.1382489019058986,71.7
-0.45446806118581407,-0.3926945024538465,-0.22285898356806721,0.5404384656917876,0.7062897797380849,0.6202527828409815,-0.3252071002831591,-0.744892353848211,-0.8470199450927306,-0.10173128462173259,76.0
2.200374647650189,-0.7006827550777318,-0.2564865308231796,0.6929254895914368,0.6634414270272342,0.6626741350743978,-0.3252071002831591,-0.6324814473347937,-0.648756171765071,0.14060303839905536,78.3
2.200374647650189,-0.7006827550777318,-0.2564865308231796,0.6166819776416121,-3.1500619642384797,-3.1128262136996456,-0.3252071002831591,-1.0371607107830956,-1.0452837184203903,1.6994247001284983,78.7
2.200374647650189,-1.24371467417774,-0.24807964400940152,-2.7380325481506724,0.5777447216055328,0.6202527828409815,-0.3252071002831591,-0.9247498042696785,-0.9571664858303194,1.1382489019058986,76.9
-0.45446806118581407,0.06928787648198141,-0.23967275719562342,-0.26011840978137124,-3.235758669660181,-3.1976689181664777,-0.3252071002831591,1.5482901390254995,1.5101160266916671,-0.23351416041601072,65.8
-0.45446806118581407,-0.5547935827822071,-0.2564865308231796,0.12559904543917821,0.6205930743163834,0.6202527828409815,-0.3252071002831591,-0.9022676229669949,-0.9131078695352839,1.6058954004247314,79.2
-0.45446806118581407,2.103631334602908,0.4580988483479592,-0.10763138588172197,-0.664857507009138,0.11119655603998693,2.719321616245685,-0.20532000258380853,-0.23019931696223409,-1.6676300892070983,51.0
-0.45446806118581407,-0.976251191635945,0.08819582854172262,-1.518136356953478,-3.407152080503584,-1.9674497033974077,0.5761336381628802,1.480843595117449,1.4219987941015961,-2.2911587538988756,47.6
-0.45446806118581407,-1.1059304558986336,-0.1892314363129548,-2.69991079217576,-3.1929103169493303,-3.155247565933062,-0.12490915840626142,0.7164494308262122,0.6509730089384754,-1.1999835906882659,62.7
-0.45446806118581407,-0.5547935827822071,-0.24807964400940152,0.3117079298423136,-3.1929103169493303,0.15361790827340313,-0.3252071002831591,-0.6774458099401607,-0.6928147880601065,0.3276616378065884,79.2
-0.45446806118581407,-0.027971571715034994,1.3912632846773287,-2.814276060100497,-3.1500619642384797,0.19603926050681936,-0.3252071002831591,-0.587517084729427,-0.4504923984374114,-1.293512890392032,66.8
-0.45446806118581407,0.9689377723043832,-0.1892314363129548,0.6166819776416121,0.5348963688946821,0.5354100783741491,-0.3252071002831591,-0.5200705408213766,-0.49455101473244684,0.07825017192987786,64.4
-0.45446806118581407,0.17465227869541586,-0.1892314363129548,0.7691690015412614,0.7062897797380849,0.7050954873078139,-0.3252071002831591,-0.8348210790589446,-0.8470199450927306,0.5458966704487107,77.0
-0.45446806118581407,0.8635733700909487,0.08819582854172262,0.5785602216666998,0.4920480161838313,0.49298872614073286,0.07538878347063621,0.5365919804047448,0.4967678519058512,-0.5141020595273106,66.0
2.200374647650189,-0.7006827550777318,-0.22285898356806721,0.12559904543917821,0.4491996634729806,0.45056737390731666,-0.3252071002831591,-0.9247498042696785,-0.9791957939778371,0.9801611372058415,81.0
2.200374647650189,-0.741207525159822,-0.2564865308231796,-0.4507271896559329,0.7062897797380849,0.7050954873078139,-0.3252071002831591,-0.8123388977562612,-0.8029613287976952,1.2006017683750767,79.8
2.200374647650189,-0.42511431851951864,-0.021093700037392724,0.5404384656917876,0.4063513107621299,0.5778314306075653,-0.3252071002831591,-0.9472319855723618,-0.9571664858303194,0.12062082783594635,77.5
-0.45446806118581407,-1.1059304558986336,12.353843689843975,-2.7761543041255847,-0.7077058597199888,-0.7372304886283374,-0.28514751190777954,4.988063878336065,5.078863946589539,-0.7323370921694329,64.8
-0.45446806118581407,-0.34406477835533833,-0.24807964400940152,0.5023167097168753,0.234957899918727,0.40814602167390046,-0.3252071002831591,-0.6324814473347937,-0.6267268636175533,0.2653087713374109,75.8
-0.45446806118581407,-0.15765083597772353,-0.1640107758716205,0.4641949537419629,0.3635029580512792,0.3657246694404842,-0.3252071002831591,-0.6324814473347937,-0.6707854799125887,0.39001450427576645,74.4
-0.45446806118581407,-0.01986661769861696,-0.2564865308231796,0.6166819776416121,0.6205930743163834,0.6626741350743978,-0.3252071002831591,-0.54255272212406,-0.5386096310274824,0.1717794716336441,75.0
-0.45446806118581407,2.4440394032924653,0.2731473384448409,-0.10763138588172197,0.1921095472078763,-0.270595614060759,0.8765805509782267,0.5141097991020613,0.47473854375833335,-0.8851385831215677,48.7
-0.45446806118581407,-1.235609720161322,-0.24807964400940152,0.5785602216666998,0.234957899918727,0.6626741350743978,-0.3252071002831591,-0.4975883595186931,-0.4504923984374114,0.14060303839905536,74.4
2.200374647650189,-0.6925778010613137,-0.2564865308231796,0.7310472455663491,0.6634414270272342,0.6626741350743978,-0.3252071002831591,-0.9472319855723618,-0.9791957939778371,1.3253075013134321,86.0
-0.45446806118581407,-0.7331025711434039,-0.23967275719562342,-2.471180256326286,-3.1500619642384797,0.49298872614073286,-0.3252071002831591,-0.9921963481777287,-1.0012251021253546,1.169425335140488,85.0
-0.45446806118581407,-1.219399812128486,-0.1724176626853986,0.5404384656917876,0.4063513107621299,0.45056737390731666,-0.30517730609546934,-0.8573032603616281,-0.8470199450927306,0.39001450427576645,73.7
-0.45446806118581407,-0.0522864337642891,-0.10516256817517376,0.5023167097168753,0.4063513107621299,0.40814602167390046,-0.3252071002831591,2.4700595724355203,2.501434893329965,0.1094266051644666,69.6
-0.45446806118581407,-0.6601579849956416,-0.2564865308231796,0.5785602216666998,0.6205930743163834,0.49298872614073286,-0.3252071002831591,-0.0029803708596575404,-0.09802346807712765,0.1717794716336441,76.7
2.200374647650189,-0.5304787207329531,-0.2564865308231796,0.5785602216666998,0.5348963688946821,0.5354100783741491,-0.3252071002831591,-0.9472319855723618,-0.9571664858303194,1.2006017683750767,78.0
-0.45446806118581407,-1.0978255018822154,0.22270601756217226,0.1592209059426643,-0.19352562718978017,-0.2281742618273428,0.03532919509525665,1.1211286942745142,1.0475005555937944,-1.9482179883183983,53.6
-0.45446806118581407,1.7226984958312603,-0.029500586851170827,0.4641949537419629,0.1921095472078763,0.3657246694404842,0.6762826091013291,0.3567345299832773,0.2985040785781915,-0.4205727598235443,57.6
-0.45446806118581407,-1.211294858112068,-0.14719700224406426,0.5023167097168753,0.4063513107621299,0.40814602167390046,-0.3252071002831591,-0.6099992660321103,-0.648756171765071,0.1094266051644666,73.6
-0.45446806118581407,-0.7168926631105679,-0.24807964400940152,0.7310472455663491,0.4491996634729806,0.45056737390731666,-0.3252071002831591,-0.8573032603616281,-0.8470199450927306,0.9823667357329543,78.9
-0.45446806118581407,1.2850309789446865,0.15545092305194744,0.4641949537419629,0.020716136364473427,-0.14333155736051037,0.15550796022139524,-0.7673745351508944,-0.8470199450927306,-2.5405702197755864,52.4
-0.45446806118581407,0.8878882321402028,-0.1976383231267329,0.23546441789248895,0.10641284178617486,0.11119655603998693,0.25565693115984406,0.6265207056154786,0.5408264682008868,-0.2958670268851888,63.9
-0.45446806118581407,0.4259058532043749,0.23111290437595036,0.23546441789248895,0.06356448907532414,0.15361790827340313,-0.22505812934471028,1.863040677263067,1.8846142651994682,-1.2311600239228546,64.5
-0.45446806118581407,-0.9033066054881826,0.6598641318786337,-1.3275275770789163,-1.0933410341176453,-0.9917586020288347,1.537563759171989,0.4016988925886442,0.38662131116826254,-0.17116129394683324,51.0
2.200374647650189,-0.6439480769628055,-0.2564865308231796,0.6929254895914368,0.6205930743163834,0.6202527828409815,-0.3252071002831591,-0.9472319855723618,-0.9791957939778371,1.294131068078843,82.0
-0.45446806118581407,-1.235609720161322,-0.23126587038184532,0.7310472455663491,0.6634414270272342,0.6626741350743978,-0.3252071002831591,0.3117701673779104,0.2985040785781915,0.7017788366216551,74.6
-0.45446806118581407,-0.2954350542568301,-0.07994190773383945,0.6166819776416121,0.5348963688946821,0.5354100783741491,-0.3252071002831591,0.33425234868059395,0.2985040785781915,-0.6388077924656661,71.4
-0.45446806118581407,0.24759686484317817,-0.2564865308231796,-2.661789036200848,0.5348963688946821,0.49298872614073286,-0.3252071002831591,-0.6099992660321103,-0.5826682473225179,1.1382489019058986,72.3
-0.45446806118581407,-0.4332192725359367,-0.2564865308231796,0.6166819776416121,0.5348963688946821,0.5354100783741491,-0.3252071002831591,-0.7673745351508944,-0.7589027125026597,1.075896035436721,77.0
-0.45446806118581407,1.0905120825506536,-0.029500586851170827,-1.06067528525453,-1.736066324780406,-1.3311294198961643,-0.24508792353240003,0.5815563430101116,0.5408264682008868,-1.0752778577499102,58.1
-0.45446806118581407,-0.4170093645031006,-0.22285898356806721,0.7310472455663491,0.6634414270272342,0.6626741350743978,-0.3252071002831591,-0.22780218388649198,-0.23019931696223409,0.3276616378065884,74.0
-0.45446806118581407,-1.3166592603255023,-0.08834879454761756,0.4641949537419629,0.020716136364473427,0.3657246694404842,-0.26511771772008974,-0.8797854416643115,1.09155917188883,-1.1688071574536765,65.6
-0.45446806118581407,-0.18196569802697762,-0.206045209940511,0.5404384656917876,0.7062897797380849,0.45056737390731666,-0.3252071002831591,-0.0029803708596575404,-0.009906235487056637,-0.10173128462173259,73.0
-0.45446806118581407,0.9770427263208012,-0.14719700224406426,0.3117079298423136,0.10641284178617486,0.19603926050681936,-0.1449389525939512,0.3792167112859607,0.32053338672570936,-0.015279127773888937,59.7
-0.45446806118581407,-0.26301523819115796,-0.206045209940511,-0.18387489783154662,0.06356448907532414,-0.05848885289367794,-0.3252071002831591,-0.47510617821600976,-0.4504923984374114,-0.13998486071224447,78.0
-0.45446806118581407,-0.0522864337642891,-0.1724176626853986,0.7310472455663491,0.7062897797380849,0.7050954873078139,-0.30517730609546934,0.7389316121288956,0.7390902415285464,0.3276616378065884,73.9
-0.45446806118581407,-1.1383502719643057,-0.24807964400940152,0.5404384656917876,0.4063513107621299,0.45056737390731666,-0.12490915840626142,0.1768770795618099,0.12226961339804969,-0.10880842747765573,65.2
-0.45446806118581407,2.5007740814073918,0.281554225258619,-0.6032142135555821,-0.6220091542982873,-0.9069158975620022,0.9967593161043654,0.5815563430101116,0.5628557763484043,-0.8851385831215677,48.0
-0.45446806118581407,-0.9438313755702729,0.5001332824168497,-2.0518409406022506,-0.4506157434548845,-0.39785967076100764,2.3387555266795794,-0.18283782128112516,-0.20817000881471634,-1.9482179883183983,49.5
2.200374647650189,-0.7817322952419121,-0.24807964400940152,-2.928641328025234,0.6205930743163834,0.6202527828409815,-0.3252071002831591,-0.8797854416643115,-0.891078561387766,1.4811896674863765,83.0
-0.45446806118581407,0.8878882321402028,-0.206045209940511,0.5785602216666998,0.4920480161838313,0.49298872614073286,-0.22505812934471028,0.8513425186423127,0.8051781659710994,-2.197629454195109,63.6
2.200374647650189,-0.8789917434389285,-0.2564865308231796,0.6548037336165246,0.5777447216055328,0.5778314306075653,-0.3252071002831591,-0.6099992660321103,-0.6046975554700355,1.0447196022021323,82.9
2.200374647650189,-0.4170093645031006,-0.2564865308231796,0.6929254895914368,0.5777447216055328,0.5778314306075653,-0.3252071002831591,-0.6999279912428441,-0.6928147880601065,0.5770731036832994,75.9
-0.45446806118581407,-1.2599245822105762,-0.2564865308231796,0.7691690015412614,0.7062897797380849,0.7050954873078139,-0.3252071002831591,-0.38517745300527595,-0.4064337821423759,0.6706024033870658,73.6
-0.45446806118581407,0.4178008991879569,-0.1640107758716205,0.19734266191757663,0.10641284178617486,0.0687752038065707,-0.30517730609546934,-0.8123388977562612,-0.8249906369452128,0.639425970152477,66.8
-0.45446806118581407,-1.0491957777837073,-0.06312813410628325,0.5023167097168753,0.27780625262957775,0.40814602167390046,0.2356271369721543,0.6714850682208454,0.6509730089384754,-1.293512890392032,55.3
-0.45446806118581407,-0.2224904681090678,-0.1640107758716205,-0.22199665380645894,0.5348963688946821,0.5778314306075653,-0.3252071002831591,-0.8348210790589446,-0.8690492532402484,1.3564839345480204,74.1
-0.45446806118581407,1.4795498753387193,0.09660271535550072,-2.69991079217576,-0.2363739799006309,-0.2281742618273428,0.3958654904736724,-0.0029803708596575404,0.2103868459881207,0.29648520457199967,62.0
-0.45446806118581407,0.5798999795163176,0.0461613944728321,-0.4507271896559329,-0.6220091542982873,-0.652387784161505,-0.3252071002831591,1.975451583776484,1.9066435733469862,-0.9505721248115547,64.7
2.200374647650189,-0.6358431229463876,-0.2564865308231796,0.1592209059426643,0.020716136364473427,0.026353851573154497,-0.3252071002831591,-0.7224101725455274,-0.6707854799125887,0.82648456956001,79.3
-0.45446806118581407,-0.3359598243389203,-0.24807964400940152,0.6166819776416121,0.4063513107621299,0.5354100783741491,-0.30517730609546934,-0.6099992660321103,-0.6267268636175533,0.23413233810282216,75.8
-0.45446806118581407,0.16654732467899783,2.820434043019606,-0.6032142135555821,-0.5791608015874367,-0.652387784161505,-0.3252071002831591,3.7515439066884757,3.7571054577384757,-2.010570854787576,63.5
-0.45446806118581407,-0.7736273412254941,-0.24807964400940152,0.7691690015412614,0.7062897797380849,0.7050954873078139,-0.3252071002831591,-0.7673745351508944,-0.8690492532402484,-0.10173128462173259,81.2
-0.45446806118581407,0.8716783241073668,-0.1808245494991767,-1.2131623091541794,-0.49346409616573517,-3.1976689181664777,0.015299400907566912,0.5590741617074283,0.4967678519058512,-0.7635135254040216,59.7
-0.45446806118581407,2.7033979318178423,0.20589224393461605,0.006733882043014999,-0.3220706853223323,-0.14333155736051037,5.563552390897631,1.5033257764201324,1.9727314977895396,0.2653087713374109,53.8
-0.45446806118581407,0.1422324626297437,-0.1640107758716205,-0.7938229934301438,-0.02213221634637729,0.11119655603998693,-0.28514751190777954,-0.20532000258380853,-0.20817000881471634,-0.6076313592310774,65.2
-0.45446806118581407,-1.2842394442598302,-0.24807964400940152,0.6929254895914368,0.5348963688946821,0.5354100783741491,-0.3252071002831591,-0.8348210790589446,-0.8470199450927306,1.2317782016096654,82.2
-0.45446806118581407,-0.08470624982996124,-0.206045209940511,0.38795144179213825,-3.1500619642384797,0.3657246694404842,-0.28514751190777954,-0.3626952717025926,-0.38440447399485816,0.35883807104117715,73.6
-0.45446806118581407,-0.6277381689299695,-0.24807964400940152,0.7691690015412614,0.7062897797380849,0.7050954873078139,-0.3252071002831591,-0.3626952717025926,-0.38440447399485816,0.48354380397953267,73.9
-0.45446806118581407,0.028763106399891245,-0.2564865308231796,0.7310472455663491,0.6205930743163834,0.6202527828409815,-0.3252071002831591,0.1768770795618099,0.23241615413563838,0.639425970152477,73.2
-0.45446806118581407,0.9770427263208012,-0.046314360478727036,-0.22199665380645894,-0.3220706853223323,-0.39785967076100764,0.07538878347063621,0.9412712438530465,0.8932953985611704,-1.3558657568612098,55.8
-0.45446806118581407,0.46643062328646506,-0.2564865308231796,0.6548037336165246,0.6205930743163834,0.6202527828409815,-0.024760187467812608,0.4691454364966945,0.4527092356108157,-0.6388077924656661,64.3
2.200374647650189,-0.6601579849956416,-0.23967275719562342,0.08297739399283964,0.7062897797380849,0.6626741350743978,-0.3252071002831591,-0.9697141668750453,-0.9791957939778371,1.1070724686713098,79.4
-0.45446806118581407,-0.5791084448314613,-0.24807964400940152,0.08297739399283964,-0.3220706853223323,-0.05848885289367794,-0.3252071002831591,-0.025462552162341095,-0.03193554363457449,0.39001450427576645,75.0
-0.45446806118581407,0.23138695681034208,-0.15560388905784237,-1.518136356953478,0.06356448907532414,0.11119655603998693,-0.28514751190777954,-0.20532000258380853,-0.20817000881471634,-0.7011606589348436,64.3
-0.45446806118581407,-1.227504766144904,-0.24807964400940152,0.5023167097168753,0.4491996634729806,0.40814602167390046,-0.3252071002831591,-0.5200705408213766,-0.4725217065849292,0.4211909375103552,74.2
-0.45446806118581407,0.06928787648198141,-0.2564865308231796,0.7691690015412614,0.7062897797380849,0.7050954873078139,-0.28514751190777954,-0.2727665464918588,-0.29628724140478724,0.39001450427576645,71.7
-0.45446806118581407,-0.5953183528642974,-0.2564865308231796,0.5785602216666998,0.6634414270272342,0.6626741350743978,-0.3252071002831591,-0.38517745300527595,-0.42846309028989366,0.7329552698562438,73.5
2.200374647650189,-0.7736273412254941,-0.2564865308231796,0.12559904543917821,0.5348963688946821,0.45056737390731666,-0.3252071002831591,-0.9697141668750453,-1.0012251021253546,0.9511903024983656,81.0
-0.45446806118581407,-0.32785487032250227,-0.24807964400940152,0.5785602216666998,0.4920480161838313,0.49298872614073286,-0.3252071002831591,-0.744892353848211,-0.7589027125026597,1.0135431689675436,75.4
-0.45446806118581407,2.0468966564879816,-0.1808245494991767,-2.7380325481506724,-3.3214553750818827,-3.28251162263331,1.016789110292055,0.9412712438530465,0.8492367822661351,-0.8258663918731991,53.2
-0.45446806118581407,-0.14144092794488747,-0.23126587038184532,0.3117079298423136,0.020716136364473427,0.19603926050681936,-0.30517730609546934,-0.6549636286374771,-0.6707854799125887,0.07825017192987786,73.9
-0.45446806118581407,2.9384415982939656,-0.012686813223614622,-2.661789036200848,0.27780625262957775,0.2808819649736518,2.7994407929964438,0.49162761779937786,0.4527092356108157,-0.6388077924656661,52.4
2.200374647650189,-0.07660129581354319,-0.24807964400940152,0.6548037336165246,0.5777447216055328,0.5778314306075653,-0.3252071002831591,-0.587517084729427,-0.5606389391750001,0.2653087713374109,72.0
-0.45446806118581407,3.9110360802641293,-0.23967275719562342,0.27358617386740125,0.6205930743163834,0.6202527828409815,7.426323250352779,1.6607010455389166,1.5982332592817377,-0.10880842747765573,47.8
-0.45446806118581407,-0.19007065204339568,-0.2564865308231796,-0.6032142135555821,-0.7505542124308395,-0.7372304886283374,-0.3252071002831591,-0.7673745351508944,-0.7809320206501774,-0.389396326588955,71.2
2.200374647650189,-0.7331025711434039,-0.23126587038184532,0.12559904543917821,0.5348963688946821,0.5354100783741491,-0.3252071002831591,-0.9247498042696785,-0.9791957939778371,0.9801611372058415,86.0
-0.45446806118581407,0.49074548533571916,-0.24807964400940152,0.7691690015412614,0.7062897797380849,0.7050954873078139,-0.3252071002831591,-0.6099992660321103,-0.5826682473225179,0.8576610027945993,68.4
-0.45446806118581407,-1.3166592603255023,10.672466327088355,-1.5943798689033026,-0.40776739074403373,-0.35543831852759145,-0.30517730609546934,4.965581697033381,5.034805330294504,-0.48292562629272184,66.0
-0.45446806118581407,-0.32785487032250227,-0.23967275719562342,0.7310472455663491,0.5348963688946821,0.7050954873078139,-0.3252071002831591,-0.587517084729427,-0.5826682473225179,0.1094266051644666,75.5
2.200374647650189,-0.8222570653240023,-0.2564865308231796,0.5785602216666998,0.7062897797380849,0.7050954873078139,-0.3252071002831591,-0.8797854416643115,-0.891078561387766,0.5770731036832994,82.0
-0.45446806118581407,-1.227504766144904,-0.24807964400940152,0.7691690015412614,0.7062897797380849,0.7050954873078139,-0.3252071002831591,0.49162761779937786,0.4086506193157802,-0.32704346011977753,73.3
-0.45446806118581407,1.0661972205013996,-0.23126587038184532,0.6166819776416121,0.234957899918727,0.19603926050681936,0.2356271369721543,1.0087177877610969,0.9593833230037238,-1.3870421900957988,57.3
-0.45446806118581407,0.3934860371387028,-0.23126587038184532,0.38795144179213825,0.27780625262957775,0.2808819649736518,-0.30517730609546934,-0.6774458099401607,-0.6928147880601065,0.20295590486823284,71.0
-0.45446806118581407,0.1584423706625798,-0.2564865308231796,-1.8231104047527766,0.7062897797380849,0.7050954873078139,-0.26511771772008974,-0.2502843651891754,-0.25222862510975186,0.29648520457199967,71.0
-0.45446806118581407,3.2545348049342686,-0.23967275719562342,0.5023167097168753,0.5777447216055328,0.5778314306075653,3.780900708193243,-0.8797854416643115,1.09155917188883,-0.04645556100847768,51.7
2.200374647650189,-0.8627818354060924,-0.2564865308231796,-0.4507271896559329,0.6634414270272342,0.6626741350743978,-0.3252071002831591,-0.8123388977562612,-0.8029613287976952,1.169425335140488,81.5
-0.45446806118581407,-1.1059304558986336,-0.1808245494991767,0.006733882043014999,-0.19352562718978017,-0.14333155736051037,-0.28514751190777954,0.9412712438530465,0.9373540148562057,-0.5764549259964886,64.4
-0.45446806118581407,0.8392585080416947,-0.23967275719562342,0.6166819776416121,0.5777447216055328,0.5354100783741491,0.11544837184601568,0.4016988925886442,0.32053338672570936,0.1717794716336441,65.1
-0.45446806118581407,-1.1788750420463958,-0.2564865308231796,-2.661789036200848,0.4920480161838313,0.49298872614073286,-0.3252071002831591,-0.6999279912428441,-0.6707854799125887,0.9511903024983656,75.8
-0.45446806118581407,-1.1140354099150516,0.13863714942439123,-2.8523978160754093,-3.1500619642384797,0.0687752038065707,-0.24508792353240003,1.8180763146577004,1.840555648904433,-0.919395691576966,65.6
-0.45446806118581407,1.3336607030431946,0.17226469667950364,-1.403771089028741,-1.436127855804451,-1.7553429422303266,-0.18499854096933072,0.4466632551940111,0.38662131116826254,-0.8851385831215677,53.1
-0.45446806118581407,-1.3085543063090843,0.48331950878929353,-0.5650924575806698,-1.9931564410455103,-1.9674497033974077,-0.3252071002831591,3.369346824542857,-0.6046975554700355,-1.8235122553800427,56.2
-0.45446806118581407,-1.0329858697508711,-0.23967275719562342,-0.1457531418566343,-1.6503696193587045,-1.5856575332966616,1.677772318485817,0.6490028869181619,0.6069143926434399,0.07825017192987786,59.8
-0.45446806118581407,-0.7168926631105679,-0.2564865308231796,0.7691690015412614,0.7062897797380849,0.7050954873078139,-0.3252071002831591,0.2668058047725435,0.23241615413563838,0.7329552698562438,76.1
-0.45446806118581407,0.5393752094342273,0.3235886593275095,-2.69991079217576,0.14926119449702557,-0.18575290959392657,-0.24508792353240003,1.8855228585657509,1.9066435733469862,-1.3558657568612098,63.2
-0.45446806118581407,0.7014742897625881,-0.046314360478727036,-2.69991079217576,-3.1929103169493303,-3.155247565933062,-0.08484957003088191,0.5590741617074283,0.5187971600533688,-0.6388077924656661,59.3
-0.45446806118581407,-1.1950849500792318,-0.2564865308231796,0.7691690015412614,0.7062897797380849,0.7050954873078139,-0.3252071002831591,0.1768770795618099,0.23241615413563838,0.35883807104117715,73.0
-0.45446806118581407,1.3579755650924488,1.6855043231595623,-0.18387489783154662,-1.5218245612261525,-1.7553429422303266,0.095418577658326,1.5707723203281827,1.488086718544149,-0.8851385831215677,52.8
-0.45446806118581407,0.8230486000088586,-0.23126587038184532,0.6929254895914368,0.5777447216055328,0.6202527828409815,-0.024760187467812608,0.604038524312795,0.5628557763484043,-0.9817485580461435,66.0
-0.45446806118581407,1.414710243207375,0.35721620658262193,-0.03138787393189733,-0.02213221634637729,-0.18575290959392657,0.5761336381628802,0.19935926086449324,0.18835753784060286,-0.6388077924656661,60.0
-0.45446806118581407,0.709579243779006,-0.046314360478727036,-0.03138787393189733,-0.36491903803318304,-0.18575290959392657,-0.12490915840626142,0.49162761779937786,0.43067992746329803,-0.4205727598235443,59.7
-0.45446806118581407,0.24759686484317817,-0.2564865308231796,0.7691690015412614,0.7062897797380849,0.7050954873078139,-0.3252071002831591,-0.20532000258380853,-0.2742579332572695,0.8888374360291881,69.4
-0.45446806118581407,1.0256724504193093,0.2983679988861752,-0.03138787393189733,-0.02213221634637729,-0.18575290959392657,0.27568672534753386,0.15439489825912633,0.14429892154556734,-0.6388077924656661,62.3
-0.45446806118581407,-0.35216973237175636,-0.2144520967542891,0.5404384656917876,0.5777447216055328,0.45056737390731666,-0.3252071002831591,-0.47510617821600976,-0.4725217065849292,-0.04645556100847768,72.2
-0.45446806118581407,0.10170769254765355,-0.2564865308231796,0.5023167097168753,0.4491996634729806,0.40814602167390046,-0.3252071002831591,0.6939672495235288,0.673002317085993,0.04707373869528856,71.5
-0.45446806118581407,0.7419990598446782,-0.23967275719562342,0.6166819776416121,0.5777447216055328,0.5354100783741491,0.095418577658326,0.33425234868059395,0.254445462283156,0.1717794716336441,65.7
2.200374647650189,-0.5304787207329531,-0.2564865308231796,0.7691690015412614,0.7062897797380849,0.7050954873078139,-0.3252071002831591,-0.6774458099401607,-0.648756171765071,0.9801611372058415,77.5
-0.45446806118581407,2.0550016105044,-0.03790747366494893,0.38795144179213825,0.234957899918727,0.2808819649736518,-0.08484957003088191,0.7164494308262122,0.673002317085993,-0.9817485580461435,48.9
-0.45446806118581407,0.7987337379596045,0.2647404516310628,-0.5269707016057575,-3.2786070223710317,-0.7372304886283374,-0.3252071002831591,2.762327929370404,2.7217279748051424,-0.6076313592310774,65.0
-0.45446806118581407,-0.13333597392846944,-0.12197634180272997,0.38795144179213825,0.27780625262957775,0.2808819649736518,-0.3252071002831591,-0.5650349034267435,-0.6046975554700355,-0.23351416041601072,72.8
-0.45446806118581407,-0.3359598243389203,-0.2144520967542891,0.3498296858172259,0.4063513107621299,0.2808819649736518,-0.3252071002831591,-0.47510617821600976,-0.4725217065849292,-0.07763199424306644,71.9
2.200374647650189,-0.7979422032747482,-0.24807964400940152,0.5785602216666998,0.4063513107621299,0.40814602167390046,-0.3252071002831591,-0.9472319855723618,-0.9571664858303194,2.1982476318819204,81.3
-0.45446806118581407,-1.20318990409565,-0.23967275719562342,0.6166819776416121,0.5777447216055328,0.6202527828409815,-0.3252071002831591,-0.8797854416643115,-0.8690492532402484,0.5147202372141214,77.3
-0.45446806118581407,0.7906287839431865,-0.24807964400940152,0.7691690015412614,0.7062897797380849,0.7050954873078139,-0.3252071002831591,-0.54255272212406,-0.49455101473244684,0.48354380397953267,67.2
-0.45446806118581407,-0.1009161578627973,-0.206045209940511,0.08297739399283964,0.1921095472078763,0.11119655603998693,-0.28514751190777954,-0.3626952717025926,-0.38440447399485816,0.35883807104117715,73.9
2.200374647650189,-0.34406477835533833,-0.2564865308231796,0.12559904543917821,0.4491996634729806,0.3657246694404842,-0.3252071002831591,-0.6099992660321103,-0.5826682473225179,0.7953081363254213,76.0
-0.45446806118581407,-1.1302453179478875,-0.2144520967542891,-1.2512840651290917,-0.4506157434548845,-0.270595614060759,-0.30517730609546934,-0.5650349034267435,-0.5606389391750001,0.9511903024983656,77.0
2.200374647650189,-0.8060471572911663,-0.2564865308231796,0.12559904543917821,0.4920480161838313,0.49298872614073286,-0.3252071002831591,-0.9697141668750453,-1.0012251021253546,0.9823667357329543,81.5
2.200374647650189,0.22328200279392404,-0.2564865308231796,0.6166819776416121,0.6634414270272342,0.6626741350743978,-0.3252071002831591,-0.47510617821600976,-0.4504923984374114,1.418836801017199,72.2
-0.45446806118581407,2.127946196652162,-0.23967275719562342,0.5785602216666998,0.5777447216055328,0.5778314306075653,2.198546967365751,0.8738246999449965,0.8051781659710994,0.015897305460699812,57.5
-0.45446806118581407,0.5798999795163176,-0.06312813410628325,0.38795144179213825,0.27780625262957775,0.2808819649736518,-0.2050283351570205,1.4133970512093985,1.3559108696590427,-1.6988065224416875,61.3
-0.45446806118581407,-0.5547935827822071,-0.2564865308231796,0.6166819776416121,0.4920480161838313,0.6626741350743978,-0.3252071002831591,-0.38517745300527595,-0.4064337821423759,0.639425970152477,73.2
2.200374647650189,-1.1950849500792318,-0.2564865308231796,0.12559904543917821,0.6205930743163834,0.6202527828409815,-0.3252071002831591,-0.6999279912428441,-0.6707854799125887,1.4500132342517873,78.1
-0.45446806118581407,0.5717950254998995,-0.004279926409836519,-2.7380325481506724,-0.49346409616573517,-3.1976689181664777,-0.26511771772008974,0.5590741617074283,0.5187971600533688,-0.5764549259964886,64.3
-0.45446806118581407,0.44211576123721097,-0.24807964400940152,0.7310472455663491,0.6205930743163834,-3.1128262136996456,-0.3252071002831591,-0.47510617821600976,-0.42846309028989366,0.9801611372058415,68.8
-0.45446806118581407,0.15033741664616176,-0.2564865308231796,-2.661789036200848,-3.1500619642384797,-3.1128262136996456,-0.30517730609546934,0.24432362346986014,0.32053338672570936,0.14060303839905536,71.0
-0.45446806118581407,1.0094625423864734,-0.24807964400940152,0.3498296858172259,0.27780625262957775,0.2808819649736518,0.31574631372291334,0.1768770795618099,0.14429892154556734,-2.197629454195109,62.0
-0.45446806118581407,-1.1464552259807237,-0.2564865308231796,0.7691690015412614,0.7062897797380849,0.7050954873078139,-0.3252071002831591,-0.20532000258380853,-0.2742579332572695,0.7641317030908326,68.9
-0.45446806118581407,-0.07660129581354319,1.2063117747742105,-1.289405821104004,0.4920480161838313,0.45056737390731666,-0.3252071002831591,3.369346824542857,-0.5386096310274824,-1.1999835906882659,67.8
-0.45446806118581407,0.8149436459924405,0.054568281286610204,0.08297739399283964,-3.1929103169493303,0.11119655603998693,-0.22505812934471028,0.7164494308262122,0.673002317085993,-0.9817485580461435,69.0
-0.45446806118581407,0.8635733700909487,-0.23967275719562342,0.1592209059426643,0.6634414270272342,0.2808819649736518,-0.3252071002831591,0.6265207056154786,0.6069143926434399,-1.012924991280732,59.5
-0.45446806118581407,0.7257891518118421,0.0629751681003883,-2.661789036200848,0.3635029580512792,-3.1128262136996456,-0.16496874678164097,0.3792167112859607,0.32053338672570936,-0.17116129394683324,61.9
-0.45446806118581407,1.633544001650662,0.13023026261061313,-1.518136356953478,-1.564672913937003,-1.840185646697159,0.27568672534753386,0.8738246999449965,0.8272074741186171,-1.4805714897995654,52.2
-0.45446806118581407,-0.23059542212548584,-0.2564865308231796,-2.661789036200848,0.3635029580512792,0.49298872614073286,-0.3252071002831591,-0.54255272212406,-0.5165803228799646,-3.756451115924552,73.3
-0.45446806118581407,-1.235609720161322,-0.1808245494991767,0.6548037336165246,0.5777447216055328,0.5778314306075653,-0.3252071002831591,0.5141097991020613,0.5187971600533688,0.07825017192987786,73.1
2.200374647650189,-0.7574174331926581,-0.24807964400940152,0.6166819776416121,0.4063513107621299,0.45056737390731666,-0.3252071002831591,-0.9472319855723618,-0.9351371776828016,2.6658941304007535,83.0
2.200374647650189,-0.7979422032747482,-0.2564865308231796,0.3498296858172259,0.6634414270272342,0.6626741350743978,-0.3252071002831591,-0.9022676229669949,-0.8690492532402484,0.29648520457199967,78.5
-0.45446806118581407,0.8716783241073668,0.3235886593275095,-0.4507271896559329,-0.664857507009138,-0.652387784161505,-0.3252071002831591,2.9197031984891884,2.8759331318377663,-0.7011606589348436,59.5
-0.45446806118581407,-0.09281120384637927,-0.2564865308231796,0.7691690015412614,0.4491996634729806,0.6626741350743978,-0.3252071002831591,-0.29524872779454225,-0.318316549552305,-3.756451115924552,74.0
-0.45446806118581407,0.709579243779006,0.16385780986572554,-2.7380325481506724,-0.3220706853223323,-3.1976689181664777,-0.16496874678164097,-0.7224101725455274,-0.7368734043551419,-2.3535116203680535,58.2
-0.45446806118581407,-1.000566053685199,0.2563335648172847,0.19734266191757663,-0.9219476232742424,-0.8220731930951698,1.2371168463566427,0.5815563430101116,0.6069143926434399,-1.5429243562687431,51.5
-0.45446806118581407,0.4745355773028831,-0.1724176626853986,-0.4507271896559329,-0.664857507009138,-0.652387784161505,-0.30517730609546934,1.0087177877610969,1.0254712474462768,-0.8258663918731991,63.1
-0.45446806118581407,0.928413002222293,0.36562309339640003,-0.4888489456308452,-0.7077058597199888,-0.6948091363949211,-0.3252071002831591,3.0321141050026053,2.964050364427837,-0.8882192583423772,58.8
2.200374647650189,-0.7331025711434039,-0.22285898356806721,0.1618176052626944,0.6634414270272342,0.11119655603998693,-0.3252071002831591,-0.744892353848211,-0.7809320206501774,0.7641317030908326,81.1
-0.45446806118581407,-0.26301523819115796,-0.24807964400940152,0.6166819776416121,0.234957899918727,0.40814602167390046,-0.3252071002831591,-0.5200705408213766,-0.4725217065849292,0.39001450427576645,73.8
-0.45446806118581407,-0.40079945647026455,3.862888007928091,-2.7761543041255847,0.14926119449702557,0.11119655603998693,-0.3252071002831591,0.2218414421671768,0.03415238080797867,-0.7946899586386104,71.7
2.200374647650189,-0.7006827550777318,-0.2564865308231796,0.7310472455663491,0.7062897797380849,0.7050954873078139,-0.3252071002831591,-0.9022676229669949,-0.891078561387766,1.294131068078843,83.0
-0.45446806118581407,-1.0735106398329615,-0.10516256817517376,-2.7761543041255847,-1.0504926814067945,-1.1614440109624995,0.516044255599811,-0.09290909607039136,-0.09802346807712765,-1.2311600239228546,58.7
-0.45446806118581407,-0.5385836747493711,2.324427721006698,0.4641949537419629,0.4920480161838313,0.45056737390731666,-0.3252071002831591,-0.025462552162341095,-0.14208208437216316,-0.32704346011977753,74.2
-0.45446806118581407,0.10170769254765355,-0.2564865308231796,0.6166819776416121,0.5348963688946821,0.5354100783741491,-0.30517730609546934,-0.34021309039990916,-0.34034585769982273,0.23413233810282216,70.0
-0.45446806118581407,1.0661972205013996,-0.23967275719562342,-0.1457531418566343,-1.6503696193587045,-1.5856575332966616,1.5575935533596788,0.6939672495235288,0.6289437007909575,0.04707373869528856,61.0
-0.45446806118581407,-0.20628056007623174,0.020940734031497793,0.5785602216666998,0.5777447216055328,0.5778314306075653,-0.3252071002831591,2.4475773911328367,2.5234642014774824,-0.5141020595273106,73.4
-0.45446806118581407,0.2800166809088503,0.012533847217719689,-0.6413359695304945,-0.664857507009138,-0.7796518408617537,-0.3252071002831591,0.08694835435107608,0.03415238080797867,-0.6076313592310774,67.9
-0.45446806118581407,0.3772761291058667,-0.2564865308231796,0.5785602216666998,0.4920480161838313,0.49298872614073286,-0.3252071002831591,-0.587517084729427,-0.5606389391750001,1.0447196022021323,71.2
2.200374647650189,-0.6358431229463876,-0.23967275719562342,-0.06950962990680964,0.5348963688946821,0.5354100783741491,-0.3252071002831591,-0.9697141668750453,-0.9791957939778371,1.1382489019058986,79.1
-0.45446806118581407,-1.1788750420463958,-0.2564865308231796,0.27358617386740125,0.5777447216055328,0.5778314306075653,-0.24508792353240003,-0.3177309090972257,-0.34034585769982273,0.07825017192987786,73.0
-0.45446806118581407,0.6771594277133339,-0.206045209940511,0.7691690015412614,0.7062897797380849,0.7050954873078139,-0.3252071002831591,-0.34021309039990916,-0.34034585769982273,-0.5452784927618993,63.3
-0.45446806118581407,0.012553198367055176,-0.1808245494991767,0.19734266191757663,-0.3220706853223323,0.0687752038065707,-0.3252071002831591,-0.744892353848211,-0.7589027125026597,0.6082495369178882,73.6
-0.45446806118581407,-1.211294858112068,-0.1724176626853986,0.6929254895914368,0.5348963688946821,0.5354100783741491,-0.3252071002831591,0.5365919804047448,0.5187971600533688,0.015897305460699812,72.9
-0.45446806118581407,-1.1788750420463958,-0.2564865308231796,0.7691690015412614,0.7062897797380849,0.7050954873078139,-0.3252071002831591,-0.20532000258380853,-0.2742579332572695,0.9823667357329543,69.7
-0.45446806118581407,-0.5791084448314613,-0.24807964400940152,0.08297739399283964,-0.3220706853223323,-0.05848885289367794,-0.3252071002831591,-0.047944733465024446,-0.05396485178209214,0.35883807104117715,75.0
-0.45446806118581407,2.5331938974730637,-0.23126587038184532,-2.661789036200848,0.27780625262957775,0.23846061274023558,7.706740368980437,0.2668058047725435,0.2985040785781915,-0.45174919305813305,51.4
-0.45446806118581407,0.4826405313193011,-0.2564865308231796,-2.7380325481506724,0.7062897797380849,0.5778314306075653,-0.024760187467812608,0.5141097991020613,0.4967678519058512,-0.7011606589348436,63.8
-0.45446806118581407,-1.0816155938493794,0.2479266780035066,-0.22199665380645894,-0.7505542124308395,-0.9069158975620022,0.11544837184601568,-0.7673745351508944,-0.7589027125026597,-2.2288058874296977,51.2
-0.45446806118581407,0.5069553933685552,-0.24807964400940152,0.7310472455663491,0.6634414270272342,0.6626741350743978,-0.3252071002831591,-0.6099992660321103,-0.5826682473225179,0.82648456956001,68.1
-0.45446806118581407,0.5393752094342273,-0.2144520967542891,-0.4888489456308452,-0.36491903803318304,-0.4827023752278401,-0.28514751190777954,-0.54255272212406,-0.5165803228799646,0.8888374360291881,69.2
-0.45446806118581407,0.49074548533571916,-0.2564865308231796,0.6166819776416121,0.5348963688946821,0.5354100783741491,-0.24508792353240003,2.5599882976462536,2.6556400503625888,-0.04645556100847768,68.3
2.200374647650189,-0.3359598243389203,-0.2564865308231796,0.7691690015412614,0.6205930743163834,0.6626741350743978,-0.3252071002831591,-0.6099992660321103,-0.5826682473225179,0.9801611372058415,75.1
-0.45446806118581407,0.49074548533571916,-0.07153502092006135,0.3498296858172259,0.1921095472078763,0.23846061274023558,-0.22505812934471028,-0.6999279912428441,-0.7148440962076241,-1.5429243562687431,62.8
2.200374647650189,-0.8708867894225105,-0.2564865308231796,-0.4507271896559329,0.6634414270272342,0.6626741350743978,-0.3252071002831591,-0.7898567164535778,-0.8029613287976952,1.169425335140488,81.9
2.200374647650189,-0.6277381689299695,-0.22285898356806721,0.12559904543917821,0.3635029580512792,0.3657246694404842,-0.3252071002831591,-0.9472319855723618,-0.9791957939778371,0.9801611372058415,78.2
-0.45446806118581407,0.9608328182879652,0.22270601756217226,-0.2982401657562836,-1.736066324780406,-1.9674497033974077,-0.024760187467812608,1.75062977074965,1.7083798000193264,-2.852334552121475,56.0
-0.45446806118581407,-0.19007065204339568,-0.24807964400940152,0.38795144179213825,0.6634414270272342,0.5354100783741491,-0.3252071002831591,-0.47510617821600976,-0.4504923984374114,0.29648520457199967,72.6
-0.45446806118581407,-0.5304787207329531,-0.2564865308231796,-1.632501624878215,0.1921095472078763,0.0687752038065707,-0.3252071002831591,-0.43014181561064285,-0.42846309028989366,0.07825017192987786,75.5
-0.45446806118581407,0.8392585080416947,0.07978894172794451,-0.6794577255054068,-0.7505542124308395,-0.6948091363949211,-0.2050283351570205,0.7614137934315792,0.7390902415285464,-1.106454290984499,59.9
-0.45446806118581407,0.928413002222293,0.21429913074839416,-0.2982401657562836,-1.6075212666478538,-1.670500237763494,-0.024760187467812608,1.6157366829335496,1.5541746429867025,-2.7899816856522976,52.9
-0.45446806118581407,0.3934860371387028,-0.1808245494991767,-0.03138787393189733,-0.15067727447892945,-0.18575290959392657,-0.28514751190777954,0.9637534251557298,0.9814126311512414,-0.6699842257002548,64.0
-0.45446806118581407,0.4015909911551208,-0.2564865308231796,-0.4507271896559329,-0.9219476232742424,-0.864494545328586,-0.3252071002831591,-1.059642892085779,-1.0452837184203903,0.1094266051644666,64.8
-0.45446806118581407,-1.0573007318001253,1.65187677590445,-0.18387489783154662,-3.407152080503584,-3.3673543271001427,0.13547816603370547,1.6382188642362328,1.57620395113422,-0.8851385831215677,51.8
2.200374647650189,-0.6925778010613137,-0.2564865308231796,0.27358617386740125,0.5348963688946821,0.5354100783741491,-0.3252071002831591,-0.9472319855723618,-0.9351371776828016,0.5147202372141214,77.8
2.200374647650189,-1.1788750420463958,-0.2564865308231796,0.6929254895914368,0.5777447216055328,0.5778314306075653,-0.3252071002831591,-0.7224101725455274,-0.7368734043551419,0.6706024033870658,76.3
-0.45446806118581407,2.403514633210375,0.3067748856999533,-0.10763138588172197,-0.7077058597199888,-0.7372304886283374,1.0768784928551243,0.7164494308262122,0.6950316252335107,-0.8851385831215677,47.9
-0.45446806118581407,-1.235609720161322,0.012533847217719689,0.12109914996775197,0.020716136364473427,0.026353851573154497,-0.3252071002831591,-0.744892353848211,-0.7589027125026597,0.2653087713374109,76.6
-0.45446806118581407,-0.5466886287657892,-0.24807964400940152,0.4641949537419629,-3.1500619642384797,0.3657246694404842,-0.3252071002831591,-0.6999279912428441,-0.7148440962076241,0.48354380397953267,79.2
-0.45446806118581407,1.6092291396014078,-0.004279926409836519,0.1592209059426643,-3.1929103169493303,0.026353851573154497,1.016789110292055,0.4016988925886442,0.34256269487322705,-0.07763199424306644,58.0
-0.45446806118581407,3.7975667240342768,-0.22285898356806721,-2.661789036200848,0.1921095472078763,0.23846061274023558,5.663701361836081,0.7838959747342626,0.7390902415285464,-0.45174919305813305,46.2
-0.45446806118581407,-0.13333597392846944,-0.2564865308231796,0.38795144179213825,0.27780625262957775,0.23846061274023558,-0.3252071002831591,-1.0821250733884624,-1.067313026567908,0.7953081363254213,72.4
-0.45446806118581407,-0.5872133988478794,-0.24807964400940152,0.7691690015412614,0.7062897797380849,0.7050954873078139,-0.3252071002831591,-0.3177309090972257,-0.36237516584734053,0.5770731036832994,79.1
-0.45446806118581407,-0.4170093645031006,-0.07994190773383945,0.6166819776416121,0.5348963688946821,0.5354100783741491,-0.3252071002831591,0.2218414421671768,0.18835753784060286,0.7329552698562438,75.1
-0.45446806118581407,-0.23870037614190387,-0.23126587038184532,0.6548037336165246,0.5777447216055328,0.5778314306075653,-0.3252071002831591,0.9187890625503632,0.8492367822661351,0.2653087713374109,73.4
-0.45446806118581407,0.45832566927004703,0.3151817725137314,-1.289405821104004,-0.2792223326114816,-0.14333155736051037,-0.3252071002831591,-0.8797854416643115,1.0475005555937944,-0.20233772718142198,66.8
2.200374647650189,-0.7087877090941498,-0.2564865308231796,0.7310472455663491,0.7062897797380849,0.7050954873078139,-0.3252071002831591,-0.8797854416643115,-0.891078561387766,1.3253075013134321,87.0
-0.45446806118581407,0.012553198367055176,-0.2564865308231796,0.4641949537419629,0.3635029580512792,0.3657246694404842,-0.30517730609546934,-0.11539127737307471,-0.12005277622464532,0.07825017192987786,72.6
-0.45446806118581407,-1.0978255018822154,0.004126960403941585,-0.5269707016057575,-0.5791608015874367,-0.7372304886283374,-0.3252071002831591,0.10943053565375963,0.05618168895549653,-0.6076313592310774,66.8
2.200374647650189,-0.8384669733568384,-0.24807964400940152,0.4641949537419629,0.3635029580512792,0.3657246694404842,-0.3252071002831591,-0.9697141668750453,-0.9571664858303194,2.5723648306969866,82.5
-0.45446806118581407,0.46643062328646506,-0.14719700224406426,0.6929254895914368,0.6205930743163834,0.6202527828409815,-0.3252071002831591,-0.587517084729427,-0.5826682473225179,0.9200138692637768,75.0
-0.45446806118581407,-0.21438551409264978,-0.2564865308231796,0.7310472455663491,0.7062897797380849,0.6626741350743978,-0.3252071002831591,-0.3626952717025926,-0.36237516584734053,0.639425970152477,75.6
-0.45446806118581407,-0.26301523819115796,-0.23967275719562342,0.7310472455663491,0.6634414270272342,0.6626741350743978,-0.3252071002831591,0.15439489825912633,0.10024030525053204,0.7017788366216551,72.8
-0.45446806118581407,0.7419990598446782,-0.206045209940511,-1.1750405531792671,0.7062897797380849,0.7050954873078139,-0.16496874678164097,-0.45262399691332633,-0.42846309028989366,0.5770731036832994,67.6
-0.45446806118581407,-1.211294858112068,-0.24807964400940152,0.7310472455663491,0.6205930743163834,0.6626741350743978,-0.3252071002831591,-0.6999279912428441,-0.6928147880601065,-0.389396326588955,73.5
2.200374647650189,-0.8141521113075842,-0.23126587038184532,0.1618176052626944,0.5777447216055328,0.6202527828409815,-0.3252071002831591,-0.6774458099401607,-0.7368734043551419,0.9511903024983656,82.5
2.200374647650189,-0.6601579849956416,-0.23967275719562342,0.12109914996775197,0.6634414270272342,0.6626741350743978,-0.3252071002831591,-0.9697141668750453,-0.9791957939778371,1.1382489019058986,79.5
-0.45446806118581407,-1.219399812128486,-0.206045209940511,-0.6413359695304945,-0.06498056905722802,-0.14333155736051037,-0.3252071002831591,-0.47510617821600976,-0.4504923984374114,-0.13998486071224447,73.0
-0.45446806118581407,-0.6115282608971334,1.4332977187462193,0.7691690015412614,0.7062897797380849,0.7050954873078139,-0.3252071002831591,-0.22780218388649198,-0.36237516584734053,0.1094266051644666,75.4
-0.45446806118581407,-0.3035400082732481,-0.2564865308231796,0.5404384656917876,0.4920480161838313,0.49298872614073286,-0.3252071002831591,-0.6774458099401607,-0.6707854799125887,1.3876603677826098,76.9
-0.45446806118581407,-0.06039138778070713,-0.2564865308231796,0.7310472455663491,0.6205930743163834,0.6626741350743978,-0.3252071002831591,-0.3177309090972257,-0.34034585769982273,0.39001450427576645,73.1
-0.45446806118581407,-0.16575578999414156,-0.22285898356806721,0.6166819776416121,0.5348963688946821,0.5778314306075653,-0.3252071002831591,1.076164331669147,0.9814126311512414,-0.04645556100847768,72.7
-0.45446806118581407,-0.3035400082732481,-0.1640107758716205,0.19734266191757663,0.4063513107621299,0.3657246694404842,-0.3252071002831591,-0.8573032603616281,-0.891078561387766,1.2629546348442546,75.2
-0.45446806118581407,-0.3683796404045924,-0.22285898356806721,0.6929254895914368,0.6634414270272342,0.6202527828409815,-0.3252071002831591,-0.2502843651891754,-0.25222862510975186,0.48354380397953267,73.1
2.200374647650189,-0.7087877090941498,-0.23967275719562342,0.6548037336165246,0.5777447216055328,0.5778314306075653,-0.3252071002831591,-0.9697141668750453,-0.9791957939778371,1.169425335140488,81.0
-0.45446806118581407,-0.9438313755702729,0.10500960216927882,-0.41260543368102054,-0.7505542124308395,-0.7372304886283374,1.1770274637935731,0.24432362346986014,0.5187971600533688,0.23413233810282216,59.2
-0.45446806118581407,0.44211576123721097,-0.07994190773383945,0.27358617386740125,0.020716136364473427,0.15361790827340313,-0.24508792353240003,-0.744892353848211,-0.7589027125026597,-1.4182186233303875,63.5
-0.45446806118581407,-0.74931247917624,-0.23967275719562342,0.7691690015412614,0.6634414270272342,0.7050954873078139,-0.3252071002831591,-0.7673745351508944,-0.8690492532402484,-0.10173128462173259,81.1
-0.45446806118581407,-0.6682629390120597,-0.23967275719562342,-2.471180256326286,0.234957899918727,0.2808819649736518,-0.3252071002831591,-0.9921963481777287,-0.9791957939778371,1.2006017683750767,79.1
-0.45446806118581407,2.111736288619326,0.36562309339640003,-0.1457531418566343,-0.3220706853223323,-0.31301696629417525,2.4789640859934075,-0.2502843651891754,-0.2742579332572695,-1.1999835906882659,52.1
-0.45446806118581407,1.4633399673058833,-0.13879011543028616,0.19734266191757663,-1.3504311503827495,-3.28251162263331,0.7163421974767086,0.9637534251557298,0.915324706708688,-0.8258663918731991,54.6
2.200374647650189,-0.4089044104866826,-0.021093700037392724,-2.661789036200848,-3.1500619642384797,0.49298872614073286,-0.3252071002831591,-0.9247498042696785,-0.9351371776828016,0.12062082783594635,76.8
-0.45446806118581407,0.05307796844914534,-0.2564865308231796,0.19734266191757663,0.3635029580512792,-3.1128262136996456,-0.30517730609546934,-0.11539127737307471,-0.12005277622464532,0.1094266051644666,72.2
-0.45446806118581407,-0.35216973237175636,-0.206045209940511,0.3117079298423136,0.1921095472078763,0.19603926050681936,-0.3252071002831591,-0.8123388977562612,-0.8470199450927306,0.4211909375103552,76.0
-0.45446806118581407,1.4471300592730472,-0.1976383231267329,0.4641949537419629,0.5348963688946821,0.45056737390731666,0.03532919509525665,1.076164331669147,1.0475005555937944,-2.2911587538988756,58.8
-0.45446806118581407,-1.1950849500792318,-0.2564865308231796,0.6548037336165246,0.6205930743163834,0.5778314306075653,-0.3252071002831591,-0.6099992660321103,-0.5826682473225179,0.2653087713374109,74.9
-0.45446806118581407,0.5555851174670634,0.037754507659054,-0.10763138588172197,-0.2363739799006309,-0.270595614060759,-0.3252071002831591,1.975451583776484,1.9286728814945036,-1.106454290984499,64.4
-0.45446806118581407,0.13412750861332567,-0.2564865308231796,0.7691690015412614,0.7062897797380849,0.7050954873078139,-0.26511771772008974,-0.2502843651891754,-0.2742579332572695,0.35883807104117715,71.2
-0.45446806118581407,-1.3004493522926663,4.417742537637445,-2.3186932324266367,-1.6075212666478538,-1.9674497033974077,0.7363719916643985,1.7955941333550172,1.752438416314362,-0.9817485580461435,49.2
-0.45446806118581407,-0.5628985367986252,-0.2564865308231796,0.7691690015412614,0.7062897797380849,0.49298872614073286,-0.3252071002831591,0.4016988925886442,0.254445462283156,0.39001450427576645,74.8
-0.45446806118581407,-0.0522864337642891,-0.1808245494991767,-0.37448367770610824,-3.1500619642384797,0.2808819649736518,-0.28514751190777954,-0.744892353848211,-0.7589027125026597,0.1094266051644666,73.4
-0.45446806118581407,-0.3035400082732481,-0.24807964400940152,0.38795144179213825,0.234957899918727,0.49298872614073286,-0.3252071002831591,-0.5200705408213766,-0.4725217065849292,0.39001450427576645,73.9
-0.45446806118581407,1.5443895074700635,0.2479266780035066,-2.69991079217576,-3.1929103169493303,-3.155247565933062,0.43592507884905185,-0.29524872779454225,-0.318316549552305,-0.919395691576966,57.6
-0.45446806118581407,0.9932526343536373,-0.22285898356806721,0.1592209059426643,-0.02213221634637729,0.026353851573154497,0.8365209626028474,0.6939672495235288,0.6509730089384754,-0.9817485580461435,56.7
-0.45446806118581407,-1.0410908237672891,-0.2144520967542891,0.3117079298423136,-0.36491903803318304,-0.4827023752278401,0.7764315800397779,0.8963068812476798,0.8492367822661351,-1.1688071574536765,54.4
-0.45446806118581407,-1.227504766144904,-0.23126587038184532,-2.0137191846273383,0.6634414270272342,0.6202527828409815,-0.3252071002831591,-0.9472319855723618,-0.9571664858303194,1.1382489019058986,78.8
-0.45446806118581407,0.4259058532043749,-0.22285898356806721,0.7691690015412614,0.6634414270272342,0.6626741350743978,-0.3252071002831591,-0.3177309090972257,-0.318316549552305,0.04707373869528856,66.6
2.200374647650189,-0.8627818354060924,-0.24807964400940152,0.6548037336165246,0.6205930743163834,0.6202527828409815,-0.3252071002831591,-0.9697141668750453,-0.9791957939778371,1.7306011333630875,82.6
-0.45446806118581407,-0.7249976171269858,-0.23967275719562342,0.5785602216666998,0.5348963688946821,0.49298872614073286,-0.3252071002831591,-0.7673745351508944,-0.8690492532402484,-0.10173128462173259,86.0
-0.45446806118581407,-0.1495458819613055,-0.206045209940511,0.5404384656917876,0.7062897797380849,0.45056737390731666,-0.3252071002831591,0.019501810443025812,0.01212307266046102,-0.10173128462173259,71.0
-0.45446806118581407,-1.20318990409565,-0.2564865308231796,0.7691690015412614,0.7062897797380849,0.7050954873078139,-0.3252071002831591,0.4241810738913276,0.2985040785781915,0.4211909375103552,74.4
-0.45446806118581407,-0.31974991630608424,-0.2564865308231796,0.6929254895914368,0.5777447216055328,0.5354100783741491,-0.3252071002831591,-0.47510617821600976,-0.4725217065849292,-0.10880842747765573,72.6
2.200374647650189,-0.7898372492583302,-0.23126587038184532,0.1618176052626944,0.6205930743163834,0.6626741350743978,-0.3252071002831591,-0.6999279912428441,-0.7589027125026597,0.9200138692637768,82.6
-0.45446806118581407,-0.3926945024538465,-0.1892314363129548,0.5785602216666998,0.4491996634729806,0.49298872614073286,-0.3252071002831591,-0.8797854416643115,-0.891078561387766,1.6370718336593209,76.3
-0.45446806118581407,-1.211294858112068,-0.24807964400940152,0.6548037336165246,0.6634414270272342,0.6626741350743978,-0.3252071002831591,-0.6549636286374771,-0.6267268636175533,-0.4205727598235443,73.3
-0.45446806118581407,-0.7817322952419121,-0.23967275719562342,-2.7380325481506724,0.1921095472078763,0.19603926050681936,-0.3252071002831591,-0.9921963481777287,-0.9791957939778371,1.2006017683750767,81.5
-0.45446806118581407,-1.2599245822105762,-0.23967275719562342,0.5023167097168753,0.5348963688946821,0.5778314306075653,-0.3252071002831591,-0.9022676229669949,-0.891078561387766,0.8576610027945993,78.9
-0.45446806118581407,-0.06039138778070713,-0.206045209940511,-2.69991079217576,-0.02213221634637729,0.026353851573154497,-0.28514751190777954,-0.3626952717025926,-0.38440447399485816,0.35883807104117715,73.4
-0.45446806118581407,1.7632232659133504,0.5169470560444059,-0.5650924575806698,-1.8646113829129582,-1.8826069989305751,0.17553775440908503,-0.8797854416643115,1.09155917188883,-1.6364536559725096,47.4
2.200374647650189,-0.8708867894225105,-0.2564865308231796,0.6548037336165246,0.7062897797380849,0.7050954873078139,-0.3252071002831591,-0.9022676229669949,-0.8690492532402484,0.5458966704487107,79.7
-0.45446806118581407,0.6366346576312438,-0.13038322861650806,-0.06950962990680964,-0.36491903803318304,-0.31301696629417525,-0.3252071002831591,-0.7673745351508944,-0.7809320206501774,0.39001450427576645,62.6
-0.45446806118581407,1.3093458409939407,-0.23967275719562342,0.3498296858172259,-0.7934025651416902,-0.7796518408617537,0.45595487303674176,0.24432362346986014,0.2103868459881207,-2.6029230862447643,58.1
-0.45446806118581407,-0.09281120384637927,-0.1808245494991767,0.7691690015412614,0.7062897797380849,0.7050954873078139,-0.3252071002831591,0.6714850682208454,0.6509730089384754,0.48354380397953267,74.5
-0.45446806118581407,0.9040981401730389,-0.1892314363129548,0.6166819776416121,0.5348963688946821,0.5354100783741491,-0.3252071002831591,-0.5200705408213766,-0.5165803228799646,0.20295590486823284,64.7
-0.45446806118581407,-0.34406477835533833,-0.2564865308231796,0.38795144179213825,0.4063513107621299,0.45056737390731666,-0.3252071002831591,-0.54255272212406,-0.5386096310274824,0.015897305460699812,73.7
-0.45446806118581407,-0.5547935827822071,-0.24807964400940152,0.6548037336165246,0.7062897797380849,0.7050954873078139,-0.3252071002831591,-0.34021309039990916,-0.36237516584734053,0.82648456956001,78.7
-0.45446806118581407,0.9932526343536373,0.4160644142790687,-0.5650924575806698,-0.7934025651416902,-0.7796518408617537,-0.3252071002831591,3.1220428302133394,3.0741969051654254,-1.0441014245153215,58.1
-0.45446806118581407,0.7338941058282602,0.21429913074839416,0.5023167097168753,0.4491996634729806,0.40814602167390046,0.2356271369721543,0.6490028869181619,0.6069143926434399,-0.2958670268851888,62.9
-0.45446806118581407,-1.0573007318001253,-0.1976383231267329,0.6548037336165246,0.5777447216055328,0.5778314306075653,-0.024760187467812608,1.0087177877610969,1.003441939298759,-2.0729237212567533,59.4
-0.45446806118581407,0.5880049335327355,-0.24807964400940152,-2.661789036200848,0.3635029580512792,-3.1128262136996456,0.07538878347063621,0.19935926086449324,0.14429892154556734,-0.2958670268851888,65.3
-0.45446806118581407,-0.1495458819613055,0.13023026261061313,0.6548037336165246,0.5777447216055328,0.6202527828409815,-0.3252071002831591,-0.47510617821600976,-0.49455101473244684,0.6706024033870658,74.7
-0.45446806118581407,0.09360273853123552,-0.2564865308231796,0.19734266191757663,-0.06498056905722802,-0.652387784161505,-0.3252071002831591,-1.059642892085779,-1.0452837184203903,-0.35821989335436627,68.0
-0.45446806118581407,1.5443895074700635,0.3235886593275095,-0.06950962990680964,-0.664857507009138,-0.2281742618273428,0.11544837184601568,0.8288603373396294,0.7831488578235817,-0.20233772718142198,51.1
-0.45446806118581407,3.1572753567372525,0.029347620845275896,0.12109914996775197,0.06356448907532414,-0.01606750066026172,3.059828117436411,0.49162761779937786,0.4527092356108157,-0.4205727598235443,49.3
-0.45446806118581407,-0.18196569802697762,-0.24807964400940152,-0.9081882613548807,0.5777447216055328,0.45056737390731666,-0.3252071002831591,-0.6324814473347937,-0.6046975554700355,-0.26469059365060005,72.0
-0.45446806118581407,-0.7006827550777318,-0.2564865308231796,0.7691690015412614,0.7062897797380849,0.7050954873078139,-0.3252071002831591,0.1768770795618099,0.03415238080797867,0.8888374360291881,77.7
-0.45446806118581407,0.05307796844914534,-0.206045209940511,0.6166819776416121,0.7062897797380849,0.5778314306075653,-0.024760187467812608,-0.4975883595186931,-0.49455101473244684,-0.6699842257002548,71.3
2.200374647650189,-0.5304787207329531,-0.24807964400940152,-2.7761543041255847,0.5777447216055328,0.5354100783741491,-0.3252071002831591,-0.9247498042696785,-0.9131078695352839,2.1047183321781535,78.0
-0.45446806118581407,0.2557018188595962,-0.2564865308231796,0.7691690015412614,0.7062897797380849,0.7050954873078139,-0.3252071002831591,-0.6774458099401607,-0.648756171765071,1.1070724686713098,72.3
-0.45446806118581407,-0.6601579849956416,-0.09675568136139566,0.7691690015412614,0.7062897797380849,0.7050954873078139,-0.3252071002831591,0.7614137934315792,0.7611195496760641,0.8888374360291881,75.4
-0.45446806118581407,0.05307796844914534,-0.1724176626853986,0.5404384656917876,0.5348963688946821,0.45056737390731666,-0.30517730609546934,-0.2727665464918588,-0.25222862510975186,-0.2958670268851888,67.3
-0.45446806118581407,0.2557018188595962,-0.08834879454761756,0.5023167097168753,0.27780625262957775,0.40814602167390046,-0.28514751190777954,1.1211286942745142,1.0475005555937944,-1.0441014245153215,66.0
-0.45446806118581407,1.374185473125285,-0.23126587038184532,-2.928641328025234,-1.564672913937003,-1.9250283511639914,0.3758356962859827,-0.8348210790589446,-0.8470199450927306,-1.1376307242190877,53.8
2.200374647650189,0.23138695681034208,-0.24807964400940152,0.12559904543917821,0.7062897797380849,0.7050954873078139,-0.3252071002831591,-0.587517084729427,-0.5826682473225179,0.5770731036832994,71.7
-0.45446806118581407,0.19086218672825192,-0.2564865308231796,0.7310472455663491,0.6634414270272342,0.6626741350743978,-0.3252071002831591,0.3117701673779104,0.38662131116826254,0.07825017192987786,71.8
-0.45446806118581407,0.944622910255129,-0.1724176626853986,-0.22199665380645894,-3.1929103169493303,-0.14333155736051037,-0.18499854096933072,-0.8123388977562612,-0.8029613287976952,-0.6388077924656661,62.4
-0.45446806118581407,0.5069553933685552,0.15545092305194744,-0.4507271896559329,-1.136189386828496,-0.652387784161505,-0.22505812934471028,-0.8797854416643115,1.09155917188883,-2.1041001544913427,69.0
2.200374647650189,-0.9195165135210187,-0.2564865308231796,0.12559904543917821,0.5348963688946821,0.5354100783741491,-0.3252071002831591,-0.9022676229669949,-0.891078561387766,2.042365465708976,82.1
2.200374647650189,-0.0522864337642891,-0.23967275719562342,0.6166819776416121,0.5348963688946821,0.5354100783741491,-0.3252071002831591,-0.43014181561064285,-0.36237516584734053,1.0447196022021323,73.1
-0.45446806118581407,0.004448244350637142,-0.2564865308231796,0.7691690015412614,0.7062897797380849,0.7050954873078139,-0.30517730609546934,-0.29524872779454225,-0.318316549552305,0.39001450427576645,72.3
-0.45446806118581407,1.5605994155028997,-0.13038322861650806,0.19734266191757663,-3.1929103169493303,-0.01606750066026172,0.6562528149136394,0.7838959747342626,0.7390902415285464,-0.6076313592310774,55.0
-0.45446806118581407,-1.1950849500792318,0.4244713010928468,0.6548037336165246,0.7062897797380849,0.7050954873078139,-0.3252071002831591,-0.38517745300527595,-0.38440447399485816,0.6082495369178882,72.0
-0.45446806118581407,-0.5953183528642974,-0.23967275719562342,0.5785602216666998,0.4920480161838313,0.49298872614073286,-0.3252071002831591,-0.9247498042696785,-0.891078561387766,1.0135431689675436,79.3
2.200374647650189,-0.6277381689299695,-0.2564865308231796,0.7310472455663491,0.7062897797380849,0.7050954873078139,-0.3252071002831591,-0.9247498042696785,-0.9131078695352839,1.169425335140488,79.5
2.200374647650189,-0.8060471572911663,-0.2564865308231796,0.3498296858172259,0.6634414270272342,0.6626741350743978,-0.3252071002831591,-0.9022676229669949,-0.8690492532402484,0.4211909375103552,78.6
2.200374647650189,-0.8060471572911663,-0.2564865308231796,0.12109914996775197,-0.2792223326114816,-0.35543831852759145,-0.3252071002831591,-0.9472319855723618,-0.9351371776828016,0.7329552698562438,79.6
-0.45446806118581407,-0.0522864337642891,-0.1808245494991767,-0.03138787393189733,-0.15067727447892945,-0.18575290959392657,-0.3252071002831591,-0.744892353848211,-0.7589027125026597,0.6706024033870658,73.9
2.200374647650189,0.004448244350637142,-0.2564865308231796,0.5785602216666998,0.4491996634729806,0.45056737390731666,-0.3252071002831591,-0.5200705408213766,-0.5165803228799646,1.3876603677826098,73.6
-0.45446806118581407,-0.6439480769628055,1.0633946989399827,0.7691690015412614,0.7062897797380849,0.7050954873078139,-0.3252071002831591,-0.29524872779454225,-0.4504923984374114,0.45236737074494393,76.1
2.200374647650189,-1.1788750420463958,-0.2564865308231796,0.6548037336165246,0.5777447216055328,0.5778314306075653,-0.3252071002831591,-0.8348210790589446,-0.8249906369452128,0.9200138692637768,76.7
-0.45446806118581407,-0.1009161578627973,-0.1892314363129548,0.7691690015412614,0.7062897797380849,0.7050954873078139,-0.3252071002831591,0.6490028869181619,0.6289437007909575,0.48354380397953267,74.6
-0.45446806118581407,-1.3247642143419205,-0.24807964400940152,0.27358617386740125,0.234957899918727,0.23846061274023558,-0.3252071002831591,-0.6099992660321103,-0.6267268636175533,0.015897305460699812,78.0
-0.45446806118581407,-0.271120192207576,-0.23126587038184532,0.6548037336165246,0.6205930743163834,0.6202527828409815,-0.3252071002831591,0.7614137934315792,0.7170609333810284,0.1717794716336441,74.0
2.200374647650189,-0.4089044104866826,-0.2564865308231796,0.7310472455663491,0.6634414270272342,0.6626741350743978,-0.3252071002831591,-0.8348210790589446,-0.8029613287976952,0.9200138692637768,76.1
-0.45446806118581407,0.10170769254765355,2.8456547034609403,-0.5269707016057575,-3.235758669660181,-0.864494545328586,-0.3252071002831591,-0.4975883595186931,3.558841684410816,-1.4805714897995654,64.6
-0.45446806118581407,-0.14144092794488747,-0.23126587038184532,0.5404384656917876,0.4920480161838313,0.49298872614073286,-0.3252071002831591,0.15439489825912633,0.12226961339804969,1.1382489019058986,71.0
-0.45446806118581407,-1.20318990409565,-0.2144520967542891,0.5404384656917876,0.4920480161838313,0.49298872614073286,-0.2050283351570205,-0.5650349034267435,-0.5826682473225179,-0.35821989335436627,73.0
-0.45446806118581407,1.5443895074700635,0.12182337579683503,-1.403771089028741,-1.9503080883346595,-2.0947137600976564,-0.18499854096933072,0.6939672495235288,0.6509730089384754,-0.8851385831215677,55.0
-0.45446806118581407,-0.9438313755702729,0.5589814901132965,-0.5650924575806698,-3.407152080503584,-2.3068205212647372,0.05535898928294643,-0.6774458099401607,-0.6707854799125887,-2.3223351871334645,45.3
-0.45446806118581407,0.3772761291058667,-0.1976383231267329,0.6548037336165246,0.5777447216055328,0.5778314306075653,-0.3252071002831591,-0.38517745300527595,-0.36237516584734053,-0.45174919305813305,65.8
-0.45446806118581407,0.012553198367055176,-0.1808245494991767,0.5023167097168753,0.7062897797380849,0.40814602167390046,-0.3252071002831591,0.131912716956443,0.12226961339804969,-0.10173128462173259,68.5
-0.45446806118581407,-0.37648459442101045,-0.24807964400940152,0.5785602216666998,0.5777447216055328,0.49298872614073286,-0.3252071002831591,-0.6324814473347937,-0.6046975554700355,0.20295590486823284,74.8
-0.45446806118581407,-0.1252310199120514,-0.1976383231267329,0.6548037336165246,0.7062897797380849,0.5778314306075653,-0.3252071002831591,0.041983991745709166,0.03415238080797867,-0.10173128462173259,69.8
-0.45446806118581407,1.0580922664849814,-0.08834879454761756,0.6929254895914368,0.6634414270272342,0.6202527828409815,0.6562528149136394,0.4241810738913276,0.38662131116826254,-0.6076313592310774,59.6
-0.45446806118581407,0.4745355773028831,0.2899611120723971,-1.1369187972043546,-3.1500619642384797,0.2808819649736518,-0.3252071002831591,-0.8797854416643115,1.0475005555937944,-0.13998486071224447,67.0
-0.45446806118581407,0.09360273853123552,-0.2564865308231796,-2.661789036200848,0.3635029580512792,-3.1128262136996456,-0.26511771772008974,0.2218414421671768,0.27647477043067387,0.1717794716336441,76.0
-0.45446806118581407,0.5961098875491536,-0.24807964400940152,0.6166819776416121,0.4491996634729806,0.5354100783741491,-0.28514751190777954,2.7848101106730883,2.8979624399852844,-0.6076313592310774,66.5
2.200374647650189,-1.2680295362269942,-0.24807964400940152,-2.928641328025234,0.6634414270272342,0.6626741350743978,-0.3252071002831591,-0.8573032603616281,-0.8690492532402484,1.3876603677826098,78.7
-0.45446806118581407,2.0306867484551456,0.004126960403941585,0.3498296858172259,0.10641284178617486,0.23846061274023558,1.2571466405443323,0.5141097991020613,0.5408264682008868,-1.5117479230341542,57.0
-0.45446806118581407,-0.5872133988478794,-0.2564865308231796,0.7691690015412614,0.4491996634729806,0.49298872614073286,-0.3252071002831591,0.33425234868059395,0.2103868459881207,0.639425970152477,76.2
-0.45446806118581407,-0.2954350542568301,-0.2564865308231796,-0.8700665053799684,-1.0504926814067945,-0.8220731930951698,-0.3252071002831591,-1.059642892085779,-1.067313026567908,0.2653087713374109,73.8
-0.45446806118581407,-1.1302453179478875,-0.1892314363129548,-0.22199665380645894,-0.664857507009138,-0.39785967076100764,-0.16496874678164097,0.6490028869181619,0.5628557763484043,-1.106454290984499,63.1
-0.45446806118581407,-0.7979422032747482,-0.24807964400940152,0.7691690015412614,0.7062897797380849,0.7050954873078139,-0.3252071002831591,-0.7673745351508944,-0.8690492532402484,-0.10173128462173259,82.0
-0.45446806118581407,0.7663139218939323,-0.1892314363129548,-1.0225535292796177,-1.3075827976718988,-1.2887080676627483,-0.16496874678164097,0.3567345299832773,0.32053338672570936,-0.6699842257002548,61.4
-0.45446806118581407,0.07739283049839944,-0.2564865308231796,-2.471180256326286,-3.1500619642384797,-0.35543831852759145,-0.3252071002831591,-0.11539127737307471,-0.09802346807712765,0.14060303839905536,72.0
-0.45446806118581407,-0.3359598243389203,-0.24807964400940152,0.6166819776416121,0.5777447216055328,0.5354100783741491,-0.3252071002831591,-0.6324814473347937,-0.6267268636175533,0.20295590486823284,74.4
-0.45446806118581407,-1.1221403639314695,-0.2564865308231796,0.7691690015412614,0.7062897797380849,0.7050954873078139,-0.3252071002831591,-0.20532000258380853,-0.2742579332572695,0.7017788366216551,68.7
2.200374647650189,-1.2842394442598302,-0.23967275719562342,0.6548037336165246,0.5777447216055328,0.5778314306075653,-0.3252071002831591,-0.9921963481777287,-0.9791957939778371,1.3564839345480204,82.0
-0.45446806118581407,-0.07660129581354319,-0.23967275719562342,-0.06950962990680964,-0.2792223326114816,-0.2281742618273428,-0.3252071002831591,-0.6774458099401607,1.3559108696590427,0.14060303839905536,68.0
-0.45446806118581407,0.07739283049839944,0.21429913074839416,0.7310472455663491,0.6634414270272342,0.6626741350743978,-0.3252071002831591,-0.38517745300527595,-0.38440447399485816,-0.20233772718142198,69.4
2.200374647650189,-0.8222570653240023,-0.24807964400940152,0.5023167097168753,0.4063513107621299,0.40814602167390046,-0.3252071002831591,-0.9697141668750453,-0.9571664858303194,2.4164826645240423,82.0
-0.45446806118581407,0.22328200279392404,-0.12197634180272997,0.6166819776416121,0.6205930743163834,0.5778314306075653,-0.2050283351570205,0.9637534251557298,1.003441939298759,-0.17116129394683324,71.4
-0.45446806118581407,0.6042148415655716,-0.14719700224406426,0.7310472455663491,0.6634414270272342,0.6626741350743978,-0.2050283351570205,0.2668058047725435,0.254445462283156,-0.48292562629272184,64.6
-0.45446806118581407,-0.9519363295866908,4.476590745333892,-1.1369187972043546,-1.6932179720695553,-2.0947137600976564,0.7363719916643985,1.863040677263067,1.818526340756915,-1.106454290984499,48.5
-0.45446806118581407,-0.15765083597772353,-0.08834879454761756,0.6166819776416121,0.14926119449702557,0.15361790827340313,-0.3252071002831591,0.3117701673779104,0.27647477043067387,-0.2958670268851888,71.6
-0.45446806118581407,1.7145935418148424,4.1739428200378805,-0.6032142135555821,-0.7077058597199888,-0.8220731930951698,0.6362230207259497,1.5258079577228156,1.4660574103966315,-0.857042825107788,51.6
2.200374647650189,-0.7249976171269858,-0.2564865308231796,0.27358617386740125,0.14926119449702557,0.15361790827340313,-0.3252071002831591,-0.7224101725455274,-0.6707854799125887,1.0447196022021323,84.0
-0.45446806118581407,-1.20318990409565,-0.2564865308231796,0.27358617386740125,-3.1500619642384797,0.15361790827340313,-0.3252071002831591,-0.2502843651891754,-0.25222862510975186,1.169425335140488,74.7
-0.45446806118581407,-0.992461099668781,0.004126960403941585,0.6548037336165246,0.5348963688946821,0.5778314306075653,1.3172360231074016,0.3792167112859607,0.34256269487322705,-0.4205727598235443,55.3
-0.45446806118581407,1.674068771732752,0.4496919615341811,-0.37448367770610824,-0.7505542124308395,-0.5675450796946725,0.17553775440908503,1.0311999690637803,0.9814126311512414,-1.2311600239228546,48.7
-0.45446806118581407,-1.1788750420463958,-0.24807964400940152,0.7691690015412614,0.6205930743163834,0.7050954873078139,-0.3252071002831591,0.4466632551940111,0.4086506193157802,-0.04645556100847768,75.2
-0.45446806118581407,-1.20318990409565,3.29121970459118,-2.7380325481506724,0.14926119449702557,0.15361790827340313,-0.3252071002831591,0.131912716956443,-0.009906235487056637,-0.7323370921694329,72.7
-0.45446806118581407,-0.18196569802697762,-0.2564865308231796,0.7310472455663491,0.7062897797380849,0.7050954873078139,-0.3252071002831591,-0.34021309039990916,-0.36237516584734053,0.7329552698562438,75.2
-0.45446806118581407,0.07739283049839944,-0.2564865308231796,0.27358617386740125,0.10641284178617486,0.15361790827340313,-0.3252071002831591,-1.059642892085779,-1.0452837184203903,0.015897305460699812,76.0
-0.45446806118581407,-0.1009161578627973,-0.13038322861650806,-0.5269707016057575,0.5348963688946821,0.49298872614073286,-0.26511771772008974,-0.8123388977562612,-0.8029613287976952,0.39001450427576645,72.1
2.200374647650189,-0.19007065204339568,-0.2564865308231796,0.7691690015412614,0.7062897797380849,0.7050954873078139,-0.3252071002831591,-0.7898567164535778,-0.7589027125026597,0.6082495369178882,74.0
-0.45446806118581407,-0.31164496228966615,-0.2564865308231796,0.6929254895914368,0.3635029580512792,0.3657246694404842,-0.3252071002831591,-0.47510617821600976,-0.4725217065849292,-0.07763199424306644,73.1
-0.45446806118581407,-0.8708867894225105,-0.004279926409836519,0.27358617386740125,-0.7077058597199888,-0.39785967076100764,0.03532919509525665,1.076164331669147,1.0695298637413124,-1.4493950565649762,41.5
-0.45446806118581407,-0.16575578999414156,-0.23126587038184532,0.6548037336165246,0.5348963688946821,0.5354100783741491,-0.3252071002831591,0.15439489825912633,0.10024030525053204,1.2317782016096654,71.3
-0.45446806118581407,-0.28733010024041206,0.5169470560444059,0.6929254895914368,0.6205930743163834,0.6202527828409815,-0.3252071002831591,2.9197031984891884,2.9420210562803195,-0.5764549259964886,71.8
-0.45446806118581407,-0.3683796404045924,-0.2144520967542891,0.5785602216666998,0.6205930743163834,0.49298872614073286,-0.3252071002831591,-0.47510617821600976,-0.4504923984374114,0.04707373869528856,72.5
-0.45446806118581407,0.7906287839431865,-0.23126587038184532,0.6929254895914368,0.5777447216055328,0.6202527828409815,-0.00473039328012287,0.5365919804047448,0.4967678519058512,-0.9817485580461435,61.1
-0.45446806118581407,0.7338941058282602,-0.2144520967542891,0.6166819776416121,0.5348963688946821,0.5354100783741491,-0.26511771772008974,0.7838959747342626,0.7170609333810284,-2.197629454195109,64.7
2.200374647650189,-0.6196332149135515,-0.2564865308231796,0.1592209059426643,0.06356448907532414,0.0687752038065707,-0.3252071002831591,-0.7224101725455274,-0.6707854799125887,0.82648456956001,78.8
-0.45446806118581407,-1.235609720161322,-0.1808245494991767,0.4641949537419629,0.4491996634729806,0.3657246694404842,-0.3252071002831591,-0.8797854416643115,-0.891078561387766,1.5747189671901434,75.7
-0.45446806118581407,-0.31164496228966615,0.18067158349328175,0.6929254895914368,0.6205930743163834,0.6202527828409815,-0.3252071002831591,-0.6774458099401607,-0.6707854799125887,-0.13998486071224447,75.0
-0.45446806118581407,-0.01986661769861696,-0.1724176626853986,0.6929254895914368,0.4920480161838313,0.6202527828409815,-0.30517730609546934,-0.29524872779454225,-0.2742579332572695,-0.23351416041601072,69.6
-0.45446806118581407,0.06118292246556338,0.19748535712083795,0.6929254895914368,0.6205930743163834,0.6202527828409815,-0.3252071002831591,-0.40765963430795943,-0.42846309028989366,-0.04645556100847768,69.8
-0.45446806118581407,-0.5547935827822071,2.1394762111035797,0.5023167097168753,0.4920480161838313,0.45056737390731666,-0.3252071002831591,-0.047944733465024446,-0.18614070066719868,-0.20233772718142198,74.4
-0.45446806118581407,1.390395381158121,0.0461613944728321,-0.8319447494050561,-1.3075827976718988,-3.28251162263331,0.25565693115984406,-0.8573032603616281,-0.8470199450927306,-2.16645302096052,52.5
-0.45446806118581407,-1.1383502719643057,-0.2564865308231796,0.7310472455663491,0.6634414270272342,0.6626741350743978,-0.24508792353240003,0.2668058047725435,0.23241615413563838,-0.45174919305813305,66.2
-0.45446806118581407,0.02065815238347321,-0.2564865308231796,0.4641949537419629,0.3635029580512792,0.3657246694404842,-0.3252071002831591,-0.22780218388649198,-0.23019931696223409,0.9511903024983656,71.7
-0.45446806118581407,-0.21438551409264978,-0.2564865308231796,-0.06950962990680964,-0.15067727447892945,-0.2281742618273428,-0.3252071002831591,-1.0821250733884624,-1.067313026567908,0.7329552698562438,73.0
-0.45446806118581407,-1.1788750420463958,-0.2564865308231796,0.38795144179213825,0.4491996634729806,0.49298872614073286,-0.3252071002831591,-0.5200705408213766,-0.5165803228799646,0.015897305460699812,73.1
-0.45446806118581407,0.13412750861332567,-0.2564865308231796,0.5785602216666998,0.4920480161838313,0.49298872614073286,-0.3252071002831591,-0.3177309090972257,-0.34034585769982273,0.23413233810282216,69.6
-0.45446806118581407,0.5231653014013913,-0.22285898356806721,0.5785602216666998,0.4920480161838313,0.49298872614073286,-0.3252071002831591,-0.3626952717025926,-0.34034585769982273,0.1717794716336441,67.2
-0.45446806118581407,0.10981264656407158,-0.2564865308231796,0.7691690015412614,0.7062897797380849,0.7050954873078139,-0.28514751190777954,-0.09290909607039136,-0.09802346807712765,0.1717794716336441,71.8
-0.45446806118581407,0.2800166809088503,-0.12197634180272997,0.4641949537419629,0.3635029580512792,0.3657246694404842,-0.2050283351570205,1.4133970512093985,1.4219987941015961,-0.48292562629272184,65.6
2.200374647650189,0.03686806041630928,-0.2564865308231796,0.38795144179213825,0.4063513107621299,0.40814602167390046,-0.3252071002831591,-0.6099992660321103,-0.5826682473225179,1.169425335140488,73.6
-0.45446806118581407,-1.1626651340135596,-0.22285898356806721,0.6548037336165246,0.5777447216055328,0.5354100783741491,-0.3252071002831591,-0.3626952717025926,-0.34034585769982273,0.1094266051644666,68.5
-0.45446806118581407,-0.2954350542568301,-0.021093700037392724,0.6166819776416121,0.5777447216055328,0.5354100783741491,-0.3252071002831591,2.110344671592585,2.148965962969681,0.14060303839905536,75.9
-0.45446806118581407,-1.219399812128486,-0.2564865308231796,0.4641949537419629,0.4920480161838313,0.45056737390731666,-0.18499854096933072,0.8513425186423127,0.8272074741186171,-0.2958670268851888,71.4
-0.45446806118581407,0.8959931861566208,-0.1976383231267329,-2.661789036200848,-3.1500619642384797,-3.1128262136996456,0.25565693115984406,0.604038524312795,0.5187971600533688,-0.2958670268851888,64.2
2.200374647650189,-0.7979422032747482,-0.2564865308231796,0.6166819776416121,0.5348963688946821,0.5354100783741491,-0.3252071002831591,-0.6324814473347937,-0.648756171765071,0.5770731036832994,87.0
-0.45446806118581407,-0.21438551409264978,0.0629751681003883,-0.26011840978137124,-0.19352562718978017,-0.18575290959392657,-0.3252071002831591,0.06446617304839272,0.01212307266046102,-0.17116129394683324,71.2
-0.45446806118581407,1.3498706110760308,-0.1640107758716205,-0.7557012374552314,-1.3075827976718988,-1.1614440109624995,-0.08484957003088191,-0.7673745351508944,-0.7589027125026597,-1.6988065224416875,59.1
-0.45446806118581407,0.10981264656407158,0.23951979118972846,0.7310472455663491,0.6634414270272342,0.6626741350743978,-0.3252071002831591,-0.3626952717025926,-0.36237516584734053,-0.23351416041601072,68.6
-0.45446806118581407,-1.0735106398329615,0.13863714942439123,-0.10763138588172197,0.4920480161838313,0.15361790827340313,0.05535898928294643,-0.8797854416643115,1.0254712474462768,-2.2911587538988756,54.3
2.200374647650189,-0.6115282608971334,-0.2564865308231796,-0.06950962990680964,0.6205930743163834,0.6202527828409815,-0.3252071002831591,-0.9247498042696785,-0.9131078695352839,1.1382489019058986,78.9
-0.45446806118581407,0.27191172689243226,-0.13879011543028616,0.6548037336165246,0.14926119449702557,0.026353851573154497,-0.28514751190777954,-0.16035563997844163,-0.18614070066719868,-0.7635135254040216,63.7
-0.45446806118581407,0.9527278642715471,-0.12197634180272997,0.7310472455663491,0.6634414270272342,0.6626741350743978,-0.28514751190777954,-0.5650349034267435,-0.5165803228799646,0.5458966704487107,67.3
-0.45446806118581407,0.9770427263208012,-0.046314360478727036,-2.7380325481506724,-0.40776739074403373,-3.1976689181664777,0.07538878347063621,0.8513425186423127,0.8051781659710994,-1.106454290984499,56.5
-0.45446806118581407,0.26380677287601423,-0.23967275719562342,0.38795144179213825,-3.1500619642384797,0.2808819649736518,-0.28514751190777954,-0.7224101725455274,-0.7368734043551419,0.29648520457199967,72.0
-0.45446806118581407,-0.1009161578627973,-0.2564865308231796,0.7310472455663491,0.3635029580512792,-3.1128262136996456,-0.18499854096933072,1.0087177877610969,0.9593833230037238,-0.32704346011977753,73.0
-0.45446806118581407,0.004448244350637142,-0.1724176626853986,0.5023167097168753,0.6205930743163834,-0.14333155736051037,-0.3252071002831591,0.1768770795618099,0.1663282296930852,-0.10173128462173259,68.5
-0.45446806118581407,0.13412750861332567,-0.2564865308231796,0.6548037336165246,0.6205930743163834,0.5778314306075653,-0.22505812934471028,-0.3177309090972257,-0.318316549552305,0.23413233810282216,69.6
-0.45446806118581407,0.10170769254765355,-0.2564865308231796,0.3498296858172259,0.234957899918727,0.23846061274023558,-0.3252071002831591,0.7164494308262122,0.6950316252335107,0.015897305460699812,71.0
-0.45446806118581407,0.028763106399891245,-0.14719700224406426,0.6548037336165246,0.6634414270272342,0.6626741350743978,-0.24508792353240003,0.8513425186423127,0.8712660904136528,0.1094266051644666,73.0
2.200374647650189,-1.2842394442598302,-0.2564865308231796,0.12559904543917821,0.5777447216055328,0.5354100783741491,-0.3252071002831591,-0.9921963481777287,-1.0012251021253546,1.0135431689675436,82.0
-0.45446806118581407,-0.26301523819115796,0.020940734031497793,-0.06950962990680964,0.10641284178617486,0.11119655603998693,-0.3252071002831591,0.041983991745709166,-0.009906235487056637,-0.015279127773888937,72.0
-0.45446806118581407,0.4178008991879569,-0.11356945498895187,-2.69991079217576,-3.1929103169493303,-3.155247565933062,-0.12490915840626142,1.4583614138147656,1.4660574103966315,-0.6076313592310774,64.1
-0.45446806118581407,0.9608328182879652,0.11341648898305692,-2.7380325481506724,-1.0504926814067945,-1.0766013064956672,-0.22505812934471028,0.8513425186423127,0.8051781659710994,-1.2623364571574434,57.9
-0.45446806118581407,-1.0167759617180352,-0.23967275719562342,0.3498296858172259,-0.4506157434548845,-0.4402810229944239,0.3958654904736724,0.19935926086449324,0.1663282296930852,-2.415864486837231,59.1
2.200374647650189,-0.4170093645031006,-0.2564865308231796,0.6929254895914368,0.6205930743163834,0.6202527828409815,-0.3252071002831591,-0.8348210790589446,-0.8249906369452128,0.9511903024983656,76.4
-0.45446806118581407,-1.20318990409565,-0.1640107758716205,0.7310472455663491,0.7062897797380849,0.7050954873078139,-0.28514751190777954,0.7614137934315792,0.7831488578235817,0.29648520457199967,73.7
-0.45446806118581407,0.215177048777506,-0.2564865308231796,0.6166819776416121,0.5348963688946821,0.5354100783741491,-0.30517730609546934,0.15439489825912633,0.10024030525053204,-0.2958670268851888,67.3
2.200374647650189,-0.18196569802697762,-0.23126587038184532,0.6929254895914368,0.6634414270272342,0.7050954873078139,-0.3252071002831591,-0.5650349034267435,-0.5165803228799646,1.0135431689675436,74.7
-0.45446806118581407,0.685264381729752,0.004126960403941585,-0.7557012374552314,-0.8362509178525409,-0.9917586020288347,-0.3252071002831591,0.10943053565375963,0.03415238080797867,-0.5764549259964886,64.7
-0.45446806118581407,-0.31164496228966615,-0.1724176626853986,0.5785602216666998,0.6205930743163834,0.49298872614073286,-0.3252071002831591,-0.8797854416643115,-0.891078561387766,1.3876603677826098,75.6
2.200374647650189,-0.3683796404045924,-0.2564865308231796,0.12559904543917821,0.5348963688946821,0.5354100783741491,-0.3252071002831591,-0.6549636286374771,-0.6267268636175533,1.2629546348442546,76.5
-0.45446806118581407,0.6771594277133339,0.012533847217719689,-2.7380325481506724,-3.235758669660181,-3.1976689181664777,-0.24508792353240003,0.604038524312795,0.5628557763484043,-0.5764549259964886,63.3
2.200374647650189,-0.3845895484374285,-0.23967275719562342,0.6548037336165246,0.4063513107621299,0.6626741350743978,-0.3252071002831591,-0.6774458099401607,-0.648756171765071,1.3564839345480204,77.5
-0.45446806118581407,1.0661972205013996,0.23951979118972846,0.23546441789248895,0.10641284178617486,0.11119655603998693,-0.22505812934471028,1.863040677263067,1.862584957051951,-1.1999835906882659,59.2
-0.45446806118581407,1.3255557490267766,-0.07153502092006135,0.7691690015412614,0.7062897797380849,0.7050954873078139,0.8966103451659165,0.4241810738913276,0.4086506193157802,-0.857042825107788,57.6
-0.45446806118581407,-0.74931247917624,-0.23967275719562342,-1.403771089028741,0.27780625262957775,0.3657246694404842,-0.3252071002831591,-0.9921963481777287,-1.0012251021253546,1.2006017683750767,81.0
-0.45446806118581407,-0.6682629390120597,-0.23967275719562342,0.6929254895914368,0.5777447216055328,0.5778314306075653,-0.3252071002831591,-0.9247498042696785,-0.9131078695352839,1.3253075013134321,85.0
-0.45446806118581407,1.657858863699916,-0.05472124729250514,0.3117079298423136,-0.02213221634637729,0.19603926050681936,0.516044255599811,0.7389316121288956,0.7390902415285464,-2.010570854787576,53.4
-0.45446806118581407,0.928413002222293,0.10500960216927882,0.4641949537419629,-3.1500619642384797,0.3657246694404842,-0.1449389525939512,0.9187890625503632,0.8051781659710994,-1.792335822145454,57.5
-0.45446806118581407,0.17465227869541586,-0.2564865308231796,0.7691690015412614,0.7062897797380849,0.7050954873078139,-0.3252071002831591,-0.8348210790589446,-0.8249906369452128,-0.8258663918731991,68.5
-0.45446806118581407,-0.5466886287657892,-0.10516256817517376,0.7691690015412614,0.7062897797380849,0.7050954873078139,-0.3252071002831591,0.33425234868059395,0.27647477043067387,0.015897305460699812,73.9
2.200374647650189,-0.40079945647026455,-0.021093700037392724,0.3498296858172259,-3.1500619642384797,0.49298872614073286,-0.3252071002831591,-0.9247498042696785,-0.9571664858303194,0.12062082783594635,77.0
-0.45446806118581407,1.2850309789446865,1.6939112099733404,-0.18387489783154662,-1.3075827976718988,-1.2038653631959157,0.07538878347063621,1.5258079577228156,1.4440281022491137,-0.8851385831215677,53.5
2.200374647650189,-0.7817322952419121,-0.23126587038184532,0.1618176052626944,0.5348963688946821,0.6626741350743978,-0.3252071002831591,-0.7224101725455274,-0.7589027125026597,0.8888374360291881,82.4
-0.45446806118581407,-0.271120192207576,-0.2564865308231796,0.7691690015412614,0.5777447216055328,0.7050954873078139,-0.30517730609546934,-0.3626952717025926,-0.36237516584734053,0.5770731036832994,76.2
-0.45446806118581407,-1.1545601799971417,-0.2564865308231796,0.7691690015412614,0.5348963688946821,0.49298872614073286,-0.3252071002831591,-0.16035563997844163,-0.23019931696223409,0.39001450427576645,68.0
-0.45446806118581407,0.40969594517153884,-0.206045209940511,0.6929254895914368,0.6205930743163834,0.5778314306075653,-0.3252071002831591,-0.38517745300527595,-0.36237516584734053,-0.48292562629272184,65.6
-0.45446806118581407,-0.25491028417473993,-0.22285898356806721,0.5404384656917876,0.4920480161838313,0.3657246694404842,-0.3252071002831591,-0.20532000258380853,-0.20817000881471634,0.1717794716336441,71.7
-0.45446806118581407,0.669054473696916,-0.24807964400940152,0.7691690015412614,0.7062897797380849,0.7050954873078139,-0.3252071002831591,-0.5650349034267435,-0.5386096310274824,0.639425970152477,68.2
2.200374647650189,-1.20318990409565,-0.24807964400940152,0.6548037336165246,0.6205930743163834,0.5778314306075653,-0.3252071002831591,-0.6099992660321103,-0.5826682473225179,0.45236737074494393,72.1
-0.45446806118581407,-1.235609720161322,-0.24807964400940152,0.23546441789248895,0.1921095472078763,0.11119655603998693,-0.3252071002831591,-0.6774458099401607,-0.6707854799125887,0.23413233810282216,77.2
2.200374647650189,-1.20318990409565,-0.046314360478727036,0.4641949537419629,0.4920480161838313,0.5778314306075653,-0.3252071002831591,-0.9472319855723618,-0.9571664858303194,0.12062082783594635,78.7
-0.45446806118581407,-0.37648459442101045,-0.2564865308231796,0.6166819776416121,0.5348963688946821,0.5354100783741491,-0.3252071002831591,-0.7673745351508944,-0.7589027125026597,1.1070724686713098,76.3
-0.45446806118581407,0.13412750861332567,-0.1724176626853986,0.19734266191757663,0.10641284178617486,0.15361790827340313,-0.28514751190777954,-0.2502843651891754,-0.25222862510975186,-0.35821989335436627,66.1
-0.45446806118581407,-0.14144092794488747,-0.2564865308231796,0.19734266191757663,0.14926119449702557,0.0687752038065707,-0.3252071002831591,-1.0821250733884624,-1.067313026567908,0.7641317030908326,72.5
-0.45446806118581407,1.0256724504193093,0.4580988483479592,-0.4888489456308452,-1.0504926814067945,-1.034179954262251,-0.3252071002831591,3.2344537367267567,3.2063727540505322,-1.293512890392032,57.3
-0.45446806118581407,-0.6115282608971334,-0.23126587038184532,0.5023167097168753,-3.1500619642384797,0.23846061274023558,-0.3252071002831591,-0.744892353848211,-0.8690492532402484,-0.10173128462173259,78.2
-0.45446806118581407,0.9770427263208012,-0.1724176626853986,-0.4888489456308452,-0.5791608015874367,-0.4402810229944239,-0.1449389525939512,-0.8123388977562612,-0.8029613287976952,-0.6699842257002548,62.0
-0.45446806118581407,0.6204247495984078,-0.24807964400940152,0.19734266191757663,0.06356448907532414,0.0687752038065707,0.07538878347063621,0.15439489825912633,0.10024030525053204,-1.792335822145454,63.5
-0.45446806118581407,-1.1626651340135596,-0.2564865308231796,0.6548037336165246,0.5777447216055328,0.5778314306075653,-0.26511771772008974,-0.2727665464918588,-0.2742579332572695,-0.07763199424306644,68.2
-0.45446806118581407,-1.20318990409565,-0.2564865308231796,0.12109914996775197,0.27780625262957775,0.2808819649736518,-0.3252071002831591,-0.6999279912428441,-0.6928147880601065,0.9511903024983656,76.1
-0.45446806118581407,1.2039814387805061,0.14704403623816933,0.4641949537419629,0.4920480161838313,-0.01606750066026172,0.11544837184601568,-0.8123388977562612,1.0695298637413124,-2.415864486837231,53.3
-0.45446806118581407,-0.31974991630608424,0.07978894172794451,0.7310472455663491,0.6634414270272342,0.6626741350743978,-0.3252071002831591,-0.6999279912428441,-0.7148440962076241,0.04707373869528856,75.8
-0.45446806118581407,-0.2468053301583219,-0.24807964400940152,-0.5650924575806698,-0.7077058597199888,-0.18575290959392657,-0.3252071002831591,-0.47510617821600976,-0.42846309028989366,-0.015279127773888937,72.3
-0.45446806118581407,-0.271120192207576,-0.2564865308231796,-2.7761543041255847,-0.8790992705633917,-0.652387784161505,-0.3252071002831591,-1.059642892085779,-1.067313026567908,0.2653087713374109,73.6
-0.45446806118581407,1.674068771732752,0.10500960216927882,-2.7380325481506724,-0.40776739074403373,-0.39785967076100764,0.5561038439751905,0.10943053565375963,0.34256269487322705,0.23413233810282216,69.0
-0.45446806118581407,-0.15765083597772353,-0.24807964400940152,0.5023167097168753,0.3635029580512792,0.3657246694404842,-0.26511771772008974,-0.6774458099401607,-0.7148440962076241,0.1717794716336441,74.5
-0.45446806118581407,-0.5304787207329531,-0.23126587038184532,0.5023167097168753,0.7062897797380849,0.6202527828409815,-0.3252071002831591,-0.744892353848211,-0.8470199450927306,-0.10173128462173259,77.1
-0.45446806118581407,-0.3035400082732481,-0.1976383231267329,0.3498296858172259,0.10641284178617486,0.19603926050681936,-0.3252071002831591,-0.8123388977562612,-0.8249906369452128,0.39001450427576645,75.5
-0.45446806118581407,-1.219399812128486,-0.09675568136139566,0.08297739399283964,0.14926119449702557,0.15361790827340313,-0.3252071002831591,0.28928798607522704,0.254445462283156,-0.10880842747765573,72.3
-0.45446806118581407,-1.3247642143419205,-0.2564865308231796,0.12559904543917821,0.5348963688946821,0.6626741350743978,-0.3252071002831591,-0.9022676229669949,-0.9131078695352839,1.7617775665976758,78.0
-0.45446806118581407,-0.5791084448314613,1.82842139899379,0.7691690015412614,0.7062897797380849,0.7050954873078139,-0.3252071002831591,-0.11539127737307471,-0.25222862510975186,0.04707373869528856,74.9
-0.45446806118581407,-0.42511431851951864,-0.09675568136139566,0.6929254895914368,0.6205930743163834,0.6202527828409815,-0.3252071002831591,-0.0029803708596575404,-0.05396485178209214,0.7017788366216551,74.8
-0.45446806118581407,-0.5466886287657892,-0.24807964400940152,0.08297739399283964,-0.3220706853223323,-0.05848885289367794,-0.3252071002831591,-0.025462552162341095,-0.03193554363457449,0.39001450427576645,74.9
-0.45446806118581407,-0.6601579849956416,-0.08834879454761756,0.7691690015412614,0.6634414270272342,0.6626741350743978,-0.3252071002831591,0.7389316121288956,0.7390902415285464,0.9200138692637768,75.3
-0.45446806118581407,-1.0329858697508711,-0.2144520967542891,0.3117079298423136,-0.40776739074403373,-0.6099664319280887,0.7363719916643985,0.9637534251557298,0.8932953985611704,-1.2623364571574434,53.9
2.200374647650189,-0.027971571715034994,-0.24807964400940152,0.6548037336165246,0.5777447216055328,0.5354100783741491,-0.3252071002831591,-0.6099992660321103,-0.6046975554700355,0.45236737074494393,72.2
-0.45446806118581407,-0.09281120384637927,-0.1892314363129548,0.5785602216666998,0.7062897797380849,0.49298872614073286,-0.3252071002831591,0.041983991745709166,0.05618168895549653,-0.10173128462173259,69.4
-0.45446806118581407,-1.3247642143419205,-0.2564865308231796,0.6929254895914368,0.5348963688946821,0.7050954873078139,-0.3252071002831591,0.28928798607522704,0.1663282296930852,0.7017788366216551,76.0
-0.45446806118581407,-0.7087877090941498,-0.2564865308231796,0.5785602216666998,0.6634414270272342,0.6626741350743978,-0.3252071002831591,-0.9247498042696785,-0.9351371776828016,1.3253075013134321,79.7
-0.45446806118581407,0.8635733700909487,-0.14719700224406426,-2.814276060100497,-1.1790377395393468,-1.2887080676627483,-0.3252071002831591,-0.7898567164535778,-0.7589027125026597,-1.2623364571574434,58.7
-0.45446806118581407,-1.0735106398329615,-0.2144520967542891,0.3117079298423136,-1.136189386828496,-1.246286715429332,0.3758356962859827,-0.8797854416643115,-0.8690492532402484,-1.6676300892070983,52.5
-0.45446806118581407,-0.8060471572911663,-0.23967275719562342,-0.9081882613548807,0.3635029580512792,0.3657246694404842,-0.3252071002831591,-0.9921963481777287,-0.9791957939778371,1.2006017683750767,82.0
-0.45446806118581407,3.068120862556654,-0.2144520967542891,0.5404384656917876,-0.02213221634637729,0.026353851573154497,5.623641773460701,1.480843595117449,1.4660574103966315,-0.7635135254040216,49.3
-0.45446806118581407,0.19896714074466995,-0.13038322861650806,0.6548037336165246,0.6634414270272342,0.6626741350743978,-0.22505812934471028,0.9412712438530465,0.9593833230037238,-0.07763199424306644,71.7
-0.45446806118581407,0.40969594517153884,-0.1892314363129548,-0.5650924575806698,-0.8362509178525409,-0.7796518408617537,-0.10487936421857169,0.8963068812476798,0.8272074741186171,-1.5429243562687431,61.7
-0.45446806118581407,-0.35216973237175636,-0.22285898356806721,0.7310472455663491,0.6634414270272342,0.6626741350743978,-0.3252071002831591,-0.22780218388649198,-0.25222862510975186,0.5147202372141214,72.8
-0.45446806118581407,-0.34406477835533833,-0.24807964400940152,0.4641949537419629,0.6205930743163834,0.5354100783741491,-0.3252071002831591,-0.6324814473347937,-0.6267268636175533,0.639425970152477,75.3
-0.45446806118581407,0.4988504393521372,-0.1892314363129548,-2.69991079217576,-0.3220706853223323,-0.270595614060759,-0.08484957003088191,-0.8123388977562612,-0.8470199450927306,-1.6988065224416875,63.0
-0.45446806118581407,1.390395381158121,-0.13879011543028616,-0.03138787393189733,-0.19352562718978017,-0.18575290959392657,0.516044255599811,0.5815563430101116,0.5408264682008868,-0.45174919305813305,56.7
-0.45446806118581407,-0.40079945647026455,-0.22285898356806721,0.7310472455663491,0.6634414270272342,0.6626741350743978,-0.3252071002831591,-0.22780218388649198,-0.23019931696223409,0.2653087713374109,73.7
-0.45446806118581407,0.23949191082676013,-0.012686813223614622,0.12109914996775197,-0.02213221634637729,-0.01606750066026172,-0.30517730609546934,2.762327929370404,2.831874515542731,-0.6388077924656661,66.6
-0.45446806118581407,-0.3845895484374285,-0.22285898356806721,0.7310472455663491,0.6634414270272342,0.6626741350743978,-0.3252071002831591,-0.2502843651891754,-0.25222862510975186,0.35883807104117715,73.4
-0.45446806118581407,0.27191172689243226,-0.22285898356806721,-1.2512840651290917,-0.4506157434548845,-0.270595614060759,-0.30517730609546934,-0.587517084729427,-0.5606389391750001,0.9823667357329543,71.0
-0.45446806118581407,-1.235609720161322,-0.1808245494991767,0.4641949537419629,0.7062897797380849,0.3657246694404842,-0.3252071002831591,-0.8797854416643115,-0.891078561387766,1.6058954004247314,75.9
-0.45446806118581407,-1.219399812128486,-0.004279926409836519,-0.5269707016057575,-0.2792223326114816,-0.2281742618273428,-0.3252071002831591,0.131912716956443,0.07821099710301418,-0.919395691576966,74.0
-0.45446806118581407,-0.2224904681090678,-0.2564865308231796,0.5785602216666998,0.4920480161838313,0.49298872614073286,-0.3252071002831591,-0.6774458099401607,-0.648756171765071,1.294131068078843,75.6
-0.45446806118581407,-0.13333597392846944,-0.23126587038184532,0.27358617386740125,-3.1929103169493303,0.15361790827340313,-0.30517730609546934,-0.6549636286374771,-0.6707854799125887,0.07825017192987786,73.8
-0.45446806118581407,-1.219399812128486,-0.2564865308231796,0.6929254895914368,0.6634414270272342,0.6626741350743978,-0.3252071002831591,-0.6099992660321103,-0.6046975554700355,0.2653087713374109,75.3
-0.45446806118581407,-0.23870037614190387,-0.24807964400940152,0.38795144179213825,0.4491996634729806,0.45056737390731666,-0.3252071002831591,-0.47510617821600976,-0.4725217065849292,0.3276616378065884,73.1
2.200374647650189,-1.2599245822105762,-0.2564865308231796,0.08297739399283964,-0.02213221634637729,0.026353851573154497,-0.3252071002831591,-0.7224101725455274,-0.6707854799125887,1.2629546348442546,78.7
-0.45446806118581407,0.19896714074466995,1.2315324352155448,-0.6032142135555821,-3.1929103169493303,-3.1976689181664777,-0.3252071002831591,1.3684326886040319,1.3559108696590427,-0.45174919305813305,66.7
2.200374647650189,-0.7331025711434039,-0.23967275719562342,0.3498296858172259,0.4920480161838313,0.5354100783741491,-0.3252071002831591,-0.8573032603616281,-0.8470199450927306,1.4811896674863765,85.0
-0.45446806118581407,-0.28733010024041206,-0.23967275719562342,-0.9081882613548807,-0.06498056905722802,-3.155247565933062,-0.3252071002831591,-0.40765963430795943,-0.4064337821423759,-0.20233772718142198,71.8
-0.45446806118581407,0.49074548533571916,-0.2564865308231796,0.5785602216666998,0.4920480161838313,0.49298872614073286,-0.3252071002831591,-0.5650349034267435,-0.5386096310274824,0.9200138692637768,78.0
2.200374647650189,-0.8627818354060924,-0.2564865308231796,0.5404384656917876,0.7062897797380849,0.7050954873078139,-0.3252071002831591,-0.9247498042696785,-0.9351371776828016,0.639425970152477,81.0
2.200374647650189,-0.74931247917624,-0.23967275719562342,0.6166819776416121,0.6205930743163834,0.5778314306075653,-0.3252071002831591,-0.9921963481777287,-0.9791957939778371,1.0447196022021323,79.9
-0.45446806118581407,1.64164895566708,0.13023026261061313,-2.8523978160754093,-1.3504311503827495,-3.3249329748667265,0.3758356962859827,0.9187890625503632,0.8712660904136528,-1.4805714897995654,51.8
-0.45446806118581407,0.7014742897625881,0.13023026261061313,-2.2805714764517244,-0.40776739074403373,-0.39785967076100764,-0.3252071002831591,2.0428981276845346,1.994760805937057,-1.293512890392032,61.1
-0.45446806118581407,-1.1221403639314695,-0.12197634180272997,0.6929254895914368,0.4491996634729806,0.6202527828409815,0.11544837184601568,0.3567345299832773,0.2985040785781915,-0.6388077924656661,62.8
-0.45446806118581407,0.6771594277133339,-0.24807964400940152,0.7691690015412614,0.7062897797380849,0.6626741350743978,-0.3252071002831591,-0.40765963430795943,-0.36237516584734053,0.9801611372058415,67.3
-0.45446806118581407,2.5899285755879897,-0.22285898356806721,0.5404384656917876,-3.1500619642384797,0.45056737390731666,1.5175339649842994,0.131912716956443,0.07821099710301418,-0.4205727598235443,53.7
-0.45446806118581407,1.2769260249282683,-0.23967275719562342,-0.1457531418566343,-1.6503696193587045,-1.5856575332966616,1.8780702603627146,0.5590741617074283,0.4967678519058512,0.07825017192987786,59.7
-0.45446806118581407,0.6204247495984078,1.004546491243536,-0.37448367770610824,-3.235758669660181,-0.5675450796946725,-0.10487936421857169,-0.7224101725455274,-0.7589027125026597,-1.1376307242190877,63.3
-0.45446806118581407,-0.0522864337642891,-0.1808245494991767,-0.03138787393189733,-0.19352562718978017,-0.18575290959392657,-0.3252071002831591,-0.744892353848211,-0.7589027125026597,0.639425970152477,73.8
-0.45446806118581407,-1.0410908237672891,-0.23126587038184532,0.12109914996775197,0.020716136364473427,0.026353851573154497,1.3973551998581604,-0.6774458099401607,-0.6707854799125887,-0.20233772718142198,62.4
2.200374647650189,-0.7331025711434039,-0.2564865308231796,0.12559904543917821,0.5348963688946821,0.45056737390731666,-0.3252071002831591,-0.9697141668750453,-0.9791957939778371,0.9823667357329543,84.0
2.200374647650189,-0.7574174331926581,-0.2564865308231796,-0.4507271896559329,0.7062897797380849,0.7050954873078139,-0.3252071002831591,-0.8123388977562612,-0.8029613287976952,1.2006017683750767,79.9
-0.45446806118581407,0.1827572327118339,-0.2564865308231796,0.27358617386740125,0.14926119449702557,0.15361790827340313,-0.3252071002831591,-0.3177309090972257,-0.34034585769982273,0.14060303839905536,76.0
2.200374647650189,-0.5466886287657892,-0.2564865308231796,0.7691690015412614,0.7062897797380849,0.7050954873078139,-0.3252071002831591,-0.6774458099401607,-0.6707854799125887,0.9801611372058415,77.8
-0.45446806118581407,-0.741207525159822,-0.2564865308231796,0.7691690015412614,0.7062897797380849,0.7050954873078139,-0.3252071002831591,0.24432362346986014,0.2103868459881207,0.7329552698562438,76.1
-0.45446806118581407,-0.28733010024041206,-0.08834879454761756,-2.661789036200848,0.5348963688946821,0.5354100783741491,-0.3252071002831591,0.24432362346986014,0.2103868459881207,0.07825017192987786,73.8
2.200374647650189,-0.40079945647026455,-0.021093700037392724,0.38795144179213825,0.27780625262957775,0.49298872614073286,-0.3252071002831591,-0.9247498042696785,-0.9571664858303194,0.12062082783594635,76.9
-0.45446806118581407,0.928413002222293,-0.24807964400940152,0.38795144179213825,0.27780625262957775,0.2808819649736518,0.2957165195352236,0.1768770795618099,0.14429892154556734,-2.1041001544913427,69.0
-0.45446806118581407,-0.21438551409264978,-0.15560388905784237,0.5785602216666998,0.10641284178617486,0.026353851573154497,-0.3252071002831591,-0.8348210790589446,-0.8470199450927306,1.1070724686713098,74.0
2.200374647650189,-1.2842394442598302,-0.23967275719562342,0.6548037336165246,0.5777447216055328,0.6202527828409815,-0.3252071002831591,-0.9921963481777287,-0.9571664858303194,1.418836801017199,82.0
-0.45446806118581407,-0.3035400082732481,-0.1808245494991767,0.1592209059426643,0.020716136364473427,-3.155247565933062,-0.3252071002831591,0.3567345299832773,0.2985040785781915,-0.32704346011977753,73.5
-0.45446806118581407,-0.31974991630608424,-0.24807964400940152,0.3498296858172259,0.6634414270272342,0.23846061274023558,-0.3252071002831591,-0.6324814473347937,-0.648756171765071,0.2653087713374109,76.2
-0.45446806118581407,-0.08470624982996124,-0.012686813223614622,0.7310472455663491,0.7062897797380849,0.7050954873078139,-0.3252071002831591,0.5815563430101116,0.6069143926434399,-0.07763199424306644,75.0
-0.45446806118581407,0.012553198367055176,-0.23126587038184532,0.6929254895914368,0.6205930743163834,0.6202527828409815,-0.3252071002831591,-0.3626952717025926,-0.34034585769982273,0.29648520457199967,71.1
-0.45446806118581407,0.23949191082676013,-0.2564865308231796,0.6929254895914368,0.6634414270272342,0.6626741350743978,-0.3252071002831591,-0.6549636286374771,-0.6267268636175533,1.1070724686713098,71.9
-0.45446806118581407,2.0225817944387274,0.12182337579683503,-1.518136356953478,-1.436127855804451,-3.3249329748667265,0.6762826091013291,-0.8123388977562612,-0.8249906369452128,-2.0417472880221648,48.5
-0.45446806118581407,0.5474801634506454,-0.23126587038184532,0.19734266191757663,0.06356448907532414,0.0687752038065707,0.3958654904736724,1.0311999690637803,0.9814126311512414,-0.17116129394683324,65.8
-0.45446806118581407,-0.8952016514717646,-0.11356945498895187,-1.2131623091541794,-3.3643037277927332,-3.3249329748667265,2.438904497618028,-0.7898567164535778,-0.7809320206501774,-2.1041001544913427,45.6
2.200374647650189,-0.8222570653240023,-0.24807964400940152,0.6929254895914368,0.6205930743163834,0.6202527828409815,-0.3252071002831591,-0.9697141668750453,-0.9791957939778371,1.5123661007209648,82.1
-0.45446806118581407,-0.04418147974787106,-0.23126587038184532,0.27358617386740125,0.5348963688946821,0.5354100783741491,-0.3252071002831591,-0.6099992660321103,-0.6267268636175533,-0.015279127773888937,72.5
-0.45446806118581407,-0.9114115595046007,-0.22285898356806721,0.6548037336165246,0.5348963688946821,0.5778314306075653,1.7578914952365763,0.4241810738913276,0.3645920030207447,-0.32704346011977753,52.3
-0.45446806118581407,0.8797832781237848,0.19748535712083795,-0.26011840978137124,-0.2363739799006309,-0.39785967076100764,-0.04478998165550239,0.8738246999449965,0.7831488578235817,-1.4805714897995654,56.5
-0.45446806118581407,-1.235609720161322,-0.23126587038184532,0.7691690015412614,0.7062897797380849,0.7050954873078139,-0.3252071002831591,0.3117701673779104,0.2985040785781915,0.6706024033870658,74.4
-0.45446806118581407,-1.24371467417774,-0.1724176626853986,0.5404384656917876,0.5348963688946821,0.5354100783741491,-0.3252071002831591,0.5365919804047448,0.5408264682008868,-0.07763199424306644,72.6
2.200374647650189,-0.7574174331926581,-0.2564865308231796,0.38795144179213825,0.4920480161838313,0.49298872614073286,-0.3252071002831591,-0.9472319855723618,-0.9351371776828016,0.5458966704487107,78.5
2.200374647650189,-0.7087877090941498,-0.23126587038184532,0.5785602216666998,0.6205930743163834,0.19603926050681936,-0.3252071002831591,-0.9921963481777287,-0.9791957939778371,0.8576610027945993,79.4
-0.45446806118581407,-0.027971571715034994,-0.23967275719562342,0.7310472455663491,0.6634414270272342,0.6626741350743978,-0.3252071002831591,0.15439489825912633,0.10024030525053204,0.6082495369178882,71.3
-0.45446806118581407,0.2800166809088503,-0.2564865308231796,0.19734266191757663,0.06356448907532414,0.0687752038065707,-0.22505812934471028,-0.3177309090972257,-0.34034585769982273,-0.17116129394683324,69.3
-0.45446806118581407,0.6366346576312438,0.35721620658262193,0.23546441789248895,0.234957899918727,-0.01606750066026172,-0.26511771772008974,1.8855228585657509,1.9286728814945036,-1.4182186233303875,62.1
-0.45446806118581407,-0.7574174331926581,-0.24807964400940152,0.6548037336165246,0.5348963688946821,0.45056737390731666,-0.3252071002831591,-0.8573032603616281,-0.8470199450927306,1.169425335140488,80.0
2.200374647650189,-1.2680295362269942,-0.2564865308231796,0.27358617386740125,0.4920480161838313,0.49298872614073286,-0.3252071002831591,-0.9247498042696785,-0.9351371776828016,0.5458966704487107,77.5
-0.45446806118581407,1.0013575883700554,0.08819582854172262,0.19734266191757663,0.06356448907532414,0.0687752038065707,0.2356271369721543,0.6714850682208454,0.6509730089384754,-1.0441014245153215,59.4
-0.45446806118581407,-0.011761663682198926,-0.1808245494991767,-1.632501624878215,0.020716136364473427,0.19603926050681936,-0.28514751190777954,-0.744892353848211,-0.7589027125026597,0.1094266051644666,72.8
2.200374647650189,-0.6439480769628055,-0.2564865308231796,0.5785602216666998,0.7062897797380849,0.6626741350743978,-0.3252071002831591,-0.9247498042696785,-0.9131078695352839,1.1382489019058986,79.4
-0.45446806118581407,0.4015909911551208,-0.1976383231267329,0.12109914996775197,-0.7077058597199888,-0.14333155736051037,0.07538878347063621,-0.29524872779454225,-0.318316549552305,0.14060303839905536,69.3
-0.45446806118581407,-0.7898372492583302,-0.012686813223614622,-0.26011840978137124,-0.40776739074403373,-0.39785967076100764,4.401824328011625,0.7389316121288956,0.7170609333810284,-0.7635135254040216,46.6
-0.45446806118581407,-0.18196569802697762,0.004126960403941585,0.7691690015412614,0.7062897797380849,0.7050954873078139,-0.3252071002831591,0.604038524312795,0.6069143926434399,-0.04645556100847768,71.2
-0.45446806118581407,0.23949191082676013,-0.14719700224406426,0.6548037336165246,0.06356448907532414,0.11119655603998693,-0.28514751190777954,-0.18283782128112516,-0.18614070066719868,-0.7323370921694329,64.0
2.200374647650189,-0.8384669733568384,-0.23967275719562342,0.6548037336165246,0.5777447216055328,0.5778314306075653,-0.3252071002831591,-0.9921963481777287,-0.9791957939778371,1.3253075013134321,81.5
-0.45446806118581407,-1.0654056858165433,-0.09675568136139566,-2.7761543041255847,-1.2218860922501973,-1.458393476596413,0.6161932265382598,-0.070426914767708,-0.05396485178209214,-1.2623364571574434,59.3
2.200374647650189,-0.23059542212548584,-0.2564865308231796,0.7691690015412614,0.7062897797380849,0.7050954873078139,-0.3252071002831591,-0.8123388977562612,-0.7809320206501774,0.8576610027945993,74.7
-0.45446806118581407,-1.0978255018822154,-0.11356945498895187,-2.7761543041255847,-3.2786070223710317,-3.240090270399894,0.43592507884905185,-0.11539127737307471,-0.12005277622464532,-1.1999835906882659,65.0
-0.45446806118581407,0.5069553933685552,0.004126960403941585,-0.8700665053799684,-0.36491903803318304,-1.0766013064956672,-0.3252071002831591,0.10943053565375963,0.03415238080797867,-0.5764549259964886,65.9
-0.45446806118581407,-0.2468053301583219,-0.23126587038184532,0.6166819776416121,0.5348963688946821,0.5354100783741491,-0.3252071002831591,0.8738246999449965,0.8051781659710994,0.20295590486823284,73.6
-0.45446806118581407,1.884797576159621,0.17226469667950364,-0.22199665380645894,-0.49346409616573517,-0.39785967076100764,3.921109267507071,2.5599882976462536,3.1182555214604615,0.29648520457199967,57.3
-0.45446806118581407,0.5880049335327355,-0.23967275719562342,-2.7380325481506724,-0.6220091542982873,-3.1976689181664777,0.2155973427844645,0.2668058047725435,0.23241615413563838,0.1717794716336441,65.5
-0.45446806118581407,-0.19007065204339568,-0.206045209940511,-0.41260543368102054,0.10641284178617486,-0.05848885289367794,-0.3252071002831591,-0.47510617821600976,-0.4504923984374114,-0.13998486071224447,73.0
-0.45446806118581407,-0.23059542212548584,-0.012686813223614622,0.5785602216666998,0.4920480161838313,0.5354100783741491,-0.30517730609546934,2.3351664846194193,2.4353469688874116,-0.2958670268851888,74.4
-0.45446806118581407,0.4015909911551208,-0.2564865308231796,0.7691690015412614,0.6205930743163834,0.5778314306075653,-0.3252071002831591,-0.18283782128112516,-0.25222862510975186,0.5770731036832994,68.3
-0.45446806118581407,1.2445062088625962,-0.23967275719562342,0.3498296858172259,-0.49346409616573517,-0.4827023752278401,0.43592507884905185,0.2218414421671768,0.18835753784060286,-2.5093937865409974,58.6
-0.45446806118581407,-0.23059542212548584,-0.021093700037392724,-0.4507271896559329,0.4063513107621299,0.40814602167390046,-0.30517730609546934,2.245237759408686,2.3912883525923765,-0.20233772718142198,74.7
-0.45446806118581407,0.920308048205875,-0.046314360478727036,-0.1457531418566343,-0.2363739799006309,-0.31301696629417525,0.015299400907566912,0.7164494308262122,0.673002317085993,-0.919395691576966,57.6
-0.45446806118581407,-0.08470624982996124,-0.2564865308231796,0.6548037336165246,0.7062897797380849,0.6202527828409815,-0.3252071002831591,-0.29524872779454225,-0.318316549552305,-3.756451115924552,73.8
-0.45446806118581407,1.0743021745178176,-0.07153502092006135,0.6166819776416121,0.5348963688946821,0.5354100783741491,-0.2050283351570205,0.5590741617074283,0.5187971600533688,-0.45174919305813305,59.1
2.200374647650189,-0.8708867894225105,-0.2564865308231796,-0.9844317733047054,0.6634414270272342,0.6626741350743978,-0.3252071002831591,-0.7898567164535778,-0.8029613287976952,1.169425335140488,81.7
-0.45446806118581407,-0.6682629390120597,-0.24807964400940152,0.5785602216666998,0.4920480161838313,0.49298872614073286,-0.3252071002831591,0.041983991745709166,-0.009906235487056637,0.39001450427576645,76.2
-0.45446806118581407,-1.0654056858165433,-0.07153502092006135,0.6548037336165246,0.5777447216055328,0.5778314306075653,-0.1449389525939512,0.5590741617074283,0.5408264682008868,-0.48292562629272184,58.6
2.200374647650189,-1.0978255018822154,-0.2564865308231796,0.7310472455663491,0.6634414270272342,0.6626741350743978,-0.3252071002831591,-0.5200705408213766,-0.5165803228799646,0.9823667357329543,78.0
-0.45446806118581407,-0.1495458819613055,-0.22285898356806721,0.7310472455663491,0.6634414270272342,0.6626741350743978,-0.3252071002831591,2.357648665922103,2.325200428149823,0.35883807104117715,73.7
2.200374647650189,-0.1252310199120514,-0.23126587038184532,0.6166819776416121,0.6634414270272342,0.6626741350743978,-0.3252071002831591,-0.54255272212406,-0.49455101473244684,0.82648456956001,74.2
-0.45446806118581407,-0.5385836747493711,-0.24807964400940152,0.19734266191757663,-0.02213221634637729,0.11119655603998693,-0.3252071002831591,-0.6999279912428441,-0.7148440962076241,0.4211909375103552,79.0
-0.45446806118581407,0.06118292246556338,-0.2564865308231796,0.7691690015412614,0.6634414270272342,0.6626741350743978,-0.3252071002831591,0.1768770795618099,0.254445462283156,0.45236737074494393,72.9
-0.45446806118581407,-1.1545601799971417,-0.2564865308231796,0.6166819776416121,0.3635029580512792,0.5354100783741491,-0.3252071002831591,-1.0821250733884624,-1.067313026567908,-0.04645556100847768,65.8
-0.45446806118581407,-0.37648459442101045,-0.24807964400940152,-0.22199665380645894,-0.4506157434548845,-0.39785967076100764,-0.3252071002831591,-0.6774458099401607,-0.6928147880601065,0.29648520457199967,77.8
-0.45446806118581407,-0.6763678930284777,-0.23126587038184532,-0.18387489783154662,0.7062897797380849,0.7050954873078139,-0.3252071002831591,-0.9697141668750453,-0.9571664858303194,1.294131068078843,82.0
-0.45446806118581407,0.4015909911551208,-0.1892314363129548,-0.5650924575806698,-1.3075827976718988,-0.7796518408617537,-0.10487936421857169,0.8513425186423127,0.7831488578235817,-1.3870421900957988,62.0
-0.45446806118581407,-0.3359598243389203,-0.08834879454761756,0.5785602216666998,0.4920480161838313,0.5354100783741491,-0.3252071002831591,0.24432362346986014,0.2103868459881207,0.3276616378065884,74.4
-0.45446806118581407,1.6902786797655882,-0.23967275719562342,-2.661789036200848,0.06356448907532414,-3.1128262136996456,1.0768784928551243,-0.20532000258380853,-0.18614070066719868,-0.20233772718142198,58.9
2.200374647650189,-0.8141521113075842,-0.2564865308231796,0.6929254895914368,0.6205930743163834,0.6202527828409815,-0.3252071002831591,-0.6324814473347937,-0.6267268636175533,0.6706024033870658,81.4
-0.45446806118581407,0.8473634620581126,-0.23126587038184532,-0.26011840978137124,-1.1790377395393468,-1.1614440109624995,-0.3252071002831591,1.6157366829335496,1.5982332592817377,-0.7011606589348436,59.4
-0.45446806118581407,-0.1495458819613055,-0.2564865308231796,0.6929254895914368,0.6634414270272342,0.6202527828409815,-0.3252071002831591,-0.2502843651891754,-0.25222862510975186,1.169425335140488,73.1
-0.45446806118581407,0.07739283049839944,-0.2564865308231796,0.6929254895914368,0.7062897797380849,0.7050954873078139,-0.3252071002831591,0.6714850682208454,0.6289437007909575,0.1717794716336441,71.5
-0.45446806118581407,0.4015909911551208,13.194532371221786,-2.7761543041255847,-1.0504926814067945,-0.8220731930951698,-0.28514751190777954,5.010546059638748,5.122922562884575,-0.8882192583423772,64.0
-0.45446806118581407,-0.18196569802697762,-0.23126587038184532,0.7691690015412614,0.7062897797380849,0.7050954873078139,-0.3252071002831591,2.3126843033167357,2.237083195559752,0.5458966704487107,74.6
-0.45446806118581407,0.44211576123721097,0.3235886593275095,-2.7380325481506724,-0.36491903803318304,-0.18575290959392657,-0.3252071002831591,-0.8797854416643115,1.0254712474462768,-0.20233772718142198,66.8
-0.45446806118581407,0.004448244350637142,-0.15560388905784237,-1.9755974286524258,0.7062897797380849,-0.6099664319280887,-0.3252071002831591,0.19935926086449324,0.18835753784060286,-0.10173128462173259,68.1
-0.45446806118581407,0.012553198367055176,-0.206045209940511,0.1592209059426643,0.10641284178617486,0.23846061274023558,-0.16496874678164097,-0.3626952717025926,-0.36237516584734053,0.2653087713374109,72.7
-0.45446806118581407,2.0063718864058915,0.23951979118972846,-2.69991079217576,-0.15067727447892945,-3.155247565933062,0.13547816603370547,0.19935926086449324,0.1663282296930852,-0.8851385831215677,52.3
-0.45446806118581407,0.8716783241073668,0.18067158349328175,-0.22199665380645894,-0.36491903803318304,-0.39785967076100764,-0.024760187467812608,0.6714850682208454,0.6069143926434399,-1.1999835906882659,57.8
-0.45446806118581407,-0.9438313755702729,0.281554225258619,-0.10763138588172197,-0.40776739074403373,-0.270595614060759,1.036818904479745,-0.29524872779454225,-0.318316549552305,-0.8882192583423772,54.8
-0.45446806118581407,0.49074548533571916,0.8868500758506425,-0.06950962990680964,-0.3220706853223323,-0.2281742618273428,-0.22505812934471028,-0.7898567164535778,-0.8249906369452128,-1.1376307242190877,64.8
2.200374647650189,-0.3926945024538465,-0.2564865308231796,0.6929254895914368,0.5777447216055328,0.5778314306075653,-0.3252071002831591,-0.6999279912428441,-0.6928147880601065,0.48354380397953267,75.2
2.200374647650189,-0.7979422032747482,-0.24807964400940152,0.6166819776416121,0.4063513107621299,0.40814602167390046,-0.3252071002831591,-0.9472319855723618,-0.9571664858303194,2.5723648306969866,81.2
-0.45446806118581407,2.2576254609148507,0.2563335648172847,-0.10763138588172197,-0.3220706853223323,-0.270595614060759,0.7163421974767086,0.4241810738913276,0.38662131116826254,-0.8851385831215677,49.9
-0.45446806118581407,-0.31974991630608424,-0.2564865308231796,-2.661789036200848,0.4063513107621299,0.40814602167390046,-0.3252071002831591,-0.6324814473347937,-0.6046975554700355,0.48354380397953267,74.2
-0.45446806118581407,-0.23870037614190387,-0.021093700037392724,0.3117079298423136,0.4491996634729806,0.45056737390731666,-0.30517730609546934,2.2002733968033183,2.3692590444448585,-0.13998486071224447,74.9
-0.45446806118581407,-0.21438551409264978,-0.15560388905784237,-0.4888489456308452,0.4920480161838313,0.45056737390731666,-0.3252071002831591,-0.8348210790589446,-0.8690492532402484,1.3253075013134321,74.1
-0.45446806118581407,0.38538108312228475,-0.07994190773383945,0.38795144179213825,-0.2792223326114816,0.2808819649736518,-0.26511771772008974,-0.7898567164535778,-0.8029613287976952,-1.3558657568612098,64.3
-0.45446806118581407,-0.04418147974787106,0.19748535712083795,0.6929254895914368,0.6205930743163834,0.6202527828409815,-0.3252071002831591,-0.45262399691332633,-0.4725217065849292,0.23413233810282216,79.0
-0.45446806118581407,-0.16575578999414156,-0.2564865308231796,-2.661789036200848,0.3635029580512792,0.49298872614073286,-0.3252071002831591,-0.5200705408213766,-0.49455101473244684,-3.756451115924552,73.0
-0.45446806118581407,1.0580922664849814,0.4749126219755154,-0.5269707016057575,-1.7789146774912568,-1.7553429422303266,-0.3252071002831591,3.32438246193749,3.294489986640603,-1.7299829556762762,56.7
-0.45446806118581407,0.8797832781237848,-0.24807964400940152,0.6166819776416121,0.5777447216055328,0.5354100783741491,-0.30517730609546934,3.0096319236999225,3.1182555214604615,-1.1376307242190877,63.3
-0.45446806118581407,-1.0491957777837073,-0.09675568136139566,-2.7761543041255847,-1.3075827976718988,-1.5856575332966616,0.6562528149136394,-0.047944733465024446,-0.05396485178209214,-1.293512890392032,58.9
-0.45446806118581407,-0.8384669733568384,-0.24807964400940152,0.7310472455663491,0.4920480161838313,0.49298872614073286,-0.3252071002831591,-0.8348210790589446,-0.8470199450927306,1.169425335140488,81.8
2.200374647650189,-1.1626651340135596,-0.2564865308231796,0.6166819776416121,0.6205930743163834,0.5354100783741491,-0.3252071002831591,-0.3626952717025926,-0.36237516584734053,0.82648456956001,71.2
-0.45446806118581407,-0.6439480769628055,-0.24807964400940152,0.5023167097168753,0.4920480161838313,0.40814602167390046,-0.3252071002831591,0.041983991745709166,-0.009906235487056637,0.3276616378065884,75.8
-0.45446806118581407,-0.6520530309792236,-0.24807964400940152,0.5404384656917876,0.4920480161838313,0.45056737390731666,-0.3252071002831591,0.041983991745709166,-0.009906235487056637,0.35883807104117715,76.0
-0.45446806118581407,0.5636900714834815,0.037754507659054,-0.37448367770610824,-0.5791608015874367,-0.5675450796946725,-0.3252071002831591,1.975451583776484,1.9066435733469862,-1.0752778577499102,64.6
-0.45446806118581407,0.004448244350637142,-0.2564865308231796,0.6929254895914368,0.6634414270272342,0.6202527828409815,-0.3252071002831591,0.604038524312795,0.5628557763484043,0.4211909375103552,71.8
-0.45446806118581407,1.0418823584521455,-0.206045209940511,-1.4418928450036532,-3.3214553750818827,-1.7553429422303266,-0.3252071002831591,0.3117701673779104,0.254445462283156,-0.9505721248115547,64.5
-0.45446806118581407,2.5331938974730637,-0.23126587038184532,0.12109914996775197,0.14926119449702557,0.15361790827340313,4.0813476210085895,1.840558495960384,1.7964970326093976,-0.13998486071224447,55.1
-0.45446806118581407,0.43401080722079294,-0.2564865308231796,0.7691690015412614,0.5777447216055328,0.5354100783741491,-0.3252071002831591,-0.16035563997844163,-0.23019931696223409,0.4211909375103552,68.1
-0.45446806118581407,1.3255557490267766,0.09660271535550072,-0.1457531418566343,-0.3220706853223323,-0.31301696629417525,0.3758356962859827,-0.11539127737307471,0.07821099710301418,0.29648520457199967,62.9
-0.45446806118581407,-1.0735106398329615,-0.23967275719562342,-0.1457531418566343,-1.6503696193587045,-1.5856575332966616,1.858040466175025,0.5815563430101116,0.5408264682008868,0.07825017192987786,59.7
-0.45446806118581407,2.816867288047695,-0.11356945498895187,-1.2131623091541794,-1.6075212666478538,-1.3311294198961643,2.0583384080519225,1.1211286942745142,1.09155917188883,-1.979394421552987,45.7
2.200374647650189,-0.8303620193404203,-0.2564865308231796,0.12559904543917821,0.4920480161838313,0.49298872614073286,-0.3252071002831591,-0.9247498042696785,-0.9351371776828016,1.6994247001284983,81.5
-0.45446806118581407,-0.16575578999414156,0.11341648898305692,0.6548037336165246,0.5777447216055328,0.45056737390731666,-0.3252071002831591,-0.4975883595186931,-0.49455101473244684,0.9823667357329543,74.8
-0.45446806118581407,-1.3004493522926663,0.09660271535550072,-1.518136356953478,-2.4216399681540173,-2.3916632257315698,0.6161932265382598,1.4358792325120824,1.3779401778065603,-2.2288058874296977,48.0
-0.45446806118581407,-1.1383502719643057,-0.1640107758716205,-0.8319447494050561,-1.136189386828496,-1.0766013064956672,-0.30517730609546934,1.1211286942745142,1.09155917188883,-0.9505721248115547,61.5
-0.45446806118581407,1.3174507950103587,0.012533847217719689,-0.8319447494050561,-1.0076443286959438,-0.9917586020288347,0.1955675485967748,0.9862356064584136,0.9593833230037238,-1.6988065224416875,54.7
-0.45446806118581407,-1.1950849500792318,-0.24807964400940152,0.5023167097168753,0.4920480161838313,0.49298872614073286,-0.3252071002831591,0.10943053565375963,0.03415238080797867,-0.07763199424306644,74.2
2.200374647650189,-0.8384669733568384,-0.2564865308231796,0.12559904543917821,0.4491996634729806,0.45056737390731666,-0.3252071002831591,-0.9247498042696785,-0.9351371776828016,1.7617775665976758,81.6
2.200374647650189,-0.7898372492583302,-0.2564865308231796,0.12559904543917821,0.4920480161838313,0.49298872614073286,-0.3252071002831591,-0.9472319855723618,-0.9351371776828016,1.668248266893909,89.0
-0.45446806118581407,-0.5385836747493711,-0.1808245494991767,0.7310472455663491,0.6634414270272342,0.6626741350743978,-0.3252071002831591,0.5141097991020613,0.5187971600533688,0.23413233810282216,73.3
-0.45446806118581407,-0.6520530309792236,-0.2564865308231796,0.6548037336165246,0.6205930743163834,0.6626741350743978,-0.3252071002831591,0.2668058047725435,0.14429892154556734,0.6706024033870658,77.2
2.200374647650189,-1.1869799960628138,-0.029500586851170827,0.5785602216666998,0.4920480161838313,0.5778314306075653,-0.3252071002831591,-0.9472319855723618,-0.9571664858303194,0.12062082783594635,78.2
-0.45446806118581407,-0.6439480769628055,-0.24807964400940152,0.7691690015412614,0.7062897797380849,0.7050954873078139,-0.3252071002831591,-0.3626952717025926,-0.38440447399485816,0.4211909375103552,74.2
-0.45446806118581407,-1.219399812128486,-0.09675568136139566,0.7310472455663491,0.6634414270272342,0.7050954873078139,-0.3252071002831591,0.3117701673779104,0.27647477043067387,-0.26469059365060005,73.3
-0.45446806118581407,-0.1738607440105596,-0.1640107758716205,0.5023167097168753,0.3635029580512792,0.3657246694404842,-0.3252071002831591,-0.6324814473347937,-0.6707854799125887,0.35883807104117715,74.3
-0.45446806118581407,0.4745355773028831,-0.2564865308231796,0.19734266191757663,-0.36491903803318304,-0.31301696629417525,-0.1449389525939512,-0.3177309090972257,-0.318316549552305,-0.35821989335436627,68.0
-0.45446806118581407,0.004448244350637142,-0.24807964400940152,0.7310472455663491,0.6205930743163834,0.6626741350743978,0.11544837184601568,-0.6774458099401607,-0.6928147880601065,-0.2958670268851888,73.3
-0.45446806118581407,-0.2224904681090678,-0.2564865308231796,0.12109914996775197,0.06356448907532414,-0.01606750066026172,-0.3252071002831591,-1.0821250733884624,-1.067313026567908,0.7017788366216551,73.2
-0.45446806118581407,-1.0816155938493794,0.09660271535550072,-2.69991079217576,-3.1929103169493303,-0.18575290959392657,0.3558059020982929,0.8738246999449965,0.8492367822661351,-1.3870421900957988,57.6
-0.45446806118581407,1.876692622143203,4.358894329940999,-1.9755974286524258,-1.564672913937003,-3.3249329748667265,0.7163421974767086,1.7281475894469667,1.6863504918718089,-0.9505721248115547,49.8
2.200374647650189,-1.2842394442598302,-0.2564865308231796,0.6548037336165246,0.5777447216055328,0.5778314306075653,-0.3252071002831591,-0.6324814473347937,-0.6267268636175533,0.9823667357329543,82.2
-0.45446806118581407,1.0013575883700554,-0.021093700037392724,-0.6413359695304945,-0.8362509178525409,-0.864494545328586,0.03532919509525665,0.6490028869181619,0.6289437007909575,-1.106454290984499,58.4
2.200374647650189,-1.1869799960628138,-0.24807964400940152,0.12559904543917821,0.7062897797380849,0.7050954873078139,-0.3252071002831591,-0.6324814473347937,-0.6267268636175533,1.0135431689675436,72.9
-0.45446806118581407,1.5443895074700635,-0.13038322861650806,0.19734266191757663,-0.4506157434548845,-0.4402810229944239,0.6963124032890189,0.8738246999449965,0.8272074741186171,-0.6699842257002548,54.7
-0.45446806118581407,0.27191172689243226,-0.15560388905784237,0.5023167097168753,0.4063513107621299,0.40814602167390046,-0.26511771772008974,-0.8123388977562612,-0.8029613287976952,-0.5141020595273106,76.0
-0.45446806118581407,0.5474801634506454,-0.23126587038184532,0.38795144179213825,0.27780625262957775,0.2808819649736518,0.15550796022139524,0.9187890625503632,0.8712660904136528,-0.13998486071224447,66.1
-0.45446806118581407,-1.20318990409565,-0.2564865308231796,0.6548037336165246,0.5777447216055328,0.5778314306075653,-0.3252071002831591,-0.54255272212406,-0.5386096310274824,0.1717794716336441,75.4
-0.45446806118581407,-1.1383502719643057,-0.2144520967542891,-2.2043279645019,-1.2218860922501973,-3.28251162263331,-0.30517730609546934,-0.5650349034267435,-0.5386096310274824,0.8888374360291881,75.0
-0.45446806118581407,0.9770427263208012,-0.1976383231267329,-2.7380325481506724,-0.5791608015874367,-0.01606750066026172,0.3558059020982929,0.6939672495235288,0.584885084495922,-0.4205727598235443,62.9
-0.45446806118581407,1.625439047634244,-0.03790747366494893,0.3498296858172259,0.234957899918727,0.23846061274023558,0.6161932265382598,0.33425234868059395,0.27647477043067387,-0.389396326588955,58.3
2.200374647650189,-0.5385836747493711,-0.2564865308231796,0.12559904543917821,0.5348963688946821,0.5354100783741491,-0.3252071002831591,-0.8348210790589446,-0.8690492532402484,1.3876603677826098,77.7
2.200374647650189,-0.7979422032747482,-0.23967275719562342,0.6548037336165246,0.6205930743163834,0.5354100783741491,-0.3252071002831591,-0.9921963481777287,-0.9791957939778371,1.169425335140488,88.0
-0.45446806118581407,1.2201913468133423,-0.23967275719562342,-0.1457531418566343,-1.6503696193587045,-1.5856575332966616,1.7979510836119557,0.6265207056154786,0.5628557763484043,0.07825017192987786,59.7
-0.45446806118581407,2.322465093046195,-0.12197634180272997,-2.1280844525520752,-2.5501850262865697,-2.5189272824318185,0.6762826091013291,0.806378156036946,0.7831488578235817,-1.5429243562687431,49.9
-0.45446806118581407,-1.211294858112068,-0.12197634180272997,0.5023167097168753,0.4063513107621299,0.40814602167390046,-0.3252071002831591,-0.54255272212406,-0.6046975554700355,-0.13998486071224447,72.4
-0.45446806118581407,0.19086218672825192,1.2735668692844353,-0.6413359695304945,-0.2363739799006309,-0.270595614060759,-0.3252071002831591,1.3684326886040319,1.3559108696590427,-0.45174919305813305,66.5
-0.45446806118581407,-1.1464552259807237,10.672466327088355,-1.8993539167026012,-0.5791608015874367,-3.1976689181664777,-0.28514751190777954,4.965581697033381,5.056834638442021,-0.5764549259964886,65.5
-0.45446806118581407,-0.9681462376195269,0.11341648898305692,-1.518136356953478,-2.2073982045997638,-2.603769986898651,0.6963124032890189,-0.7224101725455274,-0.7368734043551419,-2.010570854787576,48.5
-0.45446806118581407,-1.1950849500792318,-0.24807964400940152,0.7691690015412614,0.6634414270272342,0.23846061274023558,-0.3252071002831591,-0.34021309039990916,-0.36237516584734053,0.35883807104117715,77.3
-0.45446806118581407,-0.3359598243389203,-0.1892314363129548,0.1592209059426643,0.020716136364473427,-3.155247565933062,-0.3252071002831591,0.33425234868059395,0.2985040785781915,-0.20233772718142198,73.7
-0.45446806118581407,-1.1302453179478875,0.11341648898305692,-0.7938229934301438,0.1921095472078763,0.0687752038065707,-0.24508792353240003,1.8180763146577004,1.818526340756915,-0.919395691576966,65.9
-0.45446806118581407,-1.0654056858165433,-0.004279926409836519,-0.8319447494050561,-1.0076443286959438,-3.240090270399894,0.11544837184601568,0.8288603373396294,0.8051781659710994,-1.293512890392032,56.8
-0.45446806118581407,-0.6439480769628055,-0.2564865308231796,0.7310472455663491,0.5777447216055328,0.5778314306075653,-0.3252071002831591,-0.025462552162341095,-0.09802346807712765,0.04707373869528856,76.4
-0.45446806118581407,-0.23870037614190387,-0.05472124729250514,0.7691690015412614,0.7062897797380849,0.7050954873078139,-0.3252071002831591,0.604038524312795,0.6289437007909575,0.015897305460699812,72.7
-0.45446806118581407,-0.5628985367986252,-0.24807964400940152,0.5023167097168753,0.4920480161838313,0.49298872614073286,-0.3252071002831591,0.06446617304839272,-0.009906235487056637,0.1094266051644666,75.1
2.200374647650189,-0.7736273412254941,-0.24807964400940152,0.6166819776416121,0.4063513107621299,0.40814602167390046,-0.3252071002831591,-0.9472319855723618,-0.9571664858303194,2.6970705636353416,86.0
-0.45446806118581407,-0.271120192207576,-0.1976383231267329,0.3498296858172259,0.10641284178617486,0.23846061274023558,-0.3252071002831591,-0.8123388977562612,-0.8249906369452128,0.35883807104117715,75.3
-0.45446806118581407,1.3012408869775225,0.3404024329550657,-0.03138787393189733,-0.02213221634637729,-0.18575290959392657,0.45595487303674176,0.1768770795618099,0.1663282296930852,-0.6388077924656661,67.0
2.200374647650189,0.10981264656407158,-0.22285898356806721,0.7691690015412614,0.6634414270272342,0.6626741350743978,-0.3252071002831591,-0.2727665464918588,-0.18614070066719868,-0.015279127773888937,77.0
2.200374647650189,-0.2468053301583219,-0.2564865308231796,0.12559904543917821,0.7062897797380849,0.7050954873078139,-0.3252071002831591,-0.744892353848211,-0.7368734043551419,1.1070724686713098,75.8
-0.45446806118581407,0.06118292246556338,2.870875363902275,0.12109914996775197,-0.02213221634637729,-0.01606750066026172,-0.3252071002831591,-0.6099992660321103,-0.49455101473244684,-1.4182186233303875,65.1
-0.45446806118581407,0.7825238299267684,1.1054291330088732,-0.6413359695304945,-0.5791608015874367,-0.9069158975620022,-0.00473039328012287,1.3684326886040319,-0.7148440962076241,-1.2311600239228546,61.8
2.200374647650189,-0.7249976171269858,-0.24807964400940152,0.5785602216666998,0.3635029580512792,0.40814602167390046,-0.3252071002831591,-0.9472319855723618,-0.9351371776828016,2.634717697166164,79.9
2.200374647650189,-1.1950849500792318,-0.2564865308231796,0.7691690015412614,0.7062897797380849,0.7050954873078139,-0.3252071002831591,-0.6549636286374771,-0.6267268636175533,0.9801611372058415,76.8
-0.45446806118581407,-0.4089044104866826,-0.08834879454761756,0.6548037336165246,0.6205930743163834,0.6202527828409815,-0.3252071002831591,-0.0029803708596575404,-0.05396485178209214,0.5458966704487107,74.5
-0.45446806118581407,-0.07660129581354319,-0.2564865308231796,0.3498296858172259,0.10641284178617486,0.0687752038065707,-0.3252071002831591,-1.0821250733884624,-1.067313026567908,0.45236737074494393,71.9
-0.45446806118581407,-0.3035400082732481,-0.021093700037392724,0.6929254895914368,0.6205930743163834,0.6202527828409815,-0.3252071002831591,2.0878624902899015,2.1049073466746457,0.1717794716336441,76.0
-0.45446806118581407,-0.40079945647026455,-0.24807964400940152,0.7310472455663491,0.7062897797380849,0.6626741350743978,-0.3252071002831591,-0.29524872779454225,-0.34034585769982273,0.07825017192987786,76.7
2.200374647650189,-0.1009161578627973,-0.24807964400940152,0.6548037336165246,0.4920480161838313,0.49298872614073286,-0.3252071002831591,-0.6549636286374771,-0.6267268636175533,0.5458966704487107,73.2
-0.45446806118581407,0.9770427263208012,-0.046314360478727036,-0.1457531418566343,-0.36491903803318304,-0.4402810229944239,0.07538878347063621,0.8963068812476798,0.8492367822661351,-1.2311600239228546,56.1
-0.45446806118581407,1.4876548293551373,0.3067748856999533,-0.5650924575806698,-0.6220091542982873,-0.7796518408617537,0.05535898928294643,0.806378156036946,0.7390902415285464,-0.20233772718142198,51.7
-0.45446806118581407,0.1827572327118339,-0.1724176626853986,-0.22199665380645894,-0.7505542124308395,-0.39785967076100764,-0.26511771772008974,-0.8348210790589446,-0.8249906369452128,-0.4205727598235443,71.7
-0.45446806118581407,-0.6196332149135515,-0.23126587038184532,-1.2131623091541794,0.6634414270272342,0.6626741350743978,-0.3252071002831591,-0.9697141668750453,-0.9571664858303194,1.2629546348442546,89.0
-0.45446806118581407,0.23949191082676013,-0.23967275719562342,0.7310472455663491,0.6634414270272342,0.6626741350743978,-0.28514751190777954,-0.6999279912428441,-0.7148440962076241,0.4211909375103552,71.7
-0.45446806118581407,-0.23059542212548584,-0.24807964400940152,0.5404384656917876,0.14926119449702557,0.45056737390731666,-0.22505812934471028,-0.6999279912428441,-0.7148440962076241,0.23413233810282216,75.6
-0.45446806118581407,0.4826405313193011,14.875909733977407,-2.7761543041255847,-1.0933410341176453,-1.034179954262251,-0.28514751190777954,5.122956966152165,5.211039795474647,-1.1688071574536765,62.5
-0.45446806118581407,0.8959931861566208,0.3404024329550657,-0.41260543368102054,-0.6220091542982873,-0.6099664319280887,-0.3252071002831591,2.987149742397239,2.9199917481328015,-0.7946899586386104,59.2
-0.45446806118581407,0.07739283049839944,-0.2564865308231796,0.38795144179213825,0.234957899918727,0.11119655603998693,-0.3252071002831591,-1.059642892085779,-1.0452837184203903,-0.26469059365060005,68.4
2.200374647650189,-0.74931247917624,-0.2564865308231796,0.12559904543917821,0.5348963688946821,0.45056737390731666,-0.3252071002831591,-0.9697141668750453,-0.9791957939778371,0.9200138692637768,85.0
-0.45446806118581407,0.004448244350637142,-0.2144520967542891,0.5404384656917876,0.4920480161838313,0.49298872614073286,-0.10487936421857169,-0.5200705408213766,-0.5386096310274824,-0.5141020595273106,72.2
-0.45446806118581407,1.6092291396014078,1.660283662718228,-0.06950962990680964,-1.1790377395393468,-1.9250283511639914,0.5360740497875008,1.5033257764201324,1.4440281022491137,-2.135276587725931,54.0
-0.45446806118581407,0.8716783241073668,1.744352530856009,-0.18387489783154662,-0.36491903803318304,-0.35543831852759145,-0.10487936421857169,1.1211286942745142,1.0254712474462768,-0.8851385831215677,58.8
2.200374647650189,-0.7817322952419121,-0.24807964400940152,-2.928641328025234,0.6205930743163834,0.6202527828409815,-0.3252071002831591,-0.8797854416643115,-0.8690492532402484,1.418836801017199,82.0
-0.45446806118581407,1.390395381158121,0.18067158349328175,-1.403771089028741,-1.436127855804451,-1.5856575332966616,-0.18499854096933072,0.4691454364966945,0.4086506193157802,-0.8851385831215677,52.4
-0.45446806118581407,-1.20318990409565,-0.07153502092006135,0.7691690015412614,0.7062897797380849,0.7050954873078139,-0.3252071002831591,0.6490028869181619,0.673002317085993,0.2653087713374109,74.1
-0.45446806118581407,0.8716783241073668,-0.24807964400940152,0.1592209059426643,-3.235758669660181,-3.1976689181664777,-0.3252071002831591,0.6490028869181619,0.6289437007909575,-1.106454290984499,59.5
-0.45446806118581407,1.625439047634244,0.39925064065151245,-0.06950962990680964,-0.06498056905722802,-0.2281742618273428,0.15550796022139524,0.9412712438530465,0.8932953985611704,-0.9505721248115547,49.6
-0.45446806118581407,-1.1545601799971417,-0.2564865308231796,0.7691690015412614,0.4920480161838313,0.45056737390731666,-0.3252071002831591,-0.16035563997844163,-0.23019931696223409,0.39001450427576645,67.9
-0.45446806118581407,0.7825238299267684,-0.13038322861650806,0.7310472455663491,0.6634414270272342,0.6626741350743978,-0.28514751190777954,-0.587517084729427,-0.5386096310274824,0.6082495369178882,68.2
-0.45446806118581407,-0.37648459442101045,-0.24807964400940152,-2.69991079217576,-0.06498056905722802,-3.155247565933062,-0.3252071002831591,-0.6774458099401607,-0.6707854799125887,0.2653087713374109,77.5
-0.45446806118581407,-1.0167759617180352,1.3071944165395477,-1.2131623091541794,-0.9219476232742424,-3.28251162263331,0.2155973427844645,1.4358792325120824,1.3338815615115251,-1.5429243562687431,58.5
-0.45446806118581407,-1.1788750420463958,8.991088964332734,-0.22199665380645894,-0.15067727447892945,-0.01606750066026172,-0.30517730609546934,4.943099515730697,4.990746713999469,-0.23351416041601072,67.3
-0.45446806118581407,0.02065815238347321,0.012533847217719689,-0.4888489456308452,-0.49346409616573517,-0.5675450796946725,-0.3252071002831591,0.10943053565375963,0.03415238080797867,-0.5452784927618993,69.3
2.200374647650189,-0.7006827550777318,-0.2564865308231796,0.7310472455663491,0.6634414270272342,0.6626741350743978,-0.3252071002831591,-0.9472319855723618,-0.9791957939778371,1.4811896674863765,89.0
-0.45446806118581407,-0.6763678930284777,-0.24807964400940152,0.4641949537419629,0.4063513107621299,0.40814602167390046,-0.3252071002831591,-0.9247498042696785,-0.9131078695352839,0.7953081363254213,79.0
-0.45446806118581407,-1.0654056858165433,-0.06312813410628325,0.6548037336165246,0.4920480161838313,0.5778314306075653,0.03532919509525665,0.6265207056154786,0.6069143926434399,-0.857042825107788,56.8
-0.45446806118581407,-0.6196332149135515,-0.2564865308231796,0.7691690015412614,0.7062897797380849,0.7050954873078139,-0.3252071002831591,-0.7898567164535778,-0.7589027125026597,0.39001450427576645,76.6
-0.45446806118581407,0.9608328182879652,1.7527594176697872,-2.7761543041255847,-0.2792223326114816,-3.240090270399894,-0.024760187467812608,-0.7898567164535778,-0.8249906369452128,-0.8851385831215677,57.4
-0.45446806118581407,-0.3683796404045924,-0.07994190773383945,0.6166819776416121,0.5348963688946821,0.5354100783741491,-0.3252071002831591,0.2218414421671768,0.18835753784060286,0.48354380397953267,74.7
-0.45446806118581407,1.2850309789446865,0.4665057351617373,0.4641949537419629,0.3635029580512792,0.3657246694404842,0.07538878347063621,0.4241810738913276,0.38662131116826254,-0.8851385831215677,59.7
-0.45446806118581407,-0.6196332149135515,-0.23967275719562342,0.6166819776416121,0.5348963688946821,0.5354100783741491,-0.3252071002831591,-0.9022676229669949,-0.891078561387766,0.9823667357329543,79.6
-0.45446806118581407,-0.25491028417473993,-0.24807964400940152,-0.9463100173297931,0.4491996634729806,0.23846061274023558,-0.3252071002831591,-0.5200705408213766,-0.4725217065849292,0.23413233810282216,73.2
-0.45446806118581407,-1.0978255018822154,-0.1640107758716205,-0.7557012374552314,-0.2792223326114816,-0.8220731930951698,-0.08484957003088191,-0.7898567164535778,-0.8029613287976952,-0.9817485580461435,61.4
-0.45446806118581407,0.45832566927004703,0.3151817725137314,-1.403771089028741,-0.2363739799006309,-0.14333155736051037,-0.3252071002831591,-0.8797854416643115,1.0475005555937944,-0.20233772718142198,66.8
-0.45446806118581407,-0.5953183528642974,1.5509941341391127,0.7691690015412614,0.7062897797380849,0.7050954873078139,-0.3252071002831591,-0.18283782128112516,-0.318316549552305,0.23413233810282216,75.2
-0.45446806118581407,-1.1464552259807237,0.10500960216927882,0.12109914996775197,-0.40776739074403373,-0.4402810229944239,-0.3252071002831591,3.0096319236999225,3.0962262133129435,-0.9505721248115547,63.2
-0.45446806118581407,0.028763106399891245,-0.1640107758716205,-2.814276060100497,0.14926119449702557,-0.2281742618273428,-0.3252071002831591,-0.6999279912428441,-0.7148440962076241,-0.45174919305813305,72.5
-0.45446806118581407,0.19086218672825192,-0.2564865308231796,0.6166819776416121,0.5348963688946821,0.5354100783741491,-0.24508792353240003,-0.3177309090972257,-0.34034585769982273,0.1094266051644666,69.4
-0.45446806118581407,1.3985003351745389,-0.23126587038184532,-2.928641328025234,-3.407152080503584,-2.4765059301984023,1.2972062289197117,0.8513425186423127,0.8272074741186171,-0.8882192583423772,56.7
-0.45446806118581407,-0.992461099668781,-0.14719700224406426,-0.5650924575806698,-1.436127855804451,-2.009871055630824,0.2957165195352236,0.8513425186423127,0.8272074741186171,-0.5452784927618993,50.0
-0.45446806118581407,0.06118292246556338,-0.2564865308231796,0.6929254895914368,0.6205930743163834,0.6202527828409815,-0.3252071002831591,-0.54255272212406,-0.5386096310274824,0.1717794716336441,74.8
-0.45446806118581407,2.160366012717834,-0.23126587038184532,0.12109914996775197,-0.36491903803318304,0.15361790827340313,3.5004835895655857,1.7281475894469667,1.6863504918718089,-0.20233772718142198,57.0
-0.45446806118581407,-0.5547935827822071,-0.24807964400940152,0.6548037336165246,0.6634414270272342,0.7050954873078139,-0.3252071002831591,-0.34021309039990916,-0.38440447399485816,1.1382489019058986,78.7
-0.45446806118581407,-0.3845895484374285,-0.24807964400940152,0.6166819776416121,0.5348963688946821,0.5354100783741491,-0.3252071002831591,-0.744892353848211,-0.7368734043551419,0.9823667357329543,76.2
-0.45446806118581407,0.5150603473849733,-0.1724176626853986,-0.6794577255054068,-3.2786070223710317,-0.9069158975620022,-0.30517730609546934,1.0536821503664637,1.0475005555937944,-0.8882192583423772,62.6
-0.45446806118581407,0.7663139218939323,-0.23967275719562342,-0.1457531418566343,-0.3220706853223323,-0.31301696629417525,-0.3252071002831591,0.5365919804047448,0.4967678519058512,-0.6388077924656661,66.0
-0.45446806118581407,0.9040981401730389,0.18907847030705985,-0.2982401657562836,-1.0933410341176453,-1.0766013064956672,-0.06481977584319217,1.4583614138147656,1.3999694859540786,-2.571746653010175,55.2
-0.45446806118581407,0.15033741664616176,2.80362026939205,-0.5269707016057575,-0.7505542124308395,-0.7372304886283374,-0.3252071002831591,3.7065795440831084,3.7130468414434405,-2.010570854787576,63.7
-0.45446806118581407,-0.6115282608971334,-0.1892314363129548,0.7310472455663491,0.6634414270272342,0.6626741350743978,-0.3252071002831591,0.604038524312795,0.5628557763484043,0.9823667357329543,74.3
2.200374647650189,-0.7168926631105679,-0.2564865308231796,0.1592209059426643,0.020716136364473427,0.026353851573154497,-0.3252071002831591,-0.7224101725455274,-0.6707854799125887,0.9511903024983656,84.0
-0.45446806118581407,2.9303366442775474,0.020940734031497793,0.08297739399283964,0.020716136364473427,-0.05848885289367794,2.8395003813718236,0.4691454364966945,0.43067992746329803,-0.35821989335436627,58.0
-0.45446806118581407,2.119841242635744,0.029347620845275896,0.6929254895914368,-3.1500619642384797,-3.1128262136996456,1.357295611482781,0.604038524312795,0.6069143926434399,-1.6988065224416875,48.3
-0.45446806118581407,-0.0522864337642891,-0.2564865308231796,0.7691690015412614,0.7062897797380849,0.7050954873078139,-0.3252071002831591,-0.2502843651891754,-0.25222862510975186,1.1070724686713098,72.4
-0.45446806118581407,1.649753909683498,-0.004279926409836519,0.5785602216666998,0.4491996634729806,0.49298872614073286,1.4774743766089196,0.4016988925886442,0.3645920030207447,-0.13998486071224447,57.4
-0.45446806118581407,-0.14144092794488747,0.9541051703608673,0.6548037336165246,0.5777447216055328,0.5778314306075653,-0.3252071002831591,3.2344537367267567,3.294489986640603,-1.0752778577499102,69.1
-0.45446806118581407,0.19896714074466995,1.1979048879604324,-0.5650924575806698,-3.1929103169493303,-0.4827023752278401,-0.3252071002831591,-0.6774458099401607,1.3338815615115251,-0.389396326588955,66.9
-0.45446806118581407,0.19896714074466995,-0.1640107758716205,0.23546441789248895,0.06356448907532414,0.11119655603998693,-0.26511771772008974,-0.8348210790589446,-0.8249906369452128,-0.4205727598235443,71.4
2.200374647650189,-0.6196332149135515,-0.2564865308231796,0.12559904543917821,0.234957899918727,0.23846061274023558,-0.3252071002831591,-0.8573032603616281,-0.891078561387766,1.4811896674863765,78.8
-0.45446806118581407,-0.5385836747493711,-0.24807964400940152,0.38795144179213825,-3.1929103169493303,0.23846061274023558,-0.3252071002831591,-0.5650349034267435,-0.5826682473225179,-0.13998486071224447,77.6
-0.45446806118581407,-0.6277381689299695,-0.2564865308231796,0.7310472455663491,0.6634414270272342,0.6626741350743978,-0.3252071002831591,0.28928798607522704,0.2103868459881207,0.45236737074494393,74.9
-0.45446806118581407,0.5961098875491536,-0.13879011543028616,-0.06950962990680964,-0.49346409616573517,-0.4827023752278401,-0.3252071002831591,-0.7673745351508944,-0.7809320206501774,0.5147202372141214,63.3
-0.45446806118581407,2.906021782228293,0.685084792319968,-1.8993539167026012,-1.0933410341176453,-1.0766013064956672,1.6577425242981274,0.4241810738913276,0.4086506193157802,-0.32704346011977753,48.8
-0.45446806118581407,0.8230486000088586,-0.11356945498895187,-2.7761543041255847,-0.8790992705633917,-0.8220731930951698,0.1955675485967748,-0.16035563997844163,-0.16411139251968082,-1.1376307242190877,61.8
2.200374647650189,-0.6682629390120597,-0.22285898356806721,0.12559904543917821,0.3635029580512792,0.3657246694404842,-0.3252071002831591,-0.9472319855723618,-0.9791957939778371,0.9801611372058415,79.0
-0.45446806118581407,-0.3359598243389203,-0.24807964400940152,0.6548037336165246,0.5777447216055328,0.5778314306075653,-0.3252071002831591,-0.744892353848211,-0.7368734043551419,1.075896035436721,75.7
-0.45446806118581407,-1.211294858112068,-0.22285898356806721,0.6929254895914368,0.6205930743163834,0.6202527828409815,-0.26511771772008974,-0.6099992660321103,-0.6267268636175533,-0.13998486071224447,74.3
-0.45446806118581407,1.5200746454208094,0.13023026261061313,-1.403771089028741,-2.1217014991780623,-2.0947137600976564,-0.18499854096933072,0.6714850682208454,0.6069143926434399,-0.8851385831215677,57.0
2.200374647650189,-1.2761344902434122,-0.23126587038184532,0.1618176052626944,0.6205930743163834,0.6202527828409815,-0.3252071002831591,-0.7224101725455274,-0.7809320206501774,0.8576610027945993,81.9
-0.45446806118581407,-1.2680295362269942,-0.2564865308231796,0.7310472455663491,0.6634414270272342,0.6626741350743978,-0.3252071002831591,-0.8348210790589446,-0.8029613287976952,0.6706024033870658,77.5
-0.45446806118581407,-0.8141521113075842,0.07138205491416641,0.08297739399283964,0.10641284178617486,0.026353851573154497,3.3001856476886884,0.5365919804047448,0.4967678519058512,-0.5764549259964886,46.4
-0.45446806118581407,-1.24371467417774,3.5854607430734133,-0.5269707016057575,0.14926119449702557,0.15361790827340313,-0.3252071002831591,0.1768770795618099,0.01212307266046102,-0.7635135254040216,72.2
2.200374647650189,-0.4089044104866826,-0.2564865308231796,0.7691690015412614,0.5777447216055328,0.6202527828409815,-0.3252071002831591,-0.6324814473347937,-0.6267268636175533,0.9801611372058415,75.9
-0.45446806118581407,0.19086218672825192,-0.2564865308231796,0.38795144179213825,0.27780625262957775,0.40814602167390046,-0.22505812934471028,0.28928798607522704,0.3645920030207447,0.07825017192987786,69.6
-0.45446806118581407,-0.35216973237175636,-0.046314360478727036,0.5023167097168753,0.5777447216055328,0.5778314306075653,-0.3252071002831591,0.019501810443025812,-0.03193554363457449,0.14060303839905536,73.5
-0.45446806118581407,-0.741207525159822,-0.2564865308231796,0.6929254895914368,0.6205930743163834,0.5778314306075653,-0.3252071002831591,2.0428981276845346,2.016790114084575,-0.13998486071224447,76.7
-0.45446806118581407,-0.74931247917624,-0.2564865308231796,0.6548037336165246,0.7062897797380849,0.7050954873078139,-0.3252071002831591,-0.9247498042696785,-0.9351371776828016,1.6058954004247314,81.0
-0.45446806118581407,-0.0036567096657808915,-0.1724176626853986,0.5785602216666998,0.5777447216055328,0.49298872614073286,-0.30517730609546934,-0.29524872779454225,-0.2742579332572695,-0.2958670268851888,68.8
-0.45446806118581407,0.7825238299267684,-0.2144520967542891,0.5785602216666998,0.4920480161838313,0.49298872614073286,-0.26511771772008974,0.806378156036946,0.7390902415285464,-2.197629454195109,64.4
-0.45446806118581407,0.669054473696916,-0.24807964400940152,-2.7380325481506724,0.7062897797380849,0.7050954873078139,-0.3252071002831591,-0.4975883595186931,-0.4725217065849292,0.3276616378065884,68.0
-0.45446806118581407,-1.227504766144904,-0.1808245494991767,0.6166819776416121,0.5348963688946821,0.5354100783741491,-0.3252071002831591,0.5141097991020613,0.5187971600533688,0.04707373869528856,73.0
-0.45446806118581407,-0.40079945647026455,-0.24807964400940152,0.7691690015412614,0.6634414270272342,0.6626741350743978,-0.3252071002831591,0.4691454364966945,0.4086506193157802,-0.13998486071224447,74.7
-0.45446806118581407,0.685264381729752,0.10500960216927882,-1.5562581129283903,-0.9219476232742424,-0.9069158975620022,-0.3252071002831591,2.0428981276845346,1.9727314977895396,-1.1999835906882659,61.9
-0.45446806118581407,-0.9195165135210187,-0.23126587038184532,0.5023167097168753,0.234957899918727,0.19603926050681936,7.806889339918886,0.3567345299832773,0.38662131116826254,-0.48292562629272184,50.0
-0.45446806118581407,-1.1464552259807237,-0.07153502092006135,0.5785602216666998,0.4491996634729806,0.49298872614073286,-0.2050283351570205,1.3684326886040319,-0.6707854799125887,-1.6364536559725096,62.1
-0.45446806118581407,-0.01986661769861696,-0.09675568136139566,0.5023167097168753,0.4063513107621299,0.40814602167390046,-0.3252071002831591,2.515023935040887,2.5454935096250004,0.07825017192987786,69.3
-0.45446806118581407,0.5474801634506454,-0.24807964400940152,0.5785602216666998,0.4920480161838313,0.49298872614073286,0.03532919509525665,0.1768770795618099,0.12226961339804969,-0.26469059365060005,65.7
-0.45446806118581407,-0.8141521113075842,-0.23967275719562342,-0.9081882613548807,0.3635029580512792,0.3657246694404842,-0.3252071002831591,-0.9697141668750453,-0.9791957939778371,1.3253075013134321,82.2
-0.45446806118581407,1.0661972205013996,0.08819582854172262,0.19734266191757663,0.10641284178617486,0.0687752038065707,0.27568672534753386,0.7164494308262122,0.6950316252335107,-1.2311600239228546,58.9
-0.45446806118581407,2.614243437637244,0.012533847217719689,-2.69991079217576,-0.2363739799006309,-3.155247565933062,2.378815115054959,0.4466632551940111,0.4086506193157802,-0.2958670268851888,52.6
2.200374647650189,-0.8546768813896745,-0.2564865308231796,0.6548037336165246,0.7062897797380849,0.7050954873078139,-0.3252071002831591,-0.9022676229669949,-0.8690492532402484,0.7953081363254213,79.5
-0.45446806118581407,0.24759686484317817,-0.22285898356806721,-2.1662062085269875,-1.3504311503827495,-2.5189272824318185,-0.30517730609546934,-0.587517084729427,-0.5606389391750001,1.0135431689675436,71.3
-0.45446806118581407,-0.31974991630608424,-0.24807964400940152,0.4641949537419629,0.3635029580512792,0.3657246694404842,-0.24508792353240003,-0.6999279912428441,-0.7148440962076241,0.23413233810282216,76.2
-0.45446806118581407,-1.211294858112068,0.037754507659054,0.7691690015412614,0.7062897797380849,0.7050954873078139,-0.3252071002831591,0.6490028869181619,0.6509730089384754,-0.13998486071224447,73.0
-0.45446806118581407,-0.25491028417473993,-0.23967275719562342,0.7310472455663491,0.6634414270272342,0.6626741350743978,-0.3252071002831591,0.15439489825912633,0.10024030525053204,0.5147202372141214,72.9
-0.45446806118581407,-1.227504766144904,-0.23126587038184532,0.7310472455663491,0.6634414270272342,0.6626741350743978,-0.3252071002831591,0.33425234868059395,0.2985040785781915,0.82648456956001,74.9
-0.45446806118581407,-1.0573007318001253,0.2479266780035066,-0.22199665380645894,-1.136189386828496,-1.4159721243629968,0.13547816603370547,-0.6999279912428441,-0.7148440962076241,-2.3223351871334645,55.0
-0.45446806118581407,-0.0522864337642891,-0.1808245494991767,-0.03138787393189733,-0.36491903803318304,-0.18575290959392657,-0.3252071002831591,-0.744892353848211,-0.7589027125026597,0.6082495369178882,73.7
-0.45446806118581407,-1.1059304558986336,-0.2564865308231796,0.27358617386740125,0.06356448907532414,0.15361790827340313,-0.3252071002831591,-1.0821250733884624,-1.067313026567908,-0.04645556100847768,65.2
-0.45446806118581407,-0.37648459442101045,-0.2564865308231796,0.6166819776416121,0.5348963688946821,0.5354100783741491,-0.3252071002831591,-0.7673745351508944,-0.7589027125026597,1.075896035436721,76.5
-0.45446806118581407,0.46643062328646506,-0.24807964400940152,0.7691690015412614,0.7062897797380849,0.7050954873078139,-0.3252071002831591,-0.6099992660321103,-0.5826682473225179,0.8576610027945993,68.8
-0.45446806118581407,0.02065815238347321,-0.2564865308231796,0.5404384656917876,0.5348963688946821,0.5354100783741491,-0.3252071002831591,-0.54255272212406,-0.5386096310274824,0.14060303839905536,74.4
-0.45446806118581407,0.5961098875491536,0.07978894172794451,0.12109914996775197,-0.4506157434548845,-0.4402810229944239,-0.3252071002831591,2.987149742397239,3.0521675970179083,-1.0752778577499102,63.1
-0.45446806118581407,-1.0248809157344532,0.08819582854172262,-2.69991079217576,-3.1929103169493303,-3.155247565933062,0.3357761079106031,0.8288603373396294,0.7831488578235817,-1.293512890392032,57.9
-0.45446806118581407,-0.06039138778070713,-0.1808245494991767,0.3117079298423136,0.1921095472078763,0.19603926050681936,-0.3252071002831591,-0.744892353848211,-0.7589027125026597,0.7017788366216551,74.1
-0.45446806118581407,-0.5791084448314613,-0.23126587038184532,-1.6706233808531272,0.6634414270272342,0.6626741350743978,-0.3252071002831591,-0.9697141668750453,-0.9571664858303194,1.075896035436721,81.0
2.200374647650189,-1.24371467417774,-0.24807964400940152,-0.7938229934301438,0.5777447216055328,0.5778314306075653,-0.3252071002831591,-0.9247498042696785,-0.9571664858303194,1.075896035436721,76.6
-0.45446806118581407,0.44211576123721097,0.23951979118972846,0.23546441789248895,0.14926119449702557,0.19603926050681936,-0.3252071002831591,-0.8797854416643115,1.0475005555937944,-0.10880842747765573,68.0
-0.45446806118581407,1.3985003351745389,0.17226469667950364,-1.403771089028741,-2.4216399681540173,-2.3916632257315698,-0.16496874678164097,0.5590741617074283,0.4967678519058512,-0.8851385831215677,51.5
-0.45446806118581407,-0.2224904681090678,-0.24807964400940152,0.5404384656917876,0.4920480161838313,0.45056737390731666,-0.3252071002831591,-0.6549636286374771,-0.6267268636175533,-0.04645556100847768,73.3
-0.45446806118581407,0.928413002222293,0.4580988483479592,0.7310472455663491,0.5777447216055328,0.6626741350743978,-0.06481977584319217,0.4016988925886442,0.34256269487322705,-0.8851385831215677,61.8
-0.45446806118581407,-1.1626651340135596,-0.2564865308231796,0.6548037336165246,0.5348963688946821,0.5778314306075653,-0.04478998165550239,-0.29524872779454225,-0.29628724140478724,0.04707373869528856,68.4
-0.45446806118581407,-0.2468053301583219,-0.24807964400940152,0.5404384656917876,0.5777447216055328,0.49298872614073286,-0.3252071002831591,-0.6549636286374771,-0.6267268636175533,-0.389396326588955,72.7
2.200374647650189,-0.74931247917624,-0.2564865308231796,0.6166819776416121,0.5777447216055328,0.7050954873078139,-0.3252071002831591,-0.9022676229669949,-0.891078561387766,0.5770731036832994,88.0
2.200374647650189,-0.8060471572911663,-0.2564865308231796,0.5785602216666998,0.7062897797380849,0.7050954873078139,-0.3252071002831591,-0.8797854416643115,-0.891078561387766,0.5770731036832994,81.7
-0.45446806118581407,-0.9600412836031089,0.2647404516310628,-0.03138787393189733,-0.19352562718978017,-0.18575290959392657,0.6762826091013291,-0.29524872779454225,-0.318316549552305,-0.919395691576966,55.3
-0.45446806118581407,-0.9438313755702729,-0.1808245494991767,-2.7380325481506724,-0.664857507009138,-0.652387784161505,0.9166401393536062,0.9187890625503632,0.8051781659710994,-0.8882192583423772,54.1
-0.45446806118581407,-0.5385836747493711,-0.24807964400940152,0.6548037336165246,0.7062897797380849,0.5778314306075653,-0.3252071002831591,-0.34021309039990916,-0.38440447399485816,1.7306011333630875,78.0
-0.45446806118581407,0.10981264656407158,-0.06312813410628325,0.12109914996775197,0.020716136364473427,-0.01606750066026172,-0.30517730609546934,2.6499170228569873,2.6996986666576244,-0.2958670268851888,68.0
-0.45446806118581407,-0.23870037614190387,-0.24807964400940152,-0.5269707016057575,0.6634414270272342,0.6626741350743978,-0.3252071002831591,-0.54255272212406,-0.5165803228799646,0.35883807104117715,73.0
-0.45446806118581407,-1.0573007318001253,0.18067158349328175,-1.403771089028741,-3.3643037277927332,-3.3249329748667265,-0.16496874678164097,0.5365919804047448,0.47473854375833335,-0.8851385831215677,51.5
-0.45446806118581407,1.5930192315685718,-0.05472124729250514,0.5023167097168753,0.234957899918727,0.40814602167390046,0.41589528466136216,0.7164494308262122,0.7170609333810284,-1.9170415550838091,54.1
-0.45446806118581407,-0.20628056007623174,-0.021093700037392724,0.6166819776416121,0.6634414270272342,0.7050954873078139,-0.3252071002831591,0.5590741617074283,0.6069143926434399,-0.07763199424306644,71.8
-0.45446806118581407,0.11791760058048961,-0.2564865308231796,0.27358617386740125,0.14926119449702557,0.15361790827340313,-0.26511771772008974,-0.3177309090972257,-0.318316549552305,0.20295590486823284,71.2
-0.45446806118581407,1.0905120825506536,-0.23126587038184532,0.1592209059426643,0.020716136364473427,0.026353851573154497,0.8966103451659165,-0.7898567164535778,-0.7809320206501774,-0.20233772718142198,63.0
-0.45446806118581407,-1.1545601799971417,-0.2564865308231796,-0.1457531418566343,0.6205930743163834,0.6202527828409815,-0.10487936421857169,0.4466632551940111,0.4086506193157802,-0.5764549259964886,64.7
-0.45446806118581407,1.3255557490267766,-0.012686813223614622,0.006733882043014999,-0.36491903803318304,-0.14333155736051037,0.6161932265382598,0.33425234868059395,0.27647477043067387,0.14060303839905536,63.0
-0.45446806118581407,0.8797832781237848,-0.06312813410628325,0.3498296858172259,-1.2218860922501973,-1.2038653631959157,0.07538878347063621,1.5033257764201324,1.5101160266916671,-1.1999835906882659,59.3
2.200374647650189,-0.9114115595046007,-0.2564865308231796,0.12559904543917821,0.5777447216055328,0.5778314306075653,-0.3252071002831591,-1.0146785294804122,-1.0232544102728724,1.169425335140488,83.0
-0.45446806118581407,0.19086218672825192,-0.22285898356806721,0.6548037336165246,0.4920480161838313,0.5778314306075653,-0.30517730609546934,-0.38517745300527595,-0.36237516584734053,0.015897305460699812,69.4
-0.45446806118581407,0.22328200279392404,-0.2564865308231796,0.6929254895914368,0.6205930743163834,0.6202527828409815,-0.30517730609546934,0.1768770795618099,0.12226961339804969,-0.32704346011977753,67.1
-0.45446806118581407,-1.24371467417774,-0.23126587038184532,-1.8993539167026012,0.6205930743163834,0.6202527828409815,-0.3252071002831591,-0.9472319855723618,-0.9571664858303194,1.075896035436721,79.2
-0.45446806118581407,-0.04418147974787106,-0.1808245494991767,0.12109914996775197,-0.02213221634637729,-0.01606750066026172,-0.3252071002831591,-0.744892353848211,-0.7589027125026597,0.6706024033870658,73.8
-0.45446806118581407,-0.5791084448314613,-0.24807964400940152,0.6929254895914368,0.7062897797380849,0.7050954873078139,-0.3252071002831591,-0.34021309039990916,-0.36237516584734053,0.6082495369178882,79.0
-0.45446806118581407,1.2850309789446865,-0.13879011543028616,0.1592209059426643,0.020716136364473427,0.026353851573154497,0.41589528466136216,0.5365919804047448,0.4967678519058512,-0.32704346011977753,57.4
-0.45446806118581407,2.2819403229641044,0.5757952637408527,-0.5650924575806698,-1.0076443286959438,-0.7796518408617537,1.3973551998581604,0.3567345299832773,0.34256269487322705,-0.35821989335436627,53.2
2.200374647650189,-1.2761344902434122,-0.2564865308231796,0.12559904543917821,0.4920480161838313,0.49298872614073286,-0.3252071002831591,-0.9247498042696785,-0.9351371776828016,1.6994247001284983,84.0
-0.45446806118581407,0.7257891518118421,-0.046314360478727036,-0.10763138588172197,-0.2363739799006309,-0.270595614060759,-0.06481977584319217,0.6490028869181619,0.584885084495922,-0.7946899586386104,58.7
-0.45446806118581407,-0.5304787207329531,-0.09675568136139566,0.7691690015412614,0.7062897797380849,0.7050954873078139,-0.3252071002831591,0.3117701673779104,0.27647477043067387,-0.13998486071224447,73.6
2.200374647650189,-1.1545601799971417,-0.2564865308231796,0.6166819776416121,0.3635029580512792,0.49298872614073286,-0.3252071002831591,-0.38517745300527595,-0.38440447399485816,1.169425335140488,71.6
-0.45446806118581407,1.382290427141703,0.18067158349328175,-1.403771089028741,-1.7789146774912568,-1.7129215899969104,-0.18499854096933072,0.49162761779937786,0.43067992746329803,-0.8851385831215677,52.2
2.200374647650189,-0.04418147974787106,-0.23967275719562342,0.6929254895914368,0.5348963688946821,0.5778314306075653,-0.3252071002831591,-0.40765963430795943,-0.318316549552305,0.82648456956001,73.1
-0.45446806118581407,-0.3035400082732481,-0.24807964400940152,0.7691690015412614,0.7062897797380849,0.7050954873078139,-0.3252071002831591,0.49162761779937786,0.4086506193157802,-0.26469059365060005,73.6
2.200374647650189,-1.2842394442598302,-0.2564865308231796,0.6548037336165246,0.7062897797380849,0.7050954873078139,-0.3252071002831591,-0.9022676229669949,-0.8690492532402484,0.639425970152477,79.3
-0.45446806118581407,0.7825238299267684,-0.23126587038184532,-0.26011840978137124,-1.9074597356238088,-1.2038653631959157,-0.3252071002831591,1.6157366829335496,1.57620395113422,-0.7011606589348436,62.0
-0.45446806118581407,1.4876548293551373,0.4749126219755154,0.5023167097168753,-3.1500619642384797,0.40814602167390046,0.13547816603370547,0.4466632551940111,0.4086506193157802,-0.8851385831215677,58.6
-0.45446806118581407,0.49074548533571916,-0.24807964400940152,0.7691690015412614,0.6634414270272342,0.6626741350743978,-0.3252071002831591,-0.38517745300527595,-0.34034585769982273,0.9801611372058415,68.0
-0.45446806118581407,2.2252056448491784,-0.12197634180272997,-1.2131623091541794,-1.5218245612261525,-1.5008148288298293,0.6762826091013291,0.8513425186423127,0.8051781659710994,-1.5429243562687431,53.0
-0.45446806118581407,1.0905120825506536,-0.1640107758716205,-0.2982401657562836,-0.664857507009138,-0.4402810229944239,-0.04478998165550239,-0.7898567164535778,-0.7809320206501774,-1.1999835906882659,68.0
2.200374647650189,-0.6601579849956416,-0.2564865308231796,0.38795144179213825,0.06356448907532414,-3.1128262136996456,-0.3252071002831591,-1.0371607107830956,-1.0232544102728724,1.6994247001284983,78.7
-0.45446806118581407,-0.01986661769861696,-0.206045209940511,-1.1369187972043546,-0.15067727447892945,-0.31301696629417525,-0.3252071002831591,-0.45262399691332633,-0.42846309028989366,-0.26469059365060005,68.4
2.200374647650189,-0.8222570653240023,-0.2564865308231796,0.27358617386740125,-0.40776739074403373,-0.39785967076100764,-0.3252071002831591,-0.9247498042696785,-0.9351371776828016,0.7329552698562438,82.0
-0.45446806118581407,1.3174507950103587,-0.10516256817517376,0.6929254895914368,0.6634414270272342,0.6626741350743978,-0.28514751190777954,-0.5650349034267435,-0.49455101473244684,0.5147202372141214,65.0
-0.45446806118581407,-0.5385836747493711,-0.24807964400940152,0.08297739399283964,-0.3220706853223323,-0.05848885289367794,-0.3252071002831591,-0.0029803708596575404,-0.009906235487056637,0.39001450427576645,74.9
-0.45446806118581407,-1.24371467417774,-0.22285898356806721,0.5785602216666998,0.6634414270272342,0.6626741350743978,-0.3252071002831591,0.3567345299832773,0.32053338672570936,0.3276616378065884,73.2
-0.45446806118581407,-0.271120192207576,-0.012686813223614622,0.6166819776416121,0.5777447216055328,0.5354100783741491,-0.3252071002831591,2.1328268528952687,2.2591125037072697,-0.015279127773888937,75.4
2.200374647650189,-0.3926945024538465,-0.2564865308231796,0.7310472455663491,0.5777447216055328,0.6626741350743978,-0.3252071002831591,-0.6324814473347937,-0.6046975554700355,0.9801611372058415,75.8
-0.45446806118581407,-1.24371467417774,-0.24807964400940152,0.7691690015412614,0.7062897797380849,0.7050954873078139,-0.3252071002831591,0.49162761779937786,0.43067992746329803,0.5147202372141214,76.4
-0.45446806118581407,-0.2224904681090678,0.6766779055061899,0.5785602216666998,0.4920480161838313,0.49298872614073286,-0.3252071002831591,3.0545962863052893,3.0962262133129435,-0.6699842257002548,77.0
-0.45446806118581407,-0.5791084448314613,-0.07153502092006135,0.7691690015412614,0.7062897797380849,0.7050954873078139,-0.3252071002831591,0.6714850682208454,0.6950316252335107,0.3276616378065884,74.7
2.200374647650189,-0.5466886287657892,-0.2564865308231796,0.6166819776416121,0.5348963688946821,0.5354100783741491,-0.3252071002831591,-0.7673745351508944,-0.7589027125026597,0.9511903024983656,77.8
-0.45446806118581407,0.5069553933685552,-0.2564865308231796,0.1592209059426643,0.234957899918727,0.0687752038065707,-0.3252071002831591,-0.7898567164535778,-0.7809320206501774,-1.6988065224416875,66.2
-0.45446806118581407,-0.6439480769628055,-0.2564865308231796,0.5404384656917876,0.4491996634729806,0.40814602167390046,-0.3252071002831591,-0.025462552162341095,-0.09802346807712765,0.23413233810282216,76.5
-0.45446806118581407,0.028763106399891245,1.584621681394225,0.6548037336165246,0.10641284178617486,0.11119655603998693,-0.3252071002831591,-0.4975883595186931,3.6029003007058518,-1.4182186233303875,65.8
-0.45446806118581407,-0.23059542212548584,-0.1724176626853986,0.006733882043014999,0.14926119449702557,0.0687752038065707,-0.3252071002831591,0.4241810738913276,0.3645920030207447,-0.6388077924656661,72.6
-0.45446806118581407,-1.1545601799971417,-0.1808245494991767,0.4641949537419629,-3.1500619642384797,0.3657246694404842,-0.30517730609546934,-0.8348210790589446,-0.8470199450927306,0.5458966704487107,68.7
-0.45446806118581407,0.10981264656407158,-0.23967275719562342,0.4641949537419629,0.4063513107621299,0.3657246694404842,-0.30517730609546934,-0.744892353848211,-0.7589027125026597,0.35883807104117715,73.5
-0.45446806118581407,1.406605289190957,-0.06312813410628325,0.5785602216666998,0.5777447216055328,0.49298872614073286,0.13547816603370547,0.6490028869181619,0.6289437007909575,-1.0752778577499102,56.2
2.200374647650189,-0.7979422032747482,-0.2564865308231796,0.7310472455663491,0.6634414270272342,0.6626741350743978,-0.3252071002831591,-0.6999279912428441,-0.648756171765071,1.2006017683750767,81.4
-0.45446806118581407,-1.235609720161322,-0.2564865308231796,0.3117079298423136,0.234957899918727,0.19603926050681936,-0.3252071002831591,-0.2502843651891754,-0.25222862510975186,1.0135431689675436,75.1
-0.45446806118581407,1.4471300592730472,1.4753321528151098,-0.06950962990680964,-1.136189386828496,-1.6280788855300778,0.3958654904736724,1.480843595117449,1.3779401778065603,-1.9482179883183983,56.0
2.200374647650189,-1.2761344902434122,-0.2564865308231796,-0.4507271896559329,0.7062897797380849,0.7050954873078139,-0.3252071002831591,-0.8123388977562612,-0.8029613287976952,1.2317782016096654,83.0
2.200374647650189,-1.1545601799971417,-0.2564865308231796,0.5785602216666998,0.6205930743163834,0.5354100783741491,-0.3252071002831591,-0.3626952717025926,-0.36237516584734053,1.0135431689675436,71.4
2.200374647650189,-0.6682629390120597,-0.2564865308231796,0.38795144179213825,0.14926119449702557,-3.1128262136996456,-0.3252071002831591,-1.0371607107830956,-1.0232544102728724,1.9176597327706202,79.1
-0.45446806118581407,0.06118292246556338,-0.07153502092006135,0.5023167097168753,0.4063513107621299,0.40814602167390046,-0.30517730609546934,2.6049526602516204,2.6336107422150707,-0.015279127773888937,68.4
2.200374647650189,-0.8708867894225105,-0.24807964400940152,0.5785602216666998,0.5348963688946821,0.5354100783741491,-0.3252071002831591,-0.8797854416643115,-0.891078561387766,1.8864832995360319,81.9
-0.45446806118581407,0.11791760058048961,-0.2564865308231796,-0.41260543368102054,-0.664857507009138,-3.1976689181664777,-0.3252071002831591,-0.7224101725455274,-0.7368734043551419,-0.6076313592310774,69.1
-0.45446806118581407,-0.20628056007623174,-0.029500586851170827,0.5785602216666998,0.5348963688946821,0.5354100783741491,-0.3252071002831591,0.5590741617074283,0.6069143926434399,-0.20233772718142198,72.0
-0.45446806118581407,-0.984356145652363,0.525353942858184,-0.10763138588172197,-0.5791608015874367,-3.1976689181664777,2.098397996427302,-0.16035563997844163,-0.18614070066719868,-2.0729237212567533,49.0
-0.45446806118581407,0.215177048777506,-0.2564865308231796,-0.10763138588172197,0.3635029580512792,0.3657246694404842,-0.24508792353240003,0.33425234868059395,0.43067992746329803,-0.015279127773888937,69.3
-0.45446806118581407,0.9122030941894569,0.19748535712083795,-0.2982401657562836,-1.3075827976718988,-1.3311294198961643,-0.04478998165550239,1.5033257764201324,1.4440281022491137,-2.6029230862447643,54.5
-0.45446806118581407,0.45832566927004703,-0.2564865308231796,0.7310472455663491,0.4063513107621299,0.3657246694404842,-0.3252071002831591,-0.13787345867575826,-0.20817000881471634,0.35883807104117715,67.8
-0.45446806118581407,-0.0036567096657808915,-0.2564865308231796,0.08297739399283964,-0.2792223326114816,-0.2281742618273428,-0.3252071002831591,-1.059642892085779,-1.0452837184203903,-0.10880842747765573,69.4
-0.45446806118581407,0.44211576123721097,-0.2564865308231796,0.19734266191757663,-0.7505542124308395,-0.6099664319280887,0.015299400907566912,-0.29524872779454225,-0.318316549552305,-0.32704346011977753,67.7
2.200374647650189,-0.8222570653240023,-0.2564865308231796,0.5404384656917876,0.6205930743163834,0.6202527828409815,-0.3252071002831591,-0.9022676229669949,-0.8690492532402484,0.45236737074494393,78.9
-0.45446806118581407,0.8635733700909487,0.281554225258619,-0.6413359695304945,-1.0504926814067945,-0.864494545328586,-0.3252071002831591,2.8297744732784547,2.7657865911001775,-0.6388077924656661,59.9
2.200374647650189,-0.16575578999414156,-0.2564865308231796,0.7691690015412614,0.6634414270272342,0.7050954873078139,-0.3252071002831591,-0.7673745351508944,-0.7368734043551419,0.48354380397953267,73.8
2.200374647650189,-0.6358431229463876,-0.2564865308231796,0.12559904543917821,0.27780625262957775,0.2808819649736518,-0.3252071002831591,-0.8573032603616281,-0.891078561387766,1.4811896674863765,78.9
-0.45446806118581407,-1.24371467417774,-0.08834879454761756,0.7310472455663491,0.7062897797380849,0.7050954873078139,-0.3252071002831591,0.3117701673779104,0.27647477043067387,-0.4205727598235443,72.8
-0.45446806118581407,2.2089957368163424,0.36562309339640003,-0.22199665380645894,-0.3220706853223323,-0.39785967076100764,2.5590832627441666,0.8738246999449965,0.8492367822661351,-1.1999835906882659,52.4
-0.45446806118581407,-0.23870037614190387,-0.2564865308231796,-0.5650924575806698,-0.7505542124308395,-0.7796518408617537,-0.3252071002831591,-0.7673745351508944,-0.7809320206501774,-0.389396326588955,71.6
-0.45446806118581407,1.7308034498476783,0.4328781879066249,0.006733882043014999,-0.19352562718978017,-0.14333155736051037,1.277176434732022,0.2668058047725435,0.254445462283156,-0.389396326588955,57.5
-0.45446806118581407,0.9040981401730389,0.20589224393461605,-0.2982401657562836,-0.2363739799006309,-0.39785967076100764,-0.024760187467812608,0.9187890625503632,0.8492367822661351,-1.5429243562687431,56.0
-0.45446806118581407,-0.13333597392846944,-0.23126587038184532,0.3117079298423136,0.020716136364473427,0.19603926050681936,-0.3252071002831591,-0.6549636286374771,-0.648756171765071,0.07825017192987786,73.6
-0.45446806118581407,0.215177048777506,1.080208472567539,-0.4888489456308452,-0.19352562718978017,-0.4402810229944239,-0.3252071002831591,-0.6999279912428441,-0.6928147880601065,-0.35821989335436627,67.3
-0.45446806118581407,0.16654732467899783,-0.021093700037392724,0.7691690015412614,0.7062897797380849,0.7050954873078139,-0.30517730609546934,-0.34021309039990916,-0.36237516584734053,-0.4205727598235443,67.4
-0.45446806118581407,-0.5628985367986252,-0.11356945498895187,0.7691690015412614,0.7062897797380849,0.7050954873078139,-0.3252071002831591,0.33425234868059395,0.27647477043067387,0.015897305460699812,74.3
-0.45446806118581407,0.9527278642715471,-0.10516256817517376,0.6929254895914368,0.6205930743163834,0.6202527828409815,0.3958654904736724,0.4016988925886442,0.3645920030207447,-0.5141020595273106,68.0
-0.45446806118581407,-0.20628056007623174,-0.206045209940511,0.6548037336165246,0.7062897797380849,0.5778314306075653,-0.3252071002831591,-0.0029803708596575404,-0.009906235487056637,-0.10173128462173259,76.0
-0.45446806118581407,0.920308048205875,1.7527594176697872,-0.18387489783154662,-0.2363739799006309,-0.35543831852759145,-0.024760187467812608,-0.8348210790589446,-0.8690492532402484,-0.8851385831215677,57.9
-0.45446806118581407,-0.3035400082732481,-0.22285898356806721,0.6166819776416121,0.5348963688946821,0.5354100783741491,-0.3252071002831591,-0.22780218388649198,-0.25222862510975186,0.5458966704487107,72.4
-0.45446806118581407,-0.4170093645031006,-0.2564865308231796,-2.661789036200848,0.4063513107621299,0.3657246694404842,-0.3252071002831591,-0.38517745300527595,-0.38440447399485816,-0.13998486071224447,74.9
2.200374647650189,-0.6358431229463876,-0.2564865308231796,0.6929254895914368,0.6205930743163834,0.6202527828409815,-0.3252071002831591,-0.6999279912428441,-0.6928147880601065,0.9801611372058415,78.8
2.200374647650189,0.4826405313193011,-0.2564865308231796,0.6548037336165246,0.5777447216055328,0.5778314306075653,-0.3252071002831591,-0.45262399691332633,-0.4504923984374114,1.3876603677826098,71.1
-0.45446806118581407,3.424738839279047,0.0629751681003883,0.7691690015412614,0.7062897797380849,0.7050954873078139,3.8810496791316917,0.5365919804047448,0.47473854375833335,-0.7635135254040216,47.1
-0.45446806118581407,0.709579243779006,-0.24807964400940152,-0.03138787393189733,-0.19352562718978017,-0.18575290959392657,0.07538878347063621,0.15439489825912633,0.10024030525053204,-1.792335822145454,63.0
-0.45446806118581407,0.7987337379596045,0.23951979118972846,0.5785602216666998,0.4920480161838313,0.49298872614073286,0.25565693115984406,0.6939672495235288,0.6289437007909575,-0.2958670268851888,62.1
-0.45446806118581407,1.64164895566708,3.9301431024383158,-1.2512840651290917,-1.564672913937003,-1.5432361810632456,0.43592507884905185,-0.7898567164535778,-0.8249906369452128,-0.7011606589348436,53.2
-0.45446806118581407,-0.6601579849956416,-0.24807964400940152,-2.661789036200848,-3.1500619642384797,0.3657246694404842,-0.3252071002831591,-0.9022676229669949,-0.9131078695352839,0.6706024033870658,78.7
-0.45446806118581407,0.4259058532043749,-0.2564865308231796,0.006733882043014999,0.5777447216055328,-0.2281742618273428,-0.3252071002831591,-1.059642892085779,-1.0452837184203903,-0.10880842747765573,64.6
-0.45446806118581407,0.7825238299267684,-0.1808245494991767,-2.69991079217576,-3.1929103169493303,-3.155247565933062,-0.10487936421857169,0.4691454364966945,0.43067992746329803,-0.7635135254040216,67.0
-0.45446806118581407,1.3336607030431946,-0.15560388905784237,-0.5650924575806698,-1.5218245612261525,-2.179556464564489,0.2957165195352236,0.806378156036946,0.7831488578235817,-0.5764549259964886,54.0
-0.45446806118581407,-0.21438551409264978,-0.23126587038184532,0.7691690015412614,0.7062897797380849,0.7050954873078139,-0.3252071002831591,2.290202122014053,2.215053887412234,0.6082495369178882,74.9
-0.45446806118581407,-1.219399812128486,-0.22285898356806721,0.6166819776416121,0.4920480161838313,0.49298872614073286,-0.3252071002831591,1.0311999690637803,0.9593833230037238,-0.015279127773888937,72.9
-0.45446806118581407,-0.20628056007623174,-0.2564865308231796,-0.7938229934301438,-3.2786070223710317,-0.7372304886283374,-0.3252071002831591,-1.059642892085779,-1.067313026567908,0.2653087713374109,73.0
2.200374647650189,-0.8952016514717646,-0.2564865308231796,0.6166819776416121,0.6205930743163834,0.6202527828409815,-0.3252071002831591,-0.9247498042696785,-0.9131078695352839,0.7953081363254213,81.7
-0.45446806118581407,-1.1626651340135596,0.07978894172794451,0.3498296858172259,0.234957899918727,0.23846061274023558,-0.28514751190777954,1.7955941333550172,1.7964970326093976,-0.919395691576966,66.4
-0.45446806118581407,0.920308048205875,-0.13879011543028616,-2.814276060100497,-1.0933410341176453,-1.3311294198961643,-0.3252071002831591,-0.7673745351508944,-0.7589027125026597,-1.2623364571574434,58.1
-0.45446806118581407,-0.011761663682198926,-0.1808245494991767,-0.2982401657562836,-0.40776739074403373,-0.4827023752278401,-0.3252071002831591,-0.744892353848211,-0.7368734043551419,0.1094266051644666,73.6
-0.45446806118581407,-0.2224904681090678,-0.004279926409836519,-0.03138787393189733,0.5777447216055328,0.7050954873078139,-0.30517730609546934,2.40261302852747,2.479405585182447,-0.35821989335436627,74.0
-0.45446806118581407,-0.1495458819613055,-0.05472124729250514,-2.661789036200848,0.3635029580512792,0.3657246694404842,-0.3252071002831591,0.3792167112859607,0.32053338672570936,-0.857042825107788,69.9
-0.45446806118581407,0.6609495196804979,-0.24807964400940152,0.5404384656917876,-0.15067727447892945,0.23846061274023558,-0.12490915840626142,0.2218414421671768,0.18835753784060286,-0.35821989335436627,65.4
-0.45446806118581407,1.390395381158121,-0.23126587038184532,-2.928641328025234,-1.7789146774912568,-2.05229240786424,0.03532919509525665,-0.7224101725455274,-0.7368734043551419,-3.756451115924552,52.7
-0.45446806118581407,0.10981264656407158,-0.2564865308231796,0.4641949537419629,0.4920480161838313,0.49298872614073286,-0.3252071002831591,-1.059642892085779,-1.0452837184203903,-0.4205727598235443,67.9
-0.45446806118581407,0.19896714074466995,2.912909797971165,-0.26011840978137124,-0.6220091542982873,-0.7372304886283374,-0.3252071002831591,3.8414726318992094,3.8452226903285465,-2.0729237212567533,63.0
2.200374647650189,-0.7979422032747482,-0.2564865308231796,0.5023167097168753,0.4063513107621299,0.40814602167390046,-0.3252071002831591,-1.0146785294804122,-1.0232544102728724,2.2294240651165085,81.6
2.200374647650189,-0.6682629390120597,-0.2564865308231796,0.6166819776416121,0.27780625262957775,0.2808819649736518,-0.3252071002831591,-1.0371607107830956,-1.0452837184203903,1.5747189671901434,78.3
-0.45446806118581407,0.7663139218939323,-0.12197634180272997,-2.7761543041255847,-0.7934025651416902,-0.8220731930951698,0.13547816603370547,-0.16035563997844163,-0.16411139251968082,-1.1376307242190877,62.1
-0.45446806118581407,-0.5466886287657892,1.979745361641796,0.6166819776416121,0.7062897797380849,0.6202527828409815,-0.3252071002831591,-0.09290909607039136,-0.20817000881471634,-0.04645556100847768,74.5
-0.45446806118581407,0.6285297036148257,-0.23967275719562342,0.3498296858172259,0.234957899918727,0.23846061274023558,0.095418577658326,0.8288603373396294,0.7831488578235817,-0.10880842747765573,65.9
-0.45446806118581407,0.15033741664616176,-0.08834879454761756,0.7691690015412614,0.7062897797380849,0.7050954873078139,-0.30517730609546934,-0.43014181561064285,-0.4064337821423759,-0.04645556100847768,68.3
2.200374647650189,-0.74931247917624,-0.23126587038184532,0.12559904543917821,0.5348963688946821,0.5354100783741491,-0.3252071002831591,-0.9247498042696785,-0.9791957939778371,0.9801611372058415,86.0
-0.45446806118581407,0.8716783241073668,0.18067158349328175,-0.2982401657562836,-0.6220091542982873,-0.652387784161505,-0.08484957003088191,1.4133970512093985,1.3338815615115251,-2.5093937865409974,56.0
-0.45446806118581407,-0.7331025711434039,-0.2564865308231796,0.5404384656917876,0.4063513107621299,0.45056737390731666,-0.3252071002831591,0.041983991745709166,-0.07599415992960999,0.1094266051644666,77.5
-0.45446806118581407,-0.35216973237175636,-0.24807964400940152,0.6166819776416121,0.5777447216055328,0.5354100783741491,-0.3252071002831591,-0.6549636286374771,-0.6267268636175533,0.20295590486823284,74.4
-0.45446806118581407,1.3255557490267766,0.054568281286610204,-0.8319447494050561,-1.5218245612261525,-1.5432361810632456,0.25565693115984406,-0.8123388977562612,-0.8029613287976952,-2.2599823206642866,52.5
-0.45446806118581407,-1.1464552259807237,-0.24807964400940152,0.3498296858172259,0.1921095472078763,0.19603926050681936,-0.18499854096933072,0.4241810738913276,0.3645920030207447,-0.2958670268851888,63.2
-0.45446806118581407,-0.5547935827822071,-0.2564865308231796,0.12559904543917821,0.6205930743163834,0.7050954873078139,-0.3252071002831591,-0.9022676229669949,-0.9131078695352839,1.6058954004247314,79.3
-0.45446806118581407,-0.31164496228966615,-0.22285898356806721,0.6548037336165246,0.6205930743163834,0.6202527828409815,-0.3252071002831591,0.604038524312795,0.5408264682008868,0.29648520457199967,74.8
-0.45446806118581407,0.44211576123721097,0.20589224393461605,0.38795144179213825,0.06356448907532414,0.2808819649736518,-0.3252071002831591,-0.8797854416643115,1.0475005555937944,-0.10880842747765573,68.1
-0.45446806118581407,0.4259058532043749,-0.2564865308231796,0.7310472455663491,0.6205930743163834,0.6626741350743978,-0.28514751190777954,0.131912716956443,0.07821099710301418,-0.5452784927618993,66.0
-0.45446806118581407,-0.4170093645031006,-0.2564865308231796,0.5404384656917876,0.4491996634729806,0.45056737390731666,-0.3252071002831591,-0.22780218388649198,-0.23019931696223409,0.9200138692637768,74.2
-0.45446806118581407,1.4552350132894651,0.14704403623816933,0.4641949537419629,-0.8790992705633917,-0.864494545328586,0.3758356962859827,1.4133970512093985,-0.6928147880601065,-2.665275952713942,56.0
-0.45446806118581407,-0.7006827550777318,-0.23967275719562342,0.27358617386740125,0.6634414270272342,0.6626741350743978,-0.3252071002831591,-0.9472319855723618,-0.9571664858303194,1.3253075013134321,82.4
-0.45446806118581407,1.1958764847640881,-0.07153502092006135,0.6548037336165246,0.5777447216055328,0.5778314306075653,-0.10487936421857169,0.5815563430101116,0.5628557763484043,-0.5452784927618993,58.0
-0.45446806118581407,-0.3359598243389203,-0.24807964400940152,0.5785602216666998,0.4920480161838313,0.49298872614073286,-0.3252071002831591,-0.6999279912428441,-0.7148440962076241,0.6706024033870658,75.2
-0.45446806118581407,1.0743021745178176,-0.2144520967542891,0.3117079298423136,-0.2363739799006309,-0.2281742618273428,0.856550756790537,0.806378156036946,0.7611195496760641,-1.012924991280732,55.6
-0.45446806118581407,-0.2954350542568301,-0.23126587038184532,0.6548037336165246,0.6205930743163834,0.6202527828409815,-0.3252071002831591,0.6490028869181619,0.584885084495922,0.2653087713374109,74.6
-0.45446806118581407,-0.741207525159822,-0.2564865308231796,0.6548037336165246,0.7062897797380849,0.7050954873078139,-0.3252071002831591,-0.9247498042696785,-0.9351371776828016,1.6058954004247314,88.0
-0.45446806118581407,0.028763106399891245,-0.2564865308231796,0.7310472455663491,0.6634414270272342,0.6626741350743978,-0.3252071002831591,0.6490028869181619,0.6069143926434399,0.23413233810282216,71.9
2.200374647650189,-1.235609720161322,-0.23967275719562342,0.6548037336165246,0.5348963688946821,0.7050954873078139,-0.3252071002831591,-0.6549636286374771,-0.6267268636175533,1.0447196022021323,77.1
2.200374647650189,-0.741207525159822,-0.2564865308231796,0.6166819776416121,0.5777447216055328,0.5778314306075653,-0.3252071002831591,-0.6324814473347937,-0.648756171765071,0.20295590486823284,79.3
-0.45446806118581407,1.4390251052566292,-0.1976383231267329,0.19734266191757663,0.6634414270272342,0.6626741350743978,0.015299400907566912,1.0536821503664637,1.0254712474462768,-2.197629454195109,59.1
-0.45446806118581407,0.22328200279392404,-0.22285898356806721,0.1592209059426643,0.10641284178617486,0.026353851573154497,-0.26511771772008974,-0.6099992660321103,-0.6267268636175533,-0.6076313592310774,73.0
-0.45446806118581407,-1.1788750420463958,-0.11356945498895187,0.6929254895914368,0.6634414270272342,0.6626741350743978,-0.3252071002831591,-0.0029803708596575404,-0.05396485178209214,0.7329552698562438,75.2
-0.45446806118581407,1.6011241855849898,0.13023026261061313,-1.5943798689033026,-1.6503696193587045,-1.9250283511639914,0.2356271369721543,0.8513425186423127,0.7831488578235817,-1.4805714897995654,52.6
-0.45446806118581407,-1.1383502719643057,-0.23126587038184532,0.08297739399283964,-0.06498056905722802,-0.05848885289367794,-0.26511771772008974,-0.6549636286374771,-0.6707854799125887,-0.07763199424306644,73.0
-0.45446806118581407,0.06118292246556338,-0.22285898356806721,0.27358617386740125,0.14926119449702557,0.15361790827340313,-0.3252071002831591,-0.54255272212406,-0.5606389391750001,-0.13998486071224447,79.0
-0.45446806118581407,-1.3247642143419205,-0.2564865308231796,0.5785602216666998,0.5348963688946821,0.49298872614073286,-0.3252071002831591,-0.2502843651891754,-0.2742579332572695,1.0135431689675436,75.4
-0.45446806118581407,0.1422324626297437,-0.2564865308231796,0.5785602216666998,0.7062897797380849,0.49298872614073286,-0.3252071002831591,-0.8573032603616281,-0.8249906369452128,-0.7946899586386104,68.8
-0.45446806118581407,0.669054473696916,-0.05472124729250514,-0.9463100173297931,0.1921095472078763,0.19603926050681936,-0.2050283351570205,1.5033257764201324,1.4440281022491137,-1.8235122553800427,59.7
-0.45446806118581407,3.2383248969014327,-0.23126587038184532,0.5404384656917876,0.234957899918727,0.19603926050681936,8.407783165549578,0.4466632551940111,0.47473854375833335,-0.6699842257002548,47.8
-0.45446806118581407,-1.1869799960628138,-0.24807964400940152,0.7310472455663491,0.5777447216055328,0.6626741350743978,-0.3252071002831591,0.4466632551940111,0.4086506193157802,0.1094266051644666,75.4
2.200374647650189,-0.011761663682198926,-0.24807964400940152,0.5785602216666998,0.4920480161838313,0.45056737390731666,-0.3252071002831591,-0.54255272212406,-0.5386096310274824,0.2653087713374109,71.1
-0.45446806118581407,0.15033741664616176,-0.1724176626853986,0.3498296858172259,-0.2792223326114816,0.026353851573154497,-0.28514751190777954,-0.2502843651891754,-0.23019931696223409,-0.4205727598235443,65.9
-0.45446806118581407,2.3305700470626127,0.2647404516310628,-0.06950962990680964,-0.2792223326114816,-0.2281742618273428,0.8164911684151575,0.4691454364966945,0.43067992746329803,-0.8851385831215677,49.4
-0.45446806118581407,0.19896714074466995,-0.029500586851170827,0.12109914996775197,-0.02213221634637729,-0.01606750066026172,-0.30517730609546934,2.7173635667650378,2.7878158992476956,-0.6076313592310774,67.0
-0.45446806118581407,1.406605289190957,0.15545092305194744,0.4641949537419629,-0.5791608015874367,-0.5675450796946725,0.2957165195352236,1.3684326886040319,-0.7368734043551419,-2.6340995194793533,51.0
-0.45446806118581407,0.9527278642715471,0.21429913074839416,-0.18387489783154662,-0.2792223326114816,-0.35543831852759145,-0.00473039328012287,1.0087177877610969,0.9593833230037238,-1.761159388910865,55.0
-0.45446806118581407,-0.14144092794488747,0.012533847217719689,-0.6794577255054068,-3.235758669660181,-0.5675450796946725,-0.3252071002831591,0.08694835435107608,0.03415238080797867,-0.48292562629272184,76.0
-0.45446806118581407,-0.21438551409264978,-0.23126587038184532,0.6166819776416121,0.5777447216055328,0.5778314306075653,-0.3252071002831591,0.9862356064584136,0.915324706708688,0.015897305460699812,73.1
-0.45446806118581407,-1.1950849500792318,-0.2564865308231796,0.7691690015412614,0.7062897797380849,0.7050954873078139,-0.28514751190777954,-0.29524872779454225,-0.29628724140478724,0.39001450427576645,71.9
-0.45446806118581407,-0.20628056007623174,-0.03790747366494893,0.7310472455663491,0.7062897797380849,0.6626741350743978,-0.3252071002831591,0.5590741617074283,0.6069143926434399,-0.20233772718142198,72.2
2.200374647650189,0.5150603473849733,-0.2564865308231796,0.6548037336165246,0.6205930743163834,0.6202527828409815,-0.3252071002831591,-0.47510617821600976,-0.4725217065849292,0.6706024033870658,69.9
2.200374647650189,-0.4332192725359367,-0.021093700037392724,0.5023167097168753,0.4063513107621299,0.5778314306075653,-0.3252071002831591,-0.9472319855723618,-0.9571664858303194,0.12062082783594635,77.5
-0.45446806118581407,-0.2468053301583219,-0.2564865308231796,0.7310472455663491,0.6205930743163834,0.6626741350743978,-0.30517730609546934,-0.3626952717025926,-0.36237516584734053,0.5458966704487107,75.9
-0.45446806118581407,0.4826405313193011,-0.2564865308231796,0.6548037336165246,0.1921095472078763,-0.01606750066026172,-0.04478998165550239,0.6939672495235288,0.6950316252335107,-0.857042825107788,62.6
2.200374647650189,-0.7249976171269858,-0.2564865308231796,0.6166819776416121,0.4491996634729806,0.45056737390731666,-0.3252071002831591,-1.0371607107830956,-1.0452837184203903,1.8241304330668533,79.8
-0.45446806118581407,2.5331938974730637,-0.11356945498895187,-1.2131623091541794,-1.564672913937003,-1.5856575332966616,1.3172360231074016,0.9862356064584136,0.9373540148562057,-1.792335822145454,47.6
-0.45446806118581407,-1.1221403639314695,0.0629751681003883,0.4641949537419629,0.3635029580512792,0.3657246694404842,-0.22505812934471028,0.6939672495235288,0.5628557763484043,-1.3558657568612098,59.9
2.200374647650189,-0.6520530309792236,-0.23967275719562342,0.1592209059426643,0.5348963688946821,0.5778314306075653,-0.3252071002831591,-0.9697141668750453,-0.9791957939778371,1.1382489019058986,79.4
-0.45446806118581407,0.10170769254765355,0.2563335648172847,0.6929254895914368,0.6205930743163834,0.6202527828409815,-0.3252071002831591,-0.34021309039990916,-0.34034585769982273,-0.26469059365060005,68.7
-0.45446806118581407,0.4015909911551208,-0.2564865308231796,0.19734266191757663,0.06356448907532414,0.11119655603998693,-0.16496874678164097,-0.3177309090972257,-0.318316549552305,-0.2958670268851888,68.3
-0.45446806118581407,1.3985003351745389,-0.23126587038184532,-2.928641328025234,-3.3214553750818827,-1.840185646697159,0.6362230207259497,1.0986465129718308,1.0695298637413124,-1.0441014245153215,54.4
-0.45446806118581407,-0.011761663682198926,-0.2144520967542891,0.6929254895914368,0.6634414270272342,0.6626741350743978,-0.16496874678164097,-0.54255272212406,-0.5606389391750001,-0.45174919305813305,72.5
-0.45446806118581407,-0.5710034908150433,-0.23126587038184532,-1.6706233808531272,0.7062897797380849,0.6626741350743978,-0.3252071002831591,-0.9697141668750453,-0.9571664858303194,1.075896035436721,82.0
-0.45446806118581407,-0.13333597392846944,0.15545092305194744,0.6548037336165246,0.5777447216055328,0.5354100783741491,-0.3252071002831591,-0.47510617821600976,-0.4725217065849292,0.6706024033870658,74.5
-0.45446806118581407,-0.13333597392846944,-0.1892314363129548,0.7691690015412614,0.7062897797380849,0.7050954873078139,-0.3252071002831591,0.6265207056154786,0.6069143926434399,0.48354380397953267,74.9
-0.45446806118581407,1.374185473125285,0.020940734031497793,-0.8319447494050561,-0.7505542124308395,-3.240090270399894,0.2155973427844645,1.0311999690637803,1.003441939298759,-2.16645302096052,54.0
-0.45446806118581407,0.9527278642715471,-0.1892314363129548,0.7691690015412614,0.7062897797380849,0.7050954873078139,-0.3252071002831591,-0.54255272212406,-0.5165803228799646,0.3276616378065884,64.4
-0.45446806118581407,1.5605994155028997,0.12182337579683503,0.19734266191757663,0.020716136364473427,0.0687752038065707,0.3558059020982929,0.15439489825912633,0.12226961339804969,-0.5141020595273106,57.3
-0.45446806118581407,-0.06849634179712516,-0.2564865308231796,0.6166819776416121,0.5348963688946821,0.5354100783741491,-0.3252071002831591,-0.6549636286374771,-0.648756171765071,1.2629546348442546,74.9
-0.45446806118581407,-1.0735106398329615,-0.1976383231267329,-1.3656493330538286,-1.5218245612261525,-1.5856575332966616,-0.3252071002831591,0.3117701673779104,0.254445462283156,0.14060303839905536,62.8
-0.45446806118581407,0.2557018188595962,-0.15560388905784237,0.5785602216666998,0.4920480161838313,0.49298872614073286,-0.26511771772008974,-0.8123388977562612,-0.8029613287976952,-0.48292562629272184,77.0
-0.45446806118581407,0.7419990598446782,-0.13038322861650806,0.6929254895914368,0.6634414270272342,0.6202527828409815,-0.30517730609546934,-0.587517084729427,-0.5386096310274824,0.5147202372141214,68.4
-0.45446806118581407,-1.24371467417774,-0.2564865308231796,0.4641949537419629,0.3635029580512792,0.3657246694404842,-0.3252071002831591,-0.2502843651891754,-0.25222862510975186,1.0135431689675436,75.2
-0.45446806118581407,0.05307796844914534,-0.2564865308231796,0.6548037336165246,0.4920480161838313,0.5354100783741491,-0.3252071002831591,-0.54255272212406,-0.5386096310274824,0.1094266051644666,74.2
-0.45446806118581407,-1.227504766144904,0.0461613944728321,0.6166819776416121,0.5348963688946821,0.5354100783741491,-0.3252071002831591,-0.7224101725455274,-0.7368734043551419,0.14060303839905536,75.7
-0.45446806118581407,-1.1788750420463958,-0.22285898356806721,0.5404384656917876,0.5777447216055328,0.5778314306075653,-0.3252071002831591,0.3567345299832773,0.32053338672570936,0.39001450427576645,73.5
2.200374647650189,-0.5872133988478794,-0.2564865308231796,0.12559904543917821,0.4491996634729806,0.45056737390731666,-0.3252071002831591,-0.8348210790589446,-0.8690492532402484,1.418836801017199,78.1
-0.45446806118581407,-0.8303620193404203,-0.2564865308231796,0.7691690015412614,0.7062897797380849,0.7050954873078139,-0.3252071002831591,1.9529694024738011,1.9286728814945036,0.20295590486823284,78.2
-0.45446806118581407,0.13412750861332567,0.7859674340853052,0.23546441789248895,0.14926119449702557,0.11119655603998693,-0.28514751190777954,-0.7673745351508944,-0.8029613287976952,0.2653087713374109,68.7
-0.45446806118581407,0.004448244350637142,-0.2564865308231796,-0.6794577255054068,-0.664857507009138,-0.6099664319280887,-0.3252071002831591,-0.744892353848211,-0.7589027125026597,-0.45174919305813305,69.9
-0.45446806118581407,0.8959931861566208,-0.22285898356806721,0.3117079298423136,0.1921095472078763,0.19603926050681936,0.2957165195352236,0.49162761779937786,0.4527092356108157,-0.8882192583423772,58.9
-0.45446806118581407,-0.3035400082732481,0.15545092305194744,0.6929254895914368,0.6634414270272342,0.6202527828409815,-0.3252071002831591,-0.6774458099401607,-0.6928147880601065,-0.13998486071224447,75.0
-0.45446806118581407,0.5150603473849733,-0.24807964400940152,0.6929254895914368,0.5777447216055328,-3.1128262136996456,-0.3252071002831591,-0.45262399691332633,-0.4064337821423759,0.9801611372058415,68.9
-0.45446806118581407,0.09360273853123552,-0.2564865308231796,0.38795144179213825,0.27780625262957775,0.2808819649736518,-0.26511771772008974,-0.3177309090972257,-0.318316549552305,0.20295590486823284,71.6
-0.45446806118581407,-0.3926945024538465,-0.07994190773383945,0.6166819776416121,0.5348963688946821,0.5354100783741491,-0.3252071002831591,0.2218414421671768,0.18835753784060286,0.6082495369178882,74.9
-0.45446806118581407,0.3772761291058667,-0.23126587038184532,0.6548037336165246,0.5777447216055328,0.5778314306075653,-0.30517730609546934,-0.6999279912428441,-0.7148440962076241,0.2653087713374109,75.0
-0.45446806118581407,2.346779955095449,0.5842021505546308,0.6166819776416121,0.5348963688946821,0.5354100783741491,1.8179808777996456,0.6490028869181619,0.6289437007909575,-0.8851385831215677,51.5
-0.45446806118581407,3.1978001268193426,0.054568281286610204,0.3117079298423136,0.234957899918727,0.19603926050681936,3.520513383753276,0.49162761779937786,0.4527092356108157,-0.7323370921694329,48.5
-0.45446806118581407,3.2545348049342686,-0.22285898356806721,0.4641949537419629,0.27780625262957775,0.3657246694404842,3.3001856476886884,0.604038524312795,0.5408264682008868,-0.389396326588955,49.4
2.200374647650189,-0.8708867894225105,-0.2564865308231796,0.6929254895914368,0.6205930743163834,0.6202527828409815,-0.3252071002831591,-0.6099992660321103,-0.6046975554700355,1.0447196022021323,82.7
2.200374647650189,0.4178008991879569,-0.2564865308231796,0.7691690015412614,0.7062897797380849,0.7050954873078139,-0.3252071002831591,-0.54255272212406,-0.5386096310274824,1.2006017683750767,76.0
-0.45446806118581407,-0.027971571715034994,-0.2564865308231796,-0.7557012374552314,-0.664857507009138,-0.6099664319280887,-0.3252071002831591,-0.744892353848211,-0.7589027125026597,-0.45174919305813305,71.0
-0.45446806118581407,-0.1495458819613055,-0.2564865308231796,-2.5474237682761105,-1.2218860922501973,-2.3916632257315698,-0.3252071002831591,-1.059642892085779,-1.0452837184203903,0.2653087713374109,72.5
-0.45446806118581407,0.08549778451481747,-0.2564865308231796,0.5785602216666998,0.4920480161838313,0.49298872614073286,-0.30517730609546934,-0.3177309090972257,-0.34034585769982273,0.23413233810282216,71.0
-0.45446806118581407,0.49074548533571916,-0.2564865308231796,0.6548037336165246,-3.1500619642384797,0.40814602167390046,-0.04478998165550239,0.6490028869181619,0.6289437007909575,-0.8258663918731991,62.8
-0.45446806118581407,-1.1869799960628138,-0.2564865308231796,-2.661789036200848,0.5348963688946821,0.5354100783741491,-0.3252071002831591,-0.587517084729427,-0.5826682473225179,0.29648520457199967,74.7
-0.45446806118581407,-1.20318990409565,-0.24807964400940152,0.3498296858172259,0.27780625262957775,0.2808819649736518,-0.3252071002831591,-0.6549636286374771,-0.6707854799125887,0.1717794716336441,78.0
-0.45446806118581407,0.26380677287601423,-0.2564865308231796,-2.661789036200848,-3.1500619642384797,-3.1128262136996456,-0.16496874678164097,0.4016988925886442,0.4967678519058512,-0.10880842747765573,69.1
-0.45446806118581407,-1.1383502719643057,-0.2564865308231796,0.5785602216666998,0.4063513107621299,0.49298872614073286,-0.3252071002831591,-1.0821250733884624,-1.067313026567908,-0.04645556100847768,65.7
-0.45446806118581407,2.5007740814073918,0.16385780986572554,-0.10763138588172197,-0.2363739799006309,-0.14333155736051037,4.361764739636246,0.8963068812476798,-0.7148440962076241,0.2653087713374109,55.3
-0.45446806118581407,-0.5710034908150433,-0.1892314363129548,0.7310472455663491,0.6634414270272342,0.6626741350743978,-0.3252071002831591,0.5365919804047448,0.5408264682008868,0.39001450427576645,73.7
2.200374647650189,-0.7817322952419121,-0.2564865308231796,0.3498296858172259,0.6634414270272342,0.6626741350743978,-0.3252071002831591,-0.9022676229669949,-0.8690492532402484,0.14060303839905536,78.4
-0.45446806118581407,-1.0329858697508711,0.2479266780035066,-0.22199665380645894,-1.264734444961048,-1.670500237763494,0.15550796022139524,1.3684326886040319,-0.6707854799125887,-2.384688053602642,49.8
-0.45446806118581407,0.4826405313193011,-0.1976383231267329,0.7691690015412614,0.7062897797380849,0.7050954873078139,-0.3252071002831591,-0.587517084729427,-0.5386096310274824,0.7329552698562438,68.5
2.200374647650189,-0.16575578999414156,-0.23967275719562342,0.7310472455663491,0.7062897797380849,0.7050954873078139,-0.3252071002831591,-0.587517084729427,-0.5606389391750001,0.9200138692637768,75.2
-0.45446806118581407,0.5069553933685552,-0.24807964400940152,0.4641949537419629,0.4063513107621299,0.3657246694404842,-0.18499854096933072,0.4016988925886442,0.34256269487322705,-0.2958670268851888,63.5
-0.45446806118581407,-0.16575578999414156,0.8784431890368644,0.6929254895914368,0.6205930743163834,0.6202527828409815,-0.3252071002831591,3.18948937412139,3.250431370345568,-1.1376307242190877,69.5
-0.45446806118581407,-0.01986661769861696,2.7615858353231593,-0.26011840978137124,-0.4506157434548845,-0.4402810229944239,-0.3252071002831591,3.2569359180294395,3.272460678493086,-1.324689323626621,66.2
-0.45446806118581407,-0.1738607440105596,-0.2564865308231796,0.6929254895914368,-0.06498056905722802,0.6202527828409815,-0.3252071002831591,-0.2502843651891754,-0.25222862510975186,1.169425335140488,73.5
-0.45446806118581407,-1.1788750420463958,-0.2564865308231796,0.6548037336165246,0.5777447216055328,0.5778314306075653,-0.30517730609546934,0.131912716956443,0.07821099710301418,-0.26469059365060005,67.5
2.200374647650189,-1.227504766144904,-0.06312813410628325,0.5023167097168753,0.4491996634729806,0.5354100783741491,-0.3252071002831591,-0.9247498042696785,-0.9571664858303194,0.12062082783594635,79.3
2.200374647650189,-0.2224904681090678,-0.2564865308231796,0.12559904543917821,0.7062897797380849,0.7050954873078139,-0.3252071002831591,-0.7224101725455274,-0.7368734043551419,1.169425335140488,75.6
-0.45446806118581407,-1.2761344902434122,-0.23967275719562342,-0.8700665053799684,0.234957899918727,0.2808819649736518,-0.3252071002831591,-0.9921963481777287,-1.0012251021253546,1.2006017683750767,81.2
-0.45446806118581407,-0.10902111187921533,-0.1892314363129548,0.12109914996775197,0.6205930743163834,0.19603926050681936,-0.28514751190777954,-0.7673745351508944,-0.7809320206501774,0.1717794716336441,74.4
2.200374647650189,-0.9195165135210187,-0.2564865308231796,0.12559904543917821,0.5777447216055328,0.5778314306075653,-0.3252071002831591,-1.0146785294804122,-1.0232544102728724,1.2006017683750767,83.2
-0.45446806118581407,-0.5953183528642974,-0.24807964400940152,0.7310472455663491,0.6634414270272342,0.6626741350743978,-0.3252071002831591,-0.7673745351508944,-0.7368734043551419,0.04707373869528856,76.1
-0.45446806118581407,-1.0329858697508711,0.18907847030705985,0.19734266191757663,0.020716136364473427,0.0687752038065707,0.7564017858520882,0.2668058047725435,0.27647477043067387,-0.7323370921694329,55.3
2.200374647650189,-0.6682629390120597,-0.2564865308231796,0.6166819776416121,0.14926119449702557,0.15361790827340313,-0.3252071002831591,-1.0371607107830956,-1.0452837184203903,1.4811896674863765,78.0
-0.45446806118581407,-0.2468053301583219,-0.1808245494991767,0.08297739399283964,0.10641284178617486,0.026353851573154497,-0.3252071002831591,0.3792167112859607,0.32053338672570936,-0.5452784927618993,73.0
-0.45446806118581407,-1.0573007318001253,0.08819582854172262,-2.69991079217576,-0.06498056905722802,-3.155247565933062,0.2957165195352236,0.7838959747342626,0.7390902415285464,-1.3558657568612098,58.3
2.200374647650189,-0.74931247917624,-0.23967275719562342,0.6166819776416121,0.5777447216055328,0.45056737390731666,-0.3252071002831591,-0.9921963481777287,-0.9791957939778371,0.9823667357329543,80.0
-0.45446806118581407,0.22328200279392404,-0.2564865308231796,-2.814276060100497,0.5777447216055328,0.5778314306075653,0.05535898928294643,0.3567345299832773,0.4527092356108157,-0.04645556100847768,69.2
-0.45446806118581407,0.8230486000088586,0.18067158349328175,-0.5650924575806698,-0.7077058597199888,-0.7796518408617537,-0.04478998165550239,0.6265207056154786,0.5628557763484043,-1.1376307242190877,58.2
-0.45446806118581407,1.0499873124685635,-0.13879011543028616,0.19734266191757663,0.06356448907532414,0.0687752038065707,-0.00473039328012287,0.4691454364966945,0.4086506193157802,-0.015279127773888937,58.9
-0.45446806118581407,0.13412750861332567,-0.23967275719562342,0.5023167097168753,0.4491996634729806,0.40814602167390046,-0.28514751190777954,-0.744892353848211,-0.7368734043551419,0.35883807104117715,73.0
-0.45446806118581407,1.5524944614864815,-0.23126587038184532,0.12109914996775197,-0.06498056905722802,0.15361790827340313,2.699291822057995,1.5932545016308661,1.5541746429867025,-0.23351416041601072,60.0
2.200374647650189,-0.6439480769628055,-0.2564865308231796,0.27358617386740125,0.14926119449702557,0.15361790827340313,-0.3252071002831591,-0.7224101725455274,-0.6707854799125887,0.8888374360291881,79.4
-0.45446806118581407,2.8736019661626213,-0.004279926409836519,0.27358617386740125,-1.9074597356238088,-1.8826069989305751,-0.04478998165550239,-0.8573032603616281,-0.8249906369452128,-1.5741007895033319,41.0
-0.45446806118581407,3.521998287476064,0.14704403623816933,0.4641949537419629,0.14926119449702557,-3.1128262136996456,4.682241446639282,0.6714850682208454,0.6069143926434399,-0.6076313592310774,43.5
-0.45446806118581407,4.28386396501936,-0.23967275719562342,-2.661789036200848,0.5777447216055328,0.5778314306075653,6.0442674514021855,-0.6774458099401607,-0.6928147880601065,-0.07763199424306644,46.4
2.200374647650189,-0.7979422032747482,-0.23126587038184532,0.1618176052626944,0.6634414270272342,0.6626741350743978,-0.3252071002831591,-0.6999279912428441,-0.7589027125026597,0.9200138692637768,82.7
-0.45446806118581407,2.0063718864058915,0.2479266780035066,0.19734266191757663,-0.4506157434548845,-0.39785967076100764,1.197057257981263,0.5141097991020613,0.5187971600533688,-1.2311600239228546,51.8
2.200374647650189,-0.6277381689299695,-0.2564865308231796,0.12559904543917821,0.5777447216055328,0.5778314306075653,-0.3252071002831591,-0.744892353848211,-0.7368734043551419,1.5123661007209648,79.5
-0.45446806118581407,-0.3359598243389203,-0.07994190773383945,0.6929254895914368,0.7062897797380849,0.7050954873078139,-0.3252071002831591,0.33425234868059395,0.2985040785781915,-0.5452784927618993,71.8
2.200374647650189,0.16654732467899783,-0.24807964400940152,0.12559904543917821,0.7062897797380849,0.7050954873078139,-0.3252071002831591,-0.6099992660321103,-0.6046975554700355,0.6706024033870658,72.3
-0.45446806118581407,0.15033741664616176,0.8280018681541957,0.1592209059426643,0.06356448907532414,0.026353851573154497,-0.28514751190777954,-0.7673745351508944,-0.7809320206501774,0.1717794716336441,68.5
-0.45446806118581407,2.13605115066858,0.39084375383773434,-0.22199665380645894,-3.1929103169493303,-0.01606750066026172,3.280155853500999,0.9637534251557298,0.915324706708688,-1.1376307242190877,51.9
-0.45446806118581407,-0.6358431229463876,-0.2564865308231796,0.12559904543917821,0.7062897797380849,0.7050954873078139,-0.3252071002831591,-0.9022676229669949,-0.9131078695352839,1.5123661007209648,83.0
